player,team,prop_type,actual
Sam Alexis,IU,Points,5.0
Sam Alexis,IU,Rebounds,3.0
Sam Alexis,IU,Assists,0.0
Sam Alexis,IU,Blocked Shots,2.0
Sam Alexis,IU,Steals,0.0
Sam Alexis,IU,Turnovers,0.0
Sam Alexis,IU,FG Made,2.0
Sam Alexis,IU,FG Attempted,8.0
Sam Alexis,IU,3-PT Made,0.0
Sam Alexis,IU,3-PT Attempted,0.0
Sam Alexis,IU,Two Pointers Made,2.0
Sam Alexis,IU,Two Pointers Attempted,8.0
Sam Alexis,IU,Free Throws Made,1.0
Sam Alexis,IU,Free Throws Attempted,4.0
Sam Alexis,IU,Offensive Rebounds,0.0
Sam Alexis,IU,Defensive Rebounds,3.0
Sam Alexis,IU,Personal Fouls,2.0
Sam Alexis,IU,Fantasy Score,12.8
Sam Alexis,IU,Pts+Rebs+Asts,8.0
Sam Alexis,IU,PRA,8.0
Sam Alexis,IU,Pts+Rebs,8.0
Sam Alexis,IU,Pts+Asts,5.0
Sam Alexis,IU,Rebs+Asts,3.0
Sam Alexis,IU,Blks+Stls,2.0
Tucker DeVries,IU,Points,11.0
Tucker DeVries,IU,Rebounds,2.0
Tucker DeVries,IU,Assists,2.0
Tucker DeVries,IU,Blocked Shots,0.0
Tucker DeVries,IU,Steals,0.0
Tucker DeVries,IU,Turnovers,1.0
Tucker DeVries,IU,FG Made,4.0
Tucker DeVries,IU,FG Attempted,6.0
Tucker DeVries,IU,3-PT Made,3.0
Tucker DeVries,IU,3-PT Attempted,4.0
Tucker DeVries,IU,Two Pointers Made,1.0
Tucker DeVries,IU,Two Pointers Attempted,2.0
Tucker DeVries,IU,Free Throws Made,0.0
Tucker DeVries,IU,Free Throws Attempted,0.0
Tucker DeVries,IU,Offensive Rebounds,0.0
Tucker DeVries,IU,Defensive Rebounds,2.0
Tucker DeVries,IU,Personal Fouls,2.0
Tucker DeVries,IU,Fantasy Score,22.0
Tucker DeVries,IU,Pts+Rebs+Asts,15.0
Tucker DeVries,IU,PRA,15.0
Tucker DeVries,IU,Pts+Rebs,13.0
Tucker DeVries,IU,Pts+Asts,13.0
Tucker DeVries,IU,Rebs+Asts,4.0
Tucker DeVries,IU,Blks+Stls,0.0
Nick Dorn,IU,Points,0.0
Nick Dorn,IU,Rebounds,1.0
Nick Dorn,IU,Assists,0.0
Nick Dorn,IU,Blocked Shots,0.0
Nick Dorn,IU,Steals,0.0
Nick Dorn,IU,Turnovers,0.0
Nick Dorn,IU,FG Made,0.0
Nick Dorn,IU,FG Attempted,2.0
Nick Dorn,IU,3-PT Made,0.0
Nick Dorn,IU,3-PT Attempted,2.0
Nick Dorn,IU,Two Pointers Made,0.0
Nick Dorn,IU,Two Pointers Attempted,0.0
Nick Dorn,IU,Free Throws Made,0.0
Nick Dorn,IU,Free Throws Attempted,0.0
Nick Dorn,IU,Offensive Rebounds,0.0
Nick Dorn,IU,Defensive Rebounds,1.0
Nick Dorn,IU,Personal Fouls,3.0
Nick Dorn,IU,Fantasy Score,1.2
Nick Dorn,IU,Pts+Rebs+Asts,1.0
Nick Dorn,IU,PRA,1.0
Nick Dorn,IU,Pts+Rebs,1.0
Nick Dorn,IU,Pts+Asts,0.0
Nick Dorn,IU,Rebs+Asts,1.0
Nick Dorn,IU,Blks+Stls,0.0
Lamar Wilkerson,IU,Points,20.0
Lamar Wilkerson,IU,Rebounds,2.0
Lamar Wilkerson,IU,Assists,1.0
Lamar Wilkerson,IU,Blocked Shots,0.0
Lamar Wilkerson,IU,Steals,0.0
Lamar Wilkerson,IU,Turnovers,3.0
Lamar Wilkerson,IU,FG Made,7.0
Lamar Wilkerson,IU,FG Attempted,13.0
Lamar Wilkerson,IU,3-PT Made,2.0
Lamar Wilkerson,IU,3-PT Attempted,7.0
Lamar Wilkerson,IU,Two Pointers Made,5.0
Lamar Wilkerson,IU,Two Pointers Attempted,6.0
Lamar Wilkerson,IU,Free Throws Made,4.0
Lamar Wilkerson,IU,Free Throws Attempted,4.0
Lamar Wilkerson,IU,Offensive Rebounds,0.0
Lamar Wilkerson,IU,Defensive Rebounds,2.0
Lamar Wilkerson,IU,Personal Fouls,2.0
Lamar Wilkerson,IU,Fantasy Score,28.0
Lamar Wilkerson,IU,Pts+Rebs+Asts,23.0
Lamar Wilkerson,IU,PRA,23.0
Lamar Wilkerson,IU,Pts+Rebs,22.0
Lamar Wilkerson,IU,Pts+Asts,21.0
Lamar Wilkerson,IU,Rebs+Asts,3.0
Lamar Wilkerson,IU,Blks+Stls,0.0
Conor Enright,IU,Points,3.0
Conor Enright,IU,Rebounds,2.0
Conor Enright,IU,Assists,2.0
Conor Enright,IU,Blocked Shots,0.0
Conor Enright,IU,Steals,0.0
Conor Enright,IU,Turnovers,0.0
Conor Enright,IU,FG Made,1.0
Conor Enright,IU,FG Attempted,2.0
Conor Enright,IU,3-PT Made,1.0
Conor Enright,IU,3-PT Attempted,1.0
Conor Enright,IU,Two Pointers Made,0.0
Conor Enright,IU,Two Pointers Attempted,1.0
Conor Enright,IU,Free Throws Made,0.0
Conor Enright,IU,Free Throws Attempted,0.0
Conor Enright,IU,Offensive Rebounds,0.0
Conor Enright,IU,Defensive Rebounds,2.0
Conor Enright,IU,Personal Fouls,5.0
Conor Enright,IU,Fantasy Score,9.0
Conor Enright,IU,Pts+Rebs+Asts,7.0
Conor Enright,IU,PRA,7.0
Conor Enright,IU,Pts+Rebs,5.0
Conor Enright,IU,Pts+Asts,5.0
Conor Enright,IU,Rebs+Asts,4.0
Conor Enright,IU,Blks+Stls,0.0
Reed Bailey,IU,Points,10.0
Reed Bailey,IU,Rebounds,2.0
Reed Bailey,IU,Assists,0.0
Reed Bailey,IU,Blocked Shots,0.0
Reed Bailey,IU,Steals,0.0
Reed Bailey,IU,Turnovers,2.0
Reed Bailey,IU,FG Made,4.0
Reed Bailey,IU,FG Attempted,4.0
Reed Bailey,IU,3-PT Made,0.0
Reed Bailey,IU,3-PT Attempted,0.0
Reed Bailey,IU,Two Pointers Made,4.0
Reed Bailey,IU,Two Pointers Attempted,4.0
Reed Bailey,IU,Free Throws Made,2.0
Reed Bailey,IU,Free Throws Attempted,4.0
Reed Bailey,IU,Offensive Rebounds,1.0
Reed Bailey,IU,Defensive Rebounds,1.0
Reed Bailey,IU,Personal Fouls,4.0
Reed Bailey,IU,Fantasy Score,16.0
Reed Bailey,IU,Pts+Rebs+Asts,12.0
Reed Bailey,IU,PRA,12.0
Reed Bailey,IU,Pts+Rebs,12.0
Reed Bailey,IU,Pts+Asts,10.0
Reed Bailey,IU,Rebs+Asts,2.0
Reed Bailey,IU,Blks+Stls,0.0
Trent Sisley,IU,Points,0.0
Trent Sisley,IU,Rebounds,0.0
Trent Sisley,IU,Assists,0.0
Trent Sisley,IU,Blocked Shots,0.0
Trent Sisley,IU,Steals,0.0
Trent Sisley,IU,Turnovers,1.0
Trent Sisley,IU,FG Made,0.0
Trent Sisley,IU,FG Attempted,0.0
Trent Sisley,IU,3-PT Made,0.0
Trent Sisley,IU,3-PT Attempted,0.0
Trent Sisley,IU,Two Pointers Made,0.0
Trent Sisley,IU,Two Pointers Attempted,0.0
Trent Sisley,IU,Free Throws Made,0.0
Trent Sisley,IU,Free Throws Attempted,0.0
Trent Sisley,IU,Offensive Rebounds,0.0
Trent Sisley,IU,Defensive Rebounds,0.0
Trent Sisley,IU,Personal Fouls,1.0
Trent Sisley,IU,Fantasy Score,-0.5
Trent Sisley,IU,Pts+Rebs+Asts,0.0
Trent Sisley,IU,PRA,0.0
Trent Sisley,IU,Pts+Rebs,0.0
Trent Sisley,IU,Pts+Asts,0.0
Trent Sisley,IU,Rebs+Asts,0.0
Trent Sisley,IU,Blks+Stls,0.0
Aleksa Ristic,IU,Points,0.0
Aleksa Ristic,IU,Rebounds,0.0
Aleksa Ristic,IU,Assists,0.0
Aleksa Ristic,IU,Blocked Shots,0.0
Aleksa Ristic,IU,Steals,0.0
Aleksa Ristic,IU,Turnovers,0.0
Aleksa Ristic,IU,FG Made,0.0
Aleksa Ristic,IU,FG Attempted,0.0
Aleksa Ristic,IU,3-PT Made,0.0
Aleksa Ristic,IU,3-PT Attempted,0.0
Aleksa Ristic,IU,Two Pointers Made,0.0
Aleksa Ristic,IU,Two Pointers Attempted,0.0
Aleksa Ristic,IU,Free Throws Made,0.0
Aleksa Ristic,IU,Free Throws Attempted,0.0
Aleksa Ristic,IU,Offensive Rebounds,0.0
Aleksa Ristic,IU,Defensive Rebounds,0.0
Aleksa Ristic,IU,Personal Fouls,0.0
Aleksa Ristic,IU,Fantasy Score,0.0
Aleksa Ristic,IU,Pts+Rebs+Asts,0.0
Aleksa Ristic,IU,PRA,0.0
Aleksa Ristic,IU,Pts+Rebs,0.0
Aleksa Ristic,IU,Pts+Asts,0.0
Aleksa Ristic,IU,Rebs+Asts,0.0
Aleksa Ristic,IU,Blks+Stls,0.0
Tayton Conerway,IU,Points,12.0
Tayton Conerway,IU,Rebounds,2.0
Tayton Conerway,IU,Assists,7.0
Tayton Conerway,IU,Blocked Shots,0.0
Tayton Conerway,IU,Steals,0.0
Tayton Conerway,IU,Turnovers,3.0
Tayton Conerway,IU,FG Made,5.0
Tayton Conerway,IU,FG Attempted,7.0
Tayton Conerway,IU,3-PT Made,0.0
Tayton Conerway,IU,3-PT Attempted,2.0
Tayton Conerway,IU,Two Pointers Made,5.0
Tayton Conerway,IU,Two Pointers Attempted,5.0
Tayton Conerway,IU,Free Throws Made,2.0
Tayton Conerway,IU,Free Throws Attempted,3.0
Tayton Conerway,IU,Offensive Rebounds,0.0
Tayton Conerway,IU,Defensive Rebounds,2.0
Tayton Conerway,IU,Personal Fouls,2.0
Tayton Conerway,IU,Fantasy Score,28.0
Tayton Conerway,IU,Pts+Rebs+Asts,21.0
Tayton Conerway,IU,PRA,21.0
Tayton Conerway,IU,Pts+Rebs,14.0
Tayton Conerway,IU,Pts+Asts,19.0
Tayton Conerway,IU,Rebs+Asts,9.0
Tayton Conerway,IU,Blks+Stls,0.0
Jasai Miles,IU,Points,3.0
Jasai Miles,IU,Rebounds,1.0
Jasai Miles,IU,Assists,1.0
Jasai Miles,IU,Blocked Shots,0.0
Jasai Miles,IU,Steals,0.0
Jasai Miles,IU,Turnovers,1.0
Jasai Miles,IU,FG Made,1.0
Jasai Miles,IU,FG Attempted,4.0
Jasai Miles,IU,3-PT Made,1.0
Jasai Miles,IU,3-PT Attempted,4.0
Jasai Miles,IU,Two Pointers Made,0.0
Jasai Miles,IU,Two Pointers Attempted,0.0
Jasai Miles,IU,Free Throws Made,0.0
Jasai Miles,IU,Free Throws Attempted,0.0
Jasai Miles,IU,Offensive Rebounds,0.0
Jasai Miles,IU,Defensive Rebounds,1.0
Jasai Miles,IU,Personal Fouls,1.0
Jasai Miles,IU,Fantasy Score,5.8
Jasai Miles,IU,Pts+Rebs+Asts,5.0
Jasai Miles,IU,PRA,5.0
Jasai Miles,IU,Pts+Rebs,4.0
Jasai Miles,IU,Pts+Asts,4.0
Jasai Miles,IU,Rebs+Asts,2.0
Jasai Miles,IU,Blks+Stls,0.0
Trey Kaufman-Renn,PUR,Points,20.0
Trey Kaufman-Renn,PUR,Rebounds,6.0
Trey Kaufman-Renn,PUR,Assists,5.0
Trey Kaufman-Renn,PUR,Blocked Shots,0.0
Trey Kaufman-Renn,PUR,Steals,0.0
Trey Kaufman-Renn,PUR,Turnovers,0.0
Trey Kaufman-Renn,PUR,FG Made,8.0
Trey Kaufman-Renn,PUR,FG Attempted,10.0
Trey Kaufman-Renn,PUR,3-PT Made,0.0
Trey Kaufman-Renn,PUR,3-PT Attempted,0.0
Trey Kaufman-Renn,PUR,Two Pointers Made,8.0
Trey Kaufman-Renn,PUR,Two Pointers Attempted,10.0
Trey Kaufman-Renn,PUR,Free Throws Made,4.0
Trey Kaufman-Renn,PUR,Free Throws Attempted,8.0
Trey Kaufman-Renn,PUR,Offensive Rebounds,4.0
Trey Kaufman-Renn,PUR,Defensive Rebounds,2.0
Trey Kaufman-Renn,PUR,Personal Fouls,1.0
Trey Kaufman-Renn,PUR,Fantasy Score,39.5
Trey Kaufman-Renn,PUR,Pts+Rebs+Asts,31.0
Trey Kaufman-Renn,PUR,PRA,31.0
Trey Kaufman-Renn,PUR,Pts+Rebs,26.0
Trey Kaufman-Renn,PUR,Pts+Asts,25.0
Trey Kaufman-Renn,PUR,Rebs+Asts,11.0
Trey Kaufman-Renn,PUR,Blks+Stls,0.0
Oscar Cluff,PUR,Points,6.0
Oscar Cluff,PUR,Rebounds,8.0
Oscar Cluff,PUR,Assists,3.0
Oscar Cluff,PUR,Blocked Shots,1.0
Oscar Cluff,PUR,Steals,1.0
Oscar Cluff,PUR,Turnovers,1.0
Oscar Cluff,PUR,FG Made,3.0
Oscar Cluff,PUR,FG Attempted,3.0
Oscar Cluff,PUR,3-PT Made,0.0
Oscar Cluff,PUR,3-PT Attempted,0.0
Oscar Cluff,PUR,Two Pointers Made,3.0
Oscar Cluff,PUR,Two Pointers Attempted,3.0
Oscar Cluff,PUR,Free Throws Made,0.0
Oscar Cluff,PUR,Free Throws Attempted,0.0
Oscar Cluff,PUR,Offensive Rebounds,0.0
Oscar Cluff,PUR,Defensive Rebounds,8.0
Oscar Cluff,PUR,Personal Fouls,1.0
Oscar Cluff,PUR,Fantasy Score,24.0
Oscar Cluff,PUR,Pts+Rebs+Asts,17.0
Oscar Cluff,PUR,PRA,17.0
Oscar Cluff,PUR,Pts+Rebs,14.0
Oscar Cluff,PUR,Pts+Asts,9.0
Oscar Cluff,PUR,Rebs+Asts,11.0
Oscar Cluff,PUR,Blks+Stls,2.0
C.J. Cox,PUR,Points,2.0
C.J. Cox,PUR,Rebounds,2.0
C.J. Cox,PUR,Assists,1.0
C.J. Cox,PUR,Blocked Shots,0.0
C.J. Cox,PUR,Steals,0.0
C.J. Cox,PUR,Turnovers,0.0
C.J. Cox,PUR,FG Made,1.0
C.J. Cox,PUR,FG Attempted,3.0
C.J. Cox,PUR,3-PT Made,0.0
C.J. Cox,PUR,3-PT Attempted,1.0
C.J. Cox,PUR,Two Pointers Made,1.0
C.J. Cox,PUR,Two Pointers Attempted,2.0
C.J. Cox,PUR,Free Throws Made,0.0
C.J. Cox,PUR,Free Throws Attempted,0.0
C.J. Cox,PUR,Offensive Rebounds,0.0
C.J. Cox,PUR,Defensive Rebounds,2.0
C.J. Cox,PUR,Personal Fouls,0.0
C.J. Cox,PUR,Fantasy Score,6.0
C.J. Cox,PUR,Pts+Rebs+Asts,5.0
C.J. Cox,PUR,PRA,5.0
C.J. Cox,PUR,Pts+Rebs,4.0
C.J. Cox,PUR,Pts+Asts,3.0
C.J. Cox,PUR,Rebs+Asts,3.0
C.J. Cox,PUR,Blks+Stls,0.0
Braden Smith,PUR,Points,15.0
Braden Smith,PUR,Rebounds,2.0
Braden Smith,PUR,Assists,8.0
Braden Smith,PUR,Blocked Shots,0.0
Braden Smith,PUR,Steals,3.0
Braden Smith,PUR,Turnovers,1.0
Braden Smith,PUR,FG Made,5.0
Braden Smith,PUR,FG Attempted,10.0
Braden Smith,PUR,3-PT Made,1.0
Braden Smith,PUR,3-PT Attempted,2.0
Braden Smith,PUR,Two Pointers Made,4.0
Braden Smith,PUR,Two Pointers Attempted,8.0
Braden Smith,PUR,Free Throws Made,4.0
Braden Smith,PUR,Free Throws Attempted,4.0
Braden Smith,PUR,Offensive Rebounds,0.0
Braden Smith,PUR,Defensive Rebounds,2.0
Braden Smith,PUR,Personal Fouls,1.0
Braden Smith,PUR,Fantasy Score,40.0
Braden Smith,PUR,Pts+Rebs+Asts,25.0
Braden Smith,PUR,PRA,25.0
Braden Smith,PUR,Pts+Rebs,17.0
Braden Smith,PUR,Pts+Asts,23.0
Braden Smith,PUR,Rebs+Asts,10.0
Braden Smith,PUR,Blks+Stls,3.0
Fletcher Loyer,PUR,Points,18.0
Fletcher Loyer,PUR,Rebounds,1.0
Fletcher Loyer,PUR,Assists,2.0
Fletcher Loyer,PUR,Blocked Shots,0.0
Fletcher Loyer,PUR,Steals,0.0
Fletcher Loyer,PUR,Turnovers,0.0
Fletcher Loyer,PUR,FG Made,5.0
Fletcher Loyer,PUR,FG Attempted,5.0
Fletcher Loyer,PUR,3-PT Made,4.0
Fletcher Loyer,PUR,3-PT Attempted,4.0
Fletcher Loyer,PUR,Two Pointers Made,1.0
Fletcher Loyer,PUR,Two Pointers Attempted,1.0
Fletcher Loyer,PUR,Free Throws Made,4.0
Fletcher Loyer,PUR,Free Throws Attempted,4.0
Fletcher Loyer,PUR,Offensive Rebounds,0.0
Fletcher Loyer,PUR,Defensive Rebounds,1.0
Fletcher Loyer,PUR,Personal Fouls,1.0
Fletcher Loyer,PUR,Fantasy Score,28.8
Fletcher Loyer,PUR,Pts+Rebs+Asts,21.0
Fletcher Loyer,PUR,PRA,21.0
Fletcher Loyer,PUR,Pts+Rebs,19.0
Fletcher Loyer,PUR,Pts+Asts,20.0
Fletcher Loyer,PUR,Rebs+Asts,3.0
Fletcher Loyer,PUR,Blks+Stls,0.0
Liam Murphy,PUR,Points,0.0
Liam Murphy,PUR,Rebounds,2.0
Liam Murphy,PUR,Assists,0.0
Liam Murphy,PUR,Blocked Shots,0.0
Liam Murphy,PUR,Steals,0.0
Liam Murphy,PUR,Turnovers,0.0
Liam Murphy,PUR,FG Made,0.0
Liam Murphy,PUR,FG Attempted,1.0
Liam Murphy,PUR,3-PT Made,0.0
Liam Murphy,PUR,3-PT Attempted,1.0
Liam Murphy,PUR,Two Pointers Made,0.0
Liam Murphy,PUR,Two Pointers Attempted,0.0
Liam Murphy,PUR,Free Throws Made,0.0
Liam Murphy,PUR,Free Throws Attempted,0.0
Liam Murphy,PUR,Offensive Rebounds,0.0
Liam Murphy,PUR,Defensive Rebounds,2.0
Liam Murphy,PUR,Personal Fouls,1.0
Liam Murphy,PUR,Fantasy Score,2.5
Liam Murphy,PUR,Pts+Rebs+Asts,2.0
Liam Murphy,PUR,PRA,2.0
Liam Murphy,PUR,Pts+Rebs,2.0
Liam Murphy,PUR,Pts+Asts,0.0
Liam Murphy,PUR,Rebs+Asts,2.0
Liam Murphy,PUR,Blks+Stls,0.0
Daniel Jacobsen,PUR,Points,6.0
Daniel Jacobsen,PUR,Rebounds,3.0
Daniel Jacobsen,PUR,Assists,1.0
Daniel Jacobsen,PUR,Blocked Shots,0.0
Daniel Jacobsen,PUR,Steals,0.0
Daniel Jacobsen,PUR,Turnovers,3.0
Daniel Jacobsen,PUR,FG Made,2.0
Daniel Jacobsen,PUR,FG Attempted,2.0
Daniel Jacobsen,PUR,3-PT Made,0.0
Daniel Jacobsen,PUR,3-PT Attempted,0.0
Daniel Jacobsen,PUR,Two Pointers Made,2.0
Daniel Jacobsen,PUR,Two Pointers Attempted,2.0
Daniel Jacobsen,PUR,Free Throws Made,2.0
Daniel Jacobsen,PUR,Free Throws Attempted,4.0
Daniel Jacobsen,PUR,Offensive Rebounds,2.0
Daniel Jacobsen,PUR,Defensive Rebounds,1.0
Daniel Jacobsen,PUR,Personal Fouls,5.0
Daniel Jacobsen,PUR,Fantasy Score,9.8
Daniel Jacobsen,PUR,Pts+Rebs+Asts,10.0
Daniel Jacobsen,PUR,PRA,10.0
Daniel Jacobsen,PUR,Pts+Rebs,9.0
Daniel Jacobsen,PUR,Pts+Asts,7.0
Daniel Jacobsen,PUR,Rebs+Asts,4.0
Daniel Jacobsen,PUR,Blks+Stls,0.0
Omer Mayer,PUR,Points,18.0
Omer Mayer,PUR,Rebounds,1.0
Omer Mayer,PUR,Assists,2.0
Omer Mayer,PUR,Blocked Shots,0.0
Omer Mayer,PUR,Steals,1.0
Omer Mayer,PUR,Turnovers,0.0
Omer Mayer,PUR,FG Made,6.0
Omer Mayer,PUR,FG Attempted,8.0
Omer Mayer,PUR,3-PT Made,4.0
Omer Mayer,PUR,3-PT Attempted,5.0
Omer Mayer,PUR,Two Pointers Made,2.0
Omer Mayer,PUR,Two Pointers Attempted,3.0
Omer Mayer,PUR,Free Throws Made,2.0
Omer Mayer,PUR,Free Throws Attempted,2.0
Omer Mayer,PUR,Offensive Rebounds,0.0
Omer Mayer,PUR,Defensive Rebounds,1.0
Omer Mayer,PUR,Personal Fouls,2.0
Omer Mayer,PUR,Fantasy Score,30.8
Omer Mayer,PUR,Pts+Rebs+Asts,21.0
Omer Mayer,PUR,PRA,21.0
Omer Mayer,PUR,Pts+Rebs,19.0
Omer Mayer,PUR,Pts+Asts,20.0
Omer Mayer,PUR,Rebs+Asts,3.0
Omer Mayer,PUR,Blks+Stls,1.0
Jack Lusk,PUR,Points,0.0
Jack Lusk,PUR,Rebounds,0.0
Jack Lusk,PUR,Assists,0.0
Jack Lusk,PUR,Blocked Shots,0.0
Jack Lusk,PUR,Steals,0.0
Jack Lusk,PUR,Turnovers,0.0
Jack Lusk,PUR,FG Made,0.0
Jack Lusk,PUR,FG Attempted,0.0
Jack Lusk,PUR,3-PT Made,0.0
Jack Lusk,PUR,3-PT Attempted,0.0
Jack Lusk,PUR,Two Pointers Made,0.0
Jack Lusk,PUR,Two Pointers Attempted,0.0
Jack Lusk,PUR,Free Throws Made,0.0
Jack Lusk,PUR,Free Throws Attempted,0.0
Jack Lusk,PUR,Offensive Rebounds,0.0
Jack Lusk,PUR,Defensive Rebounds,0.0
Jack Lusk,PUR,Personal Fouls,0.0
Jack Lusk,PUR,Fantasy Score,0.0
Jack Lusk,PUR,Pts+Rebs+Asts,0.0
Jack Lusk,PUR,PRA,0.0
Jack Lusk,PUR,Pts+Rebs,0.0
Jack Lusk,PUR,Pts+Asts,0.0
Jack Lusk,PUR,Rebs+Asts,0.0
Jack Lusk,PUR,Blks+Stls,0.0
Aaron Fine,PUR,Points,2.0
Aaron Fine,PUR,Rebounds,0.0
Aaron Fine,PUR,Assists,1.0
Aaron Fine,PUR,Blocked Shots,0.0
Aaron Fine,PUR,Steals,0.0
Aaron Fine,PUR,Turnovers,0.0
Aaron Fine,PUR,FG Made,1.0
Aaron Fine,PUR,FG Attempted,1.0
Aaron Fine,PUR,3-PT Made,0.0
Aaron Fine,PUR,3-PT Attempted,0.0
Aaron Fine,PUR,Two Pointers Made,1.0
Aaron Fine,PUR,Two Pointers Attempted,1.0
Aaron Fine,PUR,Free Throws Made,0.0
Aaron Fine,PUR,Free Throws Attempted,0.0
Aaron Fine,PUR,Offensive Rebounds,0.0
Aaron Fine,PUR,Defensive Rebounds,0.0
Aaron Fine,PUR,Personal Fouls,1.0
Aaron Fine,PUR,Fantasy Score,3.5
Aaron Fine,PUR,Pts+Rebs+Asts,3.0
Aaron Fine,PUR,PRA,3.0
Aaron Fine,PUR,Pts+Rebs,2.0
Aaron Fine,PUR,Pts+Asts,3.0
Aaron Fine,PUR,Rebs+Asts,1.0
Aaron Fine,PUR,Blks+Stls,0.0
Jace Rayl,PUR,Points,0.0
Jace Rayl,PUR,Rebounds,0.0
Jace Rayl,PUR,Assists,0.0
Jace Rayl,PUR,Blocked Shots,0.0
Jace Rayl,PUR,Steals,0.0
Jace Rayl,PUR,Turnovers,0.0
Jace Rayl,PUR,FG Made,0.0
Jace Rayl,PUR,FG Attempted,0.0
Jace Rayl,PUR,3-PT Made,0.0
Jace Rayl,PUR,3-PT Attempted,0.0
Jace Rayl,PUR,Two Pointers Made,0.0
Jace Rayl,PUR,Two Pointers Attempted,0.0
Jace Rayl,PUR,Free Throws Made,0.0
Jace Rayl,PUR,Free Throws Attempted,0.0
Jace Rayl,PUR,Offensive Rebounds,0.0
Jace Rayl,PUR,Defensive Rebounds,0.0
Jace Rayl,PUR,Personal Fouls,0.0
Jace Rayl,PUR,Fantasy Score,0.0
Jace Rayl,PUR,Pts+Rebs+Asts,0.0
Jace Rayl,PUR,PRA,0.0
Jace Rayl,PUR,Pts+Rebs,0.0
Jace Rayl,PUR,Pts+Asts,0.0
Jace Rayl,PUR,Rebs+Asts,0.0
Jace Rayl,PUR,Blks+Stls,0.0
Jack Benter,PUR,Points,0.0
Jack Benter,PUR,Rebounds,1.0
Jack Benter,PUR,Assists,1.0
Jack Benter,PUR,Blocked Shots,0.0
Jack Benter,PUR,Steals,1.0
Jack Benter,PUR,Turnovers,1.0
Jack Benter,PUR,FG Made,0.0
Jack Benter,PUR,FG Attempted,3.0
Jack Benter,PUR,3-PT Made,0.0
Jack Benter,PUR,3-PT Attempted,3.0
Jack Benter,PUR,Two Pointers Made,0.0
Jack Benter,PUR,Two Pointers Attempted,0.0
Jack Benter,PUR,Free Throws Made,0.0
Jack Benter,PUR,Free Throws Attempted,1.0
Jack Benter,PUR,Offensive Rebounds,0.0
Jack Benter,PUR,Defensive Rebounds,1.0
Jack Benter,PUR,Personal Fouls,2.0
Jack Benter,PUR,Fantasy Score,4.2
Jack Benter,PUR,Pts+Rebs+Asts,2.0
Jack Benter,PUR,PRA,2.0
Jack Benter,PUR,Pts+Rebs,1.0
Jack Benter,PUR,Pts+Asts,1.0
Jack Benter,PUR,Rebs+Asts,2.0
Jack Benter,PUR,Blks+Stls,1.0
Gicarri Harris,PUR,Points,6.0
Gicarri Harris,PUR,Rebounds,3.0
Gicarri Harris,PUR,Assists,0.0
Gicarri Harris,PUR,Blocked Shots,0.0
Gicarri Harris,PUR,Steals,0.0
Gicarri Harris,PUR,Turnovers,0.0
Gicarri Harris,PUR,FG Made,2.0
Gicarri Harris,PUR,FG Attempted,5.0
Gicarri Harris,PUR,3-PT Made,1.0
Gicarri Harris,PUR,3-PT Attempted,2.0
Gicarri Harris,PUR,Two Pointers Made,1.0
Gicarri Harris,PUR,Two Pointers Attempted,3.0
Gicarri Harris,PUR,Free Throws Made,1.0
Gicarri Harris,PUR,Free Throws Attempted,2.0
Gicarri Harris,PUR,Offensive Rebounds,0.0
Gicarri Harris,PUR,Defensive Rebounds,3.0
Gicarri Harris,PUR,Personal Fouls,4.0
Gicarri Harris,PUR,Fantasy Score,10.2
Gicarri Harris,PUR,Pts+Rebs+Asts,9.0
Gicarri Harris,PUR,PRA,9.0
Gicarri Harris,PUR,Pts+Rebs,9.0
Gicarri Harris,PUR,Pts+Asts,6.0
Gicarri Harris,PUR,Rebs+Asts,3.0
Gicarri Harris,PUR,Blks+Stls,0.0
Lazar Djokovic,VCU,Points,19.0
Lazar Djokovic,VCU,Rebounds,7.0
Lazar Djokovic,VCU,Assists,1.0
Lazar Djokovic,VCU,Blocked Shots,2.0
Lazar Djokovic,VCU,Steals,2.0
Lazar Djokovic,VCU,Turnovers,5.0
Lazar Djokovic,VCU,FG Made,6.0
Lazar Djokovic,VCU,FG Attempted,13.0
Lazar Djokovic,VCU,3-PT Made,2.0
Lazar Djokovic,VCU,3-PT Attempted,6.0
Lazar Djokovic,VCU,Two Pointers Made,4.0
Lazar Djokovic,VCU,Two Pointers Attempted,7.0
Lazar Djokovic,VCU,Free Throws Made,5.0
Lazar Djokovic,VCU,Free Throws Attempted,7.0
Lazar Djokovic,VCU,Offensive Rebounds,4.0
Lazar Djokovic,VCU,Defensive Rebounds,3.0
Lazar Djokovic,VCU,Personal Fouls,3.0
Lazar Djokovic,VCU,Fantasy Score,40.2
Lazar Djokovic,VCU,Pts+Rebs+Asts,27.0
Lazar Djokovic,VCU,PRA,27.0
Lazar Djokovic,VCU,Pts+Rebs,26.0
Lazar Djokovic,VCU,Pts+Asts,20.0
Lazar Djokovic,VCU,Rebs+Asts,8.0
Lazar Djokovic,VCU,Blks+Stls,4.0
Barry Evans,VCU,Points,6.0
Barry Evans,VCU,Rebounds,8.0
Barry Evans,VCU,Assists,1.0
Barry Evans,VCU,Blocked Shots,0.0
Barry Evans,VCU,Steals,0.0
Barry Evans,VCU,Turnovers,3.0
Barry Evans,VCU,FG Made,1.0
Barry Evans,VCU,FG Attempted,4.0
Barry Evans,VCU,3-PT Made,1.0
Barry Evans,VCU,3-PT Attempted,2.0
Barry Evans,VCU,Two Pointers Made,0.0
Barry Evans,VCU,Two Pointers Attempted,2.0
Barry Evans,VCU,Free Throws Made,3.0
Barry Evans,VCU,Free Throws Attempted,4.0
Barry Evans,VCU,Offensive Rebounds,3.0
Barry Evans,VCU,Defensive Rebounds,5.0
Barry Evans,VCU,Personal Fouls,3.0
Barry Evans,VCU,Fantasy Score,16.5
Barry Evans,VCU,Pts+Rebs+Asts,15.0
Barry Evans,VCU,PRA,15.0
Barry Evans,VCU,Pts+Rebs,14.0
Barry Evans,VCU,Pts+Asts,7.0
Barry Evans,VCU,Rebs+Asts,9.0
Barry Evans,VCU,Blks+Stls,0.0
Nyk Lewis,VCU,Points,9.0
Nyk Lewis,VCU,Rebounds,8.0
Nyk Lewis,VCU,Assists,0.0
Nyk Lewis,VCU,Blocked Shots,0.0
Nyk Lewis,VCU,Steals,3.0
Nyk Lewis,VCU,Turnovers,3.0
Nyk Lewis,VCU,FG Made,2.0
Nyk Lewis,VCU,FG Attempted,10.0
Nyk Lewis,VCU,3-PT Made,1.0
Nyk Lewis,VCU,3-PT Attempted,2.0
Nyk Lewis,VCU,Two Pointers Made,1.0
Nyk Lewis,VCU,Two Pointers Attempted,8.0
Nyk Lewis,VCU,Free Throws Made,4.0
Nyk Lewis,VCU,Free Throws Attempted,7.0
Nyk Lewis,VCU,Offensive Rebounds,6.0
Nyk Lewis,VCU,Defensive Rebounds,2.0
Nyk Lewis,VCU,Personal Fouls,1.0
Nyk Lewis,VCU,Fantasy Score,24.0
Nyk Lewis,VCU,Pts+Rebs+Asts,17.0
Nyk Lewis,VCU,PRA,17.0
Nyk Lewis,VCU,Pts+Rebs,17.0
Nyk Lewis,VCU,Pts+Asts,9.0
Nyk Lewis,VCU,Rebs+Asts,8.0
Nyk Lewis,VCU,Blks+Stls,3.0
Brandon Jennings,VCU,Points,18.0
Brandon Jennings,VCU,Rebounds,7.0
Brandon Jennings,VCU,Assists,3.0
Brandon Jennings,VCU,Blocked Shots,1.0
Brandon Jennings,VCU,Steals,4.0
Brandon Jennings,VCU,Turnovers,1.0
Brandon Jennings,VCU,FG Made,5.0
Brandon Jennings,VCU,FG Attempted,11.0
Brandon Jennings,VCU,3-PT Made,2.0
Brandon Jennings,VCU,3-PT Attempted,6.0
Brandon Jennings,VCU,Two Pointers Made,3.0
Brandon Jennings,VCU,Two Pointers Attempted,5.0
Brandon Jennings,VCU,Free Throws Made,6.0
Brandon Jennings,VCU,Free Throws Attempted,7.0
Brandon Jennings,VCU,Offensive Rebounds,2.0
Brandon Jennings,VCU,Defensive Rebounds,5.0
Brandon Jennings,VCU,Personal Fouls,2.0
Brandon Jennings,VCU,Fantasy Score,46.2
Brandon Jennings,VCU,Pts+Rebs+Asts,28.0
Brandon Jennings,VCU,PRA,28.0
Brandon Jennings,VCU,Pts+Rebs,25.0
Brandon Jennings,VCU,Pts+Asts,21.0
Brandon Jennings,VCU,Rebs+Asts,10.0
Brandon Jennings,VCU,Blks+Stls,5.0
Jadrian Tracey,VCU,Points,7.0
Jadrian Tracey,VCU,Rebounds,2.0
Jadrian Tracey,VCU,Assists,2.0
Jadrian Tracey,VCU,Blocked Shots,0.0
Jadrian Tracey,VCU,Steals,1.0
Jadrian Tracey,VCU,Turnovers,0.0
Jadrian Tracey,VCU,FG Made,2.0
Jadrian Tracey,VCU,FG Attempted,5.0
Jadrian Tracey,VCU,3-PT Made,1.0
Jadrian Tracey,VCU,3-PT Attempted,2.0
Jadrian Tracey,VCU,Two Pointers Made,1.0
Jadrian Tracey,VCU,Two Pointers Attempted,3.0
Jadrian Tracey,VCU,Free Throws Made,2.0
Jadrian Tracey,VCU,Free Throws Attempted,2.0
Jadrian Tracey,VCU,Offensive Rebounds,0.0
Jadrian Tracey,VCU,Defensive Rebounds,2.0
Jadrian Tracey,VCU,Personal Fouls,4.0
Jadrian Tracey,VCU,Fantasy Score,15.0
Jadrian Tracey,VCU,Pts+Rebs+Asts,11.0
Jadrian Tracey,VCU,PRA,11.0
Jadrian Tracey,VCU,Pts+Rebs,9.0
Jadrian Tracey,VCU,Pts+Asts,9.0
Jadrian Tracey,VCU,Rebs+Asts,4.0
Jadrian Tracey,VCU,Blks+Stls,1.0
Michael Belle,VCU,Points,7.0
Michael Belle,VCU,Rebounds,6.0
Michael Belle,VCU,Assists,0.0
Michael Belle,VCU,Blocked Shots,0.0
Michael Belle,VCU,Steals,1.0
Michael Belle,VCU,Turnovers,2.0
Michael Belle,VCU,FG Made,3.0
Michael Belle,VCU,FG Attempted,7.0
Michael Belle,VCU,3-PT Made,1.0
Michael Belle,VCU,3-PT Attempted,3.0
Michael Belle,VCU,Two Pointers Made,2.0
Michael Belle,VCU,Two Pointers Attempted,4.0
Michael Belle,VCU,Free Throws Made,0.0
Michael Belle,VCU,Free Throws Attempted,0.0
Michael Belle,VCU,Offensive Rebounds,2.0
Michael Belle,VCU,Defensive Rebounds,4.0
Michael Belle,VCU,Personal Fouls,2.0
Michael Belle,VCU,Fantasy Score,16.0
Michael Belle,VCU,Pts+Rebs+Asts,13.0
Michael Belle,VCU,PRA,13.0
Michael Belle,VCU,Pts+Rebs,13.0
Michael Belle,VCU,Pts+Asts,7.0
Michael Belle,VCU,Rebs+Asts,6.0
Michael Belle,VCU,Blks+Stls,1.0
Terrence Hill Jr.,VCU,Points,6.0
Terrence Hill Jr.,VCU,Rebounds,1.0
Terrence Hill Jr.,VCU,Assists,3.0
Terrence Hill Jr.,VCU,Blocked Shots,0.0
Terrence Hill Jr.,VCU,Steals,0.0
Terrence Hill Jr.,VCU,Turnovers,1.0
Terrence Hill Jr.,VCU,FG Made,1.0
Terrence Hill Jr.,VCU,FG Attempted,11.0
Terrence Hill Jr.,VCU,3-PT Made,0.0
Terrence Hill Jr.,VCU,3-PT Attempted,7.0
Terrence Hill Jr.,VCU,Two Pointers Made,1.0
Terrence Hill Jr.,VCU,Two Pointers Attempted,4.0
Terrence Hill Jr.,VCU,Free Throws Made,4.0
Terrence Hill Jr.,VCU,Free Throws Attempted,5.0
Terrence Hill Jr.,VCU,Offensive Rebounds,0.0
Terrence Hill Jr.,VCU,Defensive Rebounds,1.0
Terrence Hill Jr.,VCU,Personal Fouls,1.0
Terrence Hill Jr.,VCU,Fantasy Score,11.2
Terrence Hill Jr.,VCU,Pts+Rebs+Asts,10.0
Terrence Hill Jr.,VCU,PRA,10.0
Terrence Hill Jr.,VCU,Pts+Rebs,7.0
Terrence Hill Jr.,VCU,Pts+Asts,9.0
Terrence Hill Jr.,VCU,Rebs+Asts,4.0
Terrence Hill Jr.,VCU,Blks+Stls,0.0
Tyrell Ward,VCU,Points,3.0
Tyrell Ward,VCU,Rebounds,0.0
Tyrell Ward,VCU,Assists,0.0
Tyrell Ward,VCU,Blocked Shots,0.0
Tyrell Ward,VCU,Steals,0.0
Tyrell Ward,VCU,Turnovers,1.0
Tyrell Ward,VCU,FG Made,1.0
Tyrell Ward,VCU,FG Attempted,3.0
Tyrell Ward,VCU,3-PT Made,1.0
Tyrell Ward,VCU,3-PT Attempted,1.0
Tyrell Ward,VCU,Two Pointers Made,0.0
Tyrell Ward,VCU,Two Pointers Attempted,2.0
Tyrell Ward,VCU,Free Throws Made,0.0
Tyrell Ward,VCU,Free Throws Attempted,0.0
Tyrell Ward,VCU,Offensive Rebounds,0.0
Tyrell Ward,VCU,Defensive Rebounds,0.0
Tyrell Ward,VCU,Personal Fouls,0.0
Tyrell Ward,VCU,Fantasy Score,3.0
Tyrell Ward,VCU,Pts+Rebs+Asts,3.0
Tyrell Ward,VCU,PRA,3.0
Tyrell Ward,VCU,Pts+Rebs,3.0
Tyrell Ward,VCU,Pts+Asts,3.0
Tyrell Ward,VCU,Rebs+Asts,0.0
Tyrell Ward,VCU,Blks+Stls,0.0
Robbie Avila,SLU,Points,13.0
Robbie Avila,SLU,Rebounds,4.0
Robbie Avila,SLU,Assists,2.0
Robbie Avila,SLU,Blocked Shots,1.0
Robbie Avila,SLU,Steals,1.0
Robbie Avila,SLU,Turnovers,2.0
Robbie Avila,SLU,FG Made,5.0
Robbie Avila,SLU,FG Attempted,8.0
Robbie Avila,SLU,3-PT Made,2.0
Robbie Avila,SLU,3-PT Attempted,4.0
Robbie Avila,SLU,Two Pointers Made,3.0
Robbie Avila,SLU,Two Pointers Attempted,4.0
Robbie Avila,SLU,Free Throws Made,1.0
Robbie Avila,SLU,Free Throws Attempted,1.0
Robbie Avila,SLU,Offensive Rebounds,1.0
Robbie Avila,SLU,Defensive Rebounds,3.0
Robbie Avila,SLU,Personal Fouls,1.0
Robbie Avila,SLU,Fantasy Score,29.5
Robbie Avila,SLU,Pts+Rebs+Asts,19.0
Robbie Avila,SLU,PRA,19.0
Robbie Avila,SLU,Pts+Rebs,17.0
Robbie Avila,SLU,Pts+Asts,15.0
Robbie Avila,SLU,Rebs+Asts,6.0
Robbie Avila,SLU,Blks+Stls,2.0
Amari McCottry,SLU,Points,13.0
Amari McCottry,SLU,Rebounds,5.0
Amari McCottry,SLU,Assists,2.0
Amari McCottry,SLU,Blocked Shots,1.0
Amari McCottry,SLU,Steals,1.0
Amari McCottry,SLU,Turnovers,2.0
Amari McCottry,SLU,FG Made,6.0
Amari McCottry,SLU,FG Attempted,13.0
Amari McCottry,SLU,3-PT Made,0.0
Amari McCottry,SLU,3-PT Attempted,3.0
Amari McCottry,SLU,Two Pointers Made,6.0
Amari McCottry,SLU,Two Pointers Attempted,10.0
Amari McCottry,SLU,Free Throws Made,1.0
Amari McCottry,SLU,Free Throws Attempted,6.0
Amari McCottry,SLU,Offensive Rebounds,1.0
Amari McCottry,SLU,Defensive Rebounds,4.0
Amari McCottry,SLU,Personal Fouls,4.0
Amari McCottry,SLU,Fantasy Score,29.8
Amari McCottry,SLU,Pts+Rebs+Asts,20.0
Amari McCottry,SLU,PRA,20.0
Amari McCottry,SLU,Pts+Rebs,18.0
Amari McCottry,SLU,Pts+Asts,15.0
Amari McCottry,SLU,Rebs+Asts,7.0
Amari McCottry,SLU,Blks+Stls,2.0
Quentin Jones,SLU,Points,11.0
Quentin Jones,SLU,Rebounds,4.0
Quentin Jones,SLU,Assists,3.0
Quentin Jones,SLU,Blocked Shots,0.0
Quentin Jones,SLU,Steals,0.0
Quentin Jones,SLU,Turnovers,3.0
Quentin Jones,SLU,FG Made,5.0
Quentin Jones,SLU,FG Attempted,8.0
Quentin Jones,SLU,3-PT Made,1.0
Quentin Jones,SLU,3-PT Attempted,1.0
Quentin Jones,SLU,Two Pointers Made,4.0
Quentin Jones,SLU,Two Pointers Attempted,7.0
Quentin Jones,SLU,Free Throws Made,0.0
Quentin Jones,SLU,Free Throws Attempted,0.0
Quentin Jones,SLU,Offensive Rebounds,1.0
Quentin Jones,SLU,Defensive Rebounds,3.0
Quentin Jones,SLU,Personal Fouls,4.0
Quentin Jones,SLU,Fantasy Score,24.0
Quentin Jones,SLU,Pts+Rebs+Asts,18.0
Quentin Jones,SLU,PRA,18.0
Quentin Jones,SLU,Pts+Rebs,15.0
Quentin Jones,SLU,Pts+Asts,14.0
Quentin Jones,SLU,Rebs+Asts,7.0
Quentin Jones,SLU,Blks+Stls,0.0
Dion Brown,SLU,Points,6.0
Dion Brown,SLU,Rebounds,7.0
Dion Brown,SLU,Assists,2.0
Dion Brown,SLU,Blocked Shots,0.0
Dion Brown,SLU,Steals,0.0
Dion Brown,SLU,Turnovers,2.0
Dion Brown,SLU,FG Made,3.0
Dion Brown,SLU,FG Attempted,9.0
Dion Brown,SLU,3-PT Made,0.0
Dion Brown,SLU,3-PT Attempted,1.0
Dion Brown,SLU,Two Pointers Made,3.0
Dion Brown,SLU,Two Pointers Attempted,8.0
Dion Brown,SLU,Free Throws Made,0.0
Dion Brown,SLU,Free Throws Attempted,0.0
Dion Brown,SLU,Offensive Rebounds,3.0
Dion Brown,SLU,Defensive Rebounds,4.0
Dion Brown,SLU,Personal Fouls,3.0
Dion Brown,SLU,Fantasy Score,16.8
Dion Brown,SLU,Pts+Rebs+Asts,15.0
Dion Brown,SLU,PRA,15.0
Dion Brown,SLU,Pts+Rebs,13.0
Dion Brown,SLU,Pts+Asts,8.0
Dion Brown,SLU,Rebs+Asts,9.0
Dion Brown,SLU,Blks+Stls,0.0
Trey Green,SLU,Points,9.0
Trey Green,SLU,Rebounds,2.0
Trey Green,SLU,Assists,1.0
Trey Green,SLU,Blocked Shots,0.0
Trey Green,SLU,Steals,1.0
Trey Green,SLU,Turnovers,1.0
Trey Green,SLU,FG Made,3.0
Trey Green,SLU,FG Attempted,6.0
Trey Green,SLU,3-PT Made,3.0
Trey Green,SLU,3-PT Attempted,6.0
Trey Green,SLU,Two Pointers Made,0.0
Trey Green,SLU,Two Pointers Attempted,0.0
Trey Green,SLU,Free Throws Made,0.0
Trey Green,SLU,Free Throws Attempted,0.0
Trey Green,SLU,Offensive Rebounds,1.0
Trey Green,SLU,Defensive Rebounds,1.0
Trey Green,SLU,Personal Fouls,2.0
Trey Green,SLU,Fantasy Score,16.0
Trey Green,SLU,Pts+Rebs+Asts,12.0
Trey Green,SLU,PRA,12.0
Trey Green,SLU,Pts+Rebs,11.0
Trey Green,SLU,Pts+Asts,10.0
Trey Green,SLU,Rebs+Asts,3.0
Trey Green,SLU,Blks+Stls,1.0
Ishan Sharma,SLU,Points,13.0
Ishan Sharma,SLU,Rebounds,4.0
Ishan Sharma,SLU,Assists,3.0
Ishan Sharma,SLU,Blocked Shots,0.0
Ishan Sharma,SLU,Steals,0.0
Ishan Sharma,SLU,Turnovers,2.0
Ishan Sharma,SLU,FG Made,4.0
Ishan Sharma,SLU,FG Attempted,7.0
Ishan Sharma,SLU,3-PT Made,4.0
Ishan Sharma,SLU,3-PT Attempted,6.0
Ishan Sharma,SLU,Two Pointers Made,0.0
Ishan Sharma,SLU,Two Pointers Attempted,1.0
Ishan Sharma,SLU,Free Throws Made,1.0
Ishan Sharma,SLU,Free Throws Attempted,2.0
Ishan Sharma,SLU,Offensive Rebounds,0.0
Ishan Sharma,SLU,Defensive Rebounds,4.0
Ishan Sharma,SLU,Personal Fouls,0.0
Ishan Sharma,SLU,Fantasy Score,28.0
Ishan Sharma,SLU,Pts+Rebs+Asts,20.0
Ishan Sharma,SLU,PRA,20.0
Ishan Sharma,SLU,Pts+Rebs,17.0
Ishan Sharma,SLU,Pts+Asts,16.0
Ishan Sharma,SLU,Rebs+Asts,7.0
Ishan Sharma,SLU,Blks+Stls,0.0
Paul Otieno,SLU,Points,7.0
Paul Otieno,SLU,Rebounds,8.0
Paul Otieno,SLU,Assists,1.0
Paul Otieno,SLU,Blocked Shots,0.0
Paul Otieno,SLU,Steals,1.0
Paul Otieno,SLU,Turnovers,0.0
Paul Otieno,SLU,FG Made,1.0
Paul Otieno,SLU,FG Attempted,2.0
Paul Otieno,SLU,3-PT Made,0.0
Paul Otieno,SLU,3-PT Attempted,0.0
Paul Otieno,SLU,Two Pointers Made,1.0
Paul Otieno,SLU,Two Pointers Attempted,2.0
Paul Otieno,SLU,Free Throws Made,5.0
Paul Otieno,SLU,Free Throws Attempted,6.0
Paul Otieno,SLU,Offensive Rebounds,5.0
Paul Otieno,SLU,Defensive Rebounds,3.0
Paul Otieno,SLU,Personal Fouls,5.0
Paul Otieno,SLU,Fantasy Score,20.5
Paul Otieno,SLU,Pts+Rebs+Asts,16.0
Paul Otieno,SLU,PRA,16.0
Paul Otieno,SLU,Pts+Rebs,15.0
Paul Otieno,SLU,Pts+Asts,8.0
Paul Otieno,SLU,Rebs+Asts,9.0
Paul Otieno,SLU,Blks+Stls,1.0
Brady Dunlap,SLU,Points,0.0
Brady Dunlap,SLU,Rebounds,2.0
Brady Dunlap,SLU,Assists,2.0
Brady Dunlap,SLU,Blocked Shots,1.0
Brady Dunlap,SLU,Steals,0.0
Brady Dunlap,SLU,Turnovers,1.0
Brady Dunlap,SLU,FG Made,0.0
Brady Dunlap,SLU,FG Attempted,5.0
Brady Dunlap,SLU,3-PT Made,0.0
Brady Dunlap,SLU,3-PT Attempted,4.0
Brady Dunlap,SLU,Two Pointers Made,0.0
Brady Dunlap,SLU,Two Pointers Attempted,1.0
Brady Dunlap,SLU,Free Throws Made,0.0
Brady Dunlap,SLU,Free Throws Attempted,0.0
Brady Dunlap,SLU,Offensive Rebounds,0.0
Brady Dunlap,SLU,Defensive Rebounds,2.0
Brady Dunlap,SLU,Personal Fouls,1.0
Brady Dunlap,SLU,Fantasy Score,7.0
Brady Dunlap,SLU,Pts+Rebs+Asts,4.0
Brady Dunlap,SLU,PRA,4.0
Brady Dunlap,SLU,Pts+Rebs,2.0
Brady Dunlap,SLU,Pts+Asts,2.0
Brady Dunlap,SLU,Rebs+Asts,4.0
Brady Dunlap,SLU,Blks+Stls,1.0
Kellen Thames,SLU,Points,16.0
Kellen Thames,SLU,Rebounds,4.0
Kellen Thames,SLU,Assists,0.0
Kellen Thames,SLU,Blocked Shots,1.0
Kellen Thames,SLU,Steals,5.0
Kellen Thames,SLU,Turnovers,3.0
Kellen Thames,SLU,FG Made,7.0
Kellen Thames,SLU,FG Attempted,8.0
Kellen Thames,SLU,3-PT Made,0.0
Kellen Thames,SLU,3-PT Attempted,0.0
Kellen Thames,SLU,Two Pointers Made,7.0
Kellen Thames,SLU,Two Pointers Attempted,8.0
Kellen Thames,SLU,Free Throws Made,2.0
Kellen Thames,SLU,Free Throws Attempted,4.0
Kellen Thames,SLU,Offensive Rebounds,1.0
Kellen Thames,SLU,Defensive Rebounds,3.0
Kellen Thames,SLU,Personal Fouls,1.0
Kellen Thames,SLU,Fantasy Score,36.0
Kellen Thames,SLU,Pts+Rebs+Asts,20.0
Kellen Thames,SLU,PRA,20.0
Kellen Thames,SLU,Pts+Rebs,20.0
Kellen Thames,SLU,Pts+Asts,16.0
Kellen Thames,SLU,Rebs+Asts,4.0
Kellen Thames,SLU,Blks+Stls,6.0
Troy Glover II,BGSU,Points,9.0
Troy Glover II,BGSU,Rebounds,6.0
Troy Glover II,BGSU,Assists,0.0
Troy Glover II,BGSU,Blocked Shots,0.0
Troy Glover II,BGSU,Steals,0.0
Troy Glover II,BGSU,Turnovers,2.0
Troy Glover II,BGSU,FG Made,4.0
Troy Glover II,BGSU,FG Attempted,6.0
Troy Glover II,BGSU,3-PT Made,0.0
Troy Glover II,BGSU,3-PT Attempted,0.0
Troy Glover II,BGSU,Two Pointers Made,4.0
Troy Glover II,BGSU,Two Pointers Attempted,6.0
Troy Glover II,BGSU,Free Throws Made,1.0
Troy Glover II,BGSU,Free Throws Attempted,2.0
Troy Glover II,BGSU,Offensive Rebounds,3.0
Troy Glover II,BGSU,Defensive Rebounds,3.0
Troy Glover II,BGSU,Personal Fouls,4.0
Troy Glover II,BGSU,Fantasy Score,15.5
Troy Glover II,BGSU,Pts+Rebs+Asts,15.0
Troy Glover II,BGSU,PRA,15.0
Troy Glover II,BGSU,Pts+Rebs,15.0
Troy Glover II,BGSU,Pts+Asts,9.0
Troy Glover II,BGSU,Rebs+Asts,6.0
Troy Glover II,BGSU,Blks+Stls,0.0
Sam Towns,BGSU,Points,5.0
Sam Towns,BGSU,Rebounds,6.0
Sam Towns,BGSU,Assists,3.0
Sam Towns,BGSU,Blocked Shots,1.0
Sam Towns,BGSU,Steals,0.0
Sam Towns,BGSU,Turnovers,1.0
Sam Towns,BGSU,FG Made,2.0
Sam Towns,BGSU,FG Attempted,6.0
Sam Towns,BGSU,3-PT Made,1.0
Sam Towns,BGSU,3-PT Attempted,4.0
Sam Towns,BGSU,Two Pointers Made,1.0
Sam Towns,BGSU,Two Pointers Attempted,2.0
Sam Towns,BGSU,Free Throws Made,0.0
Sam Towns,BGSU,Free Throws Attempted,0.0
Sam Towns,BGSU,Offensive Rebounds,1.0
Sam Towns,BGSU,Defensive Rebounds,5.0
Sam Towns,BGSU,Personal Fouls,3.0
Sam Towns,BGSU,Fantasy Score,19.0
Sam Towns,BGSU,Pts+Rebs+Asts,14.0
Sam Towns,BGSU,PRA,14.0
Sam Towns,BGSU,Pts+Rebs,11.0
Sam Towns,BGSU,Pts+Asts,8.0
Sam Towns,BGSU,Rebs+Asts,9.0
Sam Towns,BGSU,Blks+Stls,1.0
Josiah Shackelford,BGSU,Points,12.0
Josiah Shackelford,BGSU,Rebounds,4.0
Josiah Shackelford,BGSU,Assists,0.0
Josiah Shackelford,BGSU,Blocked Shots,0.0
Josiah Shackelford,BGSU,Steals,0.0
Josiah Shackelford,BGSU,Turnovers,0.0
Josiah Shackelford,BGSU,FG Made,4.0
Josiah Shackelford,BGSU,FG Attempted,9.0
Josiah Shackelford,BGSU,3-PT Made,3.0
Josiah Shackelford,BGSU,3-PT Attempted,5.0
Josiah Shackelford,BGSU,Two Pointers Made,1.0
Josiah Shackelford,BGSU,Two Pointers Attempted,4.0
Josiah Shackelford,BGSU,Free Throws Made,1.0
Josiah Shackelford,BGSU,Free Throws Attempted,2.0
Josiah Shackelford,BGSU,Offensive Rebounds,0.0
Josiah Shackelford,BGSU,Defensive Rebounds,4.0
Josiah Shackelford,BGSU,Personal Fouls,3.0
Josiah Shackelford,BGSU,Fantasy Score,23.0
Josiah Shackelford,BGSU,Pts+Rebs+Asts,16.0
Josiah Shackelford,BGSU,PRA,16.0
Josiah Shackelford,BGSU,Pts+Rebs,16.0
Josiah Shackelford,BGSU,Pts+Asts,12.0
Josiah Shackelford,BGSU,Rebs+Asts,4.0
Josiah Shackelford,BGSU,Blks+Stls,0.0
Javontae Campbell,BGSU,Points,24.0
Javontae Campbell,BGSU,Rebounds,6.0
Javontae Campbell,BGSU,Assists,6.0
Javontae Campbell,BGSU,Blocked Shots,0.0
Javontae Campbell,BGSU,Steals,2.0
Javontae Campbell,BGSU,Turnovers,3.0
Javontae Campbell,BGSU,FG Made,9.0
Javontae Campbell,BGSU,FG Attempted,18.0
Javontae Campbell,BGSU,3-PT Made,2.0
Javontae Campbell,BGSU,3-PT Attempted,3.0
Javontae Campbell,BGSU,Two Pointers Made,7.0
Javontae Campbell,BGSU,Two Pointers Attempted,15.0
Javontae Campbell,BGSU,Free Throws Made,4.0
Javontae Campbell,BGSU,Free Throws Attempted,6.0
Javontae Campbell,BGSU,Offensive Rebounds,2.0
Javontae Campbell,BGSU,Defensive Rebounds,4.0
Javontae Campbell,BGSU,Personal Fouls,5.0
Javontae Campbell,BGSU,Fantasy Score,48.5
Javontae Campbell,BGSU,Pts+Rebs+Asts,36.0
Javontae Campbell,BGSU,PRA,36.0
Javontae Campbell,BGSU,Pts+Rebs,30.0
Javontae Campbell,BGSU,Pts+Asts,30.0
Javontae Campbell,BGSU,Rebs+Asts,12.0
Javontae Campbell,BGSU,Blks+Stls,2.0
Justin Thomas,BGSU,Points,4.0
Justin Thomas,BGSU,Rebounds,3.0
Justin Thomas,BGSU,Assists,2.0
Justin Thomas,BGSU,Blocked Shots,0.0
Justin Thomas,BGSU,Steals,1.0
Justin Thomas,BGSU,Turnovers,1.0
Justin Thomas,BGSU,FG Made,2.0
Justin Thomas,BGSU,FG Attempted,6.0
Justin Thomas,BGSU,3-PT Made,0.0
Justin Thomas,BGSU,3-PT Attempted,2.0
Justin Thomas,BGSU,Two Pointers Made,2.0
Justin Thomas,BGSU,Two Pointers Attempted,4.0
Justin Thomas,BGSU,Free Throws Made,0.0
Justin Thomas,BGSU,Free Throws Attempted,0.0
Justin Thomas,BGSU,Offensive Rebounds,1.0
Justin Thomas,BGSU,Defensive Rebounds,2.0
Justin Thomas,BGSU,Personal Fouls,0.0
Justin Thomas,BGSU,Fantasy Score,12.2
Justin Thomas,BGSU,Pts+Rebs+Asts,9.0
Justin Thomas,BGSU,PRA,9.0
Justin Thomas,BGSU,Pts+Rebs,7.0
Justin Thomas,BGSU,Pts+Asts,6.0
Justin Thomas,BGSU,Rebs+Asts,5.0
Justin Thomas,BGSU,Blks+Stls,1.0
Aiden Goins,BGSU,Points,2.0
Aiden Goins,BGSU,Rebounds,0.0
Aiden Goins,BGSU,Assists,0.0
Aiden Goins,BGSU,Blocked Shots,0.0
Aiden Goins,BGSU,Steals,0.0
Aiden Goins,BGSU,Turnovers,1.0
Aiden Goins,BGSU,FG Made,0.0
Aiden Goins,BGSU,FG Attempted,0.0
Aiden Goins,BGSU,3-PT Made,0.0
Aiden Goins,BGSU,3-PT Attempted,0.0
Aiden Goins,BGSU,Two Pointers Made,0.0
Aiden Goins,BGSU,Two Pointers Attempted,0.0
Aiden Goins,BGSU,Free Throws Made,2.0
Aiden Goins,BGSU,Free Throws Attempted,2.0
Aiden Goins,BGSU,Offensive Rebounds,0.0
Aiden Goins,BGSU,Defensive Rebounds,0.0
Aiden Goins,BGSU,Personal Fouls,2.0
Aiden Goins,BGSU,Fantasy Score,1.5
Aiden Goins,BGSU,Pts+Rebs+Asts,2.0
Aiden Goins,BGSU,PRA,2.0
Aiden Goins,BGSU,Pts+Rebs,2.0
Aiden Goins,BGSU,Pts+Asts,2.0
Aiden Goins,BGSU,Rebs+Asts,0.0
Aiden Goins,BGSU,Blks+Stls,0.0
Mayar Wol,BGSU,Points,15.0
Mayar Wol,BGSU,Rebounds,4.0
Mayar Wol,BGSU,Assists,1.0
Mayar Wol,BGSU,Blocked Shots,0.0
Mayar Wol,BGSU,Steals,2.0
Mayar Wol,BGSU,Turnovers,4.0
Mayar Wol,BGSU,FG Made,6.0
Mayar Wol,BGSU,FG Attempted,12.0
Mayar Wol,BGSU,3-PT Made,3.0
Mayar Wol,BGSU,3-PT Attempted,6.0
Mayar Wol,BGSU,Two Pointers Made,3.0
Mayar Wol,BGSU,Two Pointers Attempted,6.0
Mayar Wol,BGSU,Free Throws Made,0.0
Mayar Wol,BGSU,Free Throws Attempted,0.0
Mayar Wol,BGSU,Offensive Rebounds,1.0
Mayar Wol,BGSU,Defensive Rebounds,3.0
Mayar Wol,BGSU,Personal Fouls,2.0
Mayar Wol,BGSU,Fantasy Score,29.5
Mayar Wol,BGSU,Pts+Rebs+Asts,20.0
Mayar Wol,BGSU,PRA,20.0
Mayar Wol,BGSU,Pts+Rebs,19.0
Mayar Wol,BGSU,Pts+Asts,16.0
Mayar Wol,BGSU,Rebs+Asts,5.0
Mayar Wol,BGSU,Blks+Stls,2.0
Makhi Leach,BGSU,Points,0.0
Makhi Leach,BGSU,Rebounds,0.0
Makhi Leach,BGSU,Assists,0.0
Makhi Leach,BGSU,Blocked Shots,0.0
Makhi Leach,BGSU,Steals,0.0
Makhi Leach,BGSU,Turnovers,0.0
Makhi Leach,BGSU,FG Made,0.0
Makhi Leach,BGSU,FG Attempted,0.0
Makhi Leach,BGSU,3-PT Made,0.0
Makhi Leach,BGSU,3-PT Attempted,0.0
Makhi Leach,BGSU,Two Pointers Made,0.0
Makhi Leach,BGSU,Two Pointers Attempted,0.0
Makhi Leach,BGSU,Free Throws Made,0.0
Makhi Leach,BGSU,Free Throws Attempted,0.0
Makhi Leach,BGSU,Offensive Rebounds,0.0
Makhi Leach,BGSU,Defensive Rebounds,0.0
Makhi Leach,BGSU,Personal Fouls,0.0
Makhi Leach,BGSU,Fantasy Score,0.0
Makhi Leach,BGSU,Pts+Rebs+Asts,0.0
Makhi Leach,BGSU,PRA,0.0
Makhi Leach,BGSU,Pts+Rebs,0.0
Makhi Leach,BGSU,Pts+Asts,0.0
Makhi Leach,BGSU,Rebs+Asts,0.0
Makhi Leach,BGSU,Blks+Stls,0.0
Javon Ruffin,BGSU,Points,6.0
Javon Ruffin,BGSU,Rebounds,3.0
Javon Ruffin,BGSU,Assists,0.0
Javon Ruffin,BGSU,Blocked Shots,1.0
Javon Ruffin,BGSU,Steals,1.0
Javon Ruffin,BGSU,Turnovers,0.0
Javon Ruffin,BGSU,FG Made,1.0
Javon Ruffin,BGSU,FG Attempted,7.0
Javon Ruffin,BGSU,3-PT Made,1.0
Javon Ruffin,BGSU,3-PT Attempted,5.0
Javon Ruffin,BGSU,Two Pointers Made,0.0
Javon Ruffin,BGSU,Two Pointers Attempted,2.0
Javon Ruffin,BGSU,Free Throws Made,3.0
Javon Ruffin,BGSU,Free Throws Attempted,3.0
Javon Ruffin,BGSU,Offensive Rebounds,0.0
Javon Ruffin,BGSU,Defensive Rebounds,3.0
Javon Ruffin,BGSU,Personal Fouls,2.0
Javon Ruffin,BGSU,Fantasy Score,14.2
Javon Ruffin,BGSU,Pts+Rebs+Asts,9.0
Javon Ruffin,BGSU,PRA,9.0
Javon Ruffin,BGSU,Pts+Rebs,9.0
Javon Ruffin,BGSU,Pts+Asts,6.0
Javon Ruffin,BGSU,Rebs+Asts,3.0
Javon Ruffin,BGSU,Blks+Stls,2.0
Antwone Woolfolk,M-OH,Points,10.0
Antwone Woolfolk,M-OH,Rebounds,8.0
Antwone Woolfolk,M-OH,Assists,2.0
Antwone Woolfolk,M-OH,Blocked Shots,0.0
Antwone Woolfolk,M-OH,Steals,1.0
Antwone Woolfolk,M-OH,Turnovers,2.0
Antwone Woolfolk,M-OH,FG Made,4.0
Antwone Woolfolk,M-OH,FG Attempted,7.0
Antwone Woolfolk,M-OH,3-PT Made,0.0
Antwone Woolfolk,M-OH,3-PT Attempted,0.0
Antwone Woolfolk,M-OH,Two Pointers Made,4.0
Antwone Woolfolk,M-OH,Two Pointers Attempted,7.0
Antwone Woolfolk,M-OH,Free Throws Made,2.0
Antwone Woolfolk,M-OH,Free Throws Attempted,4.0
Antwone Woolfolk,M-OH,Offensive Rebounds,1.0
Antwone Woolfolk,M-OH,Defensive Rebounds,7.0
Antwone Woolfolk,M-OH,Personal Fouls,2.0
Antwone Woolfolk,M-OH,Fantasy Score,28.5
Antwone Woolfolk,M-OH,Pts+Rebs+Asts,20.0
Antwone Woolfolk,M-OH,PRA,20.0
Antwone Woolfolk,M-OH,Pts+Rebs,18.0
Antwone Woolfolk,M-OH,Pts+Asts,12.0
Antwone Woolfolk,M-OH,Rebs+Asts,10.0
Antwone Woolfolk,M-OH,Blks+Stls,1.0
Eli Yofan,M-OH,Points,0.0
Eli Yofan,M-OH,Rebounds,0.0
Eli Yofan,M-OH,Assists,0.0
Eli Yofan,M-OH,Blocked Shots,0.0
Eli Yofan,M-OH,Steals,0.0
Eli Yofan,M-OH,Turnovers,0.0
Eli Yofan,M-OH,FG Made,0.0
Eli Yofan,M-OH,FG Attempted,1.0
Eli Yofan,M-OH,3-PT Made,0.0
Eli Yofan,M-OH,3-PT Attempted,1.0
Eli Yofan,M-OH,Two Pointers Made,0.0
Eli Yofan,M-OH,Two Pointers Attempted,0.0
Eli Yofan,M-OH,Free Throws Made,0.0
Eli Yofan,M-OH,Free Throws Attempted,0.0
Eli Yofan,M-OH,Offensive Rebounds,0.0
Eli Yofan,M-OH,Defensive Rebounds,0.0
Eli Yofan,M-OH,Personal Fouls,1.0
Eli Yofan,M-OH,Fantasy Score,0.0
Eli Yofan,M-OH,Pts+Rebs+Asts,0.0
Eli Yofan,M-OH,PRA,0.0
Eli Yofan,M-OH,Pts+Rebs,0.0
Eli Yofan,M-OH,Pts+Asts,0.0
Eli Yofan,M-OH,Rebs+Asts,0.0
Eli Yofan,M-OH,Blks+Stls,0.0
Peter Suder,M-OH,Points,10.0
Peter Suder,M-OH,Rebounds,5.0
Peter Suder,M-OH,Assists,2.0
Peter Suder,M-OH,Blocked Shots,1.0
Peter Suder,M-OH,Steals,1.0
Peter Suder,M-OH,Turnovers,1.0
Peter Suder,M-OH,FG Made,4.0
Peter Suder,M-OH,FG Attempted,7.0
Peter Suder,M-OH,3-PT Made,1.0
Peter Suder,M-OH,3-PT Attempted,3.0
Peter Suder,M-OH,Two Pointers Made,3.0
Peter Suder,M-OH,Two Pointers Attempted,4.0
Peter Suder,M-OH,Free Throws Made,1.0
Peter Suder,M-OH,Free Throws Attempted,2.0
Peter Suder,M-OH,Offensive Rebounds,1.0
Peter Suder,M-OH,Defensive Rebounds,4.0
Peter Suder,M-OH,Personal Fouls,4.0
Peter Suder,M-OH,Fantasy Score,27.8
Peter Suder,M-OH,Pts+Rebs+Asts,17.0
Peter Suder,M-OH,PRA,17.0
Peter Suder,M-OH,Pts+Rebs,15.0
Peter Suder,M-OH,Pts+Asts,12.0
Peter Suder,M-OH,Rebs+Asts,7.0
Peter Suder,M-OH,Blks+Stls,2.0
Luke Skaljac,M-OH,Points,24.0
Luke Skaljac,M-OH,Rebounds,3.0
Luke Skaljac,M-OH,Assists,4.0
Luke Skaljac,M-OH,Blocked Shots,0.0
Luke Skaljac,M-OH,Steals,1.0
Luke Skaljac,M-OH,Turnovers,5.0
Luke Skaljac,M-OH,FG Made,8.0
Luke Skaljac,M-OH,FG Attempted,16.0
Luke Skaljac,M-OH,3-PT Made,5.0
Luke Skaljac,M-OH,3-PT Attempted,10.0
Luke Skaljac,M-OH,Two Pointers Made,3.0
Luke Skaljac,M-OH,Two Pointers Attempted,6.0
Luke Skaljac,M-OH,Free Throws Made,3.0
Luke Skaljac,M-OH,Free Throws Attempted,3.0
Luke Skaljac,M-OH,Offensive Rebounds,1.0
Luke Skaljac,M-OH,Defensive Rebounds,2.0
Luke Skaljac,M-OH,Personal Fouls,1.0
Luke Skaljac,M-OH,Fantasy Score,40.2
Luke Skaljac,M-OH,Pts+Rebs+Asts,31.0
Luke Skaljac,M-OH,PRA,31.0
Luke Skaljac,M-OH,Pts+Rebs,27.0
Luke Skaljac,M-OH,Pts+Asts,28.0
Luke Skaljac,M-OH,Rebs+Asts,7.0
Luke Skaljac,M-OH,Blks+Stls,1.0
Eian Elmer,M-OH,Points,21.0
Eian Elmer,M-OH,Rebounds,8.0
Eian Elmer,M-OH,Assists,3.0
Eian Elmer,M-OH,Blocked Shots,0.0
Eian Elmer,M-OH,Steals,5.0
Eian Elmer,M-OH,Turnovers,1.0
Eian Elmer,M-OH,FG Made,7.0
Eian Elmer,M-OH,FG Attempted,11.0
Eian Elmer,M-OH,3-PT Made,5.0
Eian Elmer,M-OH,3-PT Attempted,8.0
Eian Elmer,M-OH,Two Pointers Made,2.0
Eian Elmer,M-OH,Two Pointers Attempted,3.0
Eian Elmer,M-OH,Free Throws Made,2.0
Eian Elmer,M-OH,Free Throws Attempted,2.0
Eian Elmer,M-OH,Offensive Rebounds,1.0
Eian Elmer,M-OH,Defensive Rebounds,7.0
Eian Elmer,M-OH,Personal Fouls,1.0
Eian Elmer,M-OH,Fantasy Score,52.0
Eian Elmer,M-OH,Pts+Rebs+Asts,32.0
Eian Elmer,M-OH,PRA,32.0
Eian Elmer,M-OH,Pts+Rebs,29.0
Eian Elmer,M-OH,Pts+Asts,24.0
Eian Elmer,M-OH,Rebs+Asts,11.0
Eian Elmer,M-OH,Blks+Stls,5.0
Kyle Waltz,M-OH,Points,0.0
Kyle Waltz,M-OH,Rebounds,0.0
Kyle Waltz,M-OH,Assists,0.0
Kyle Waltz,M-OH,Blocked Shots,0.0
Kyle Waltz,M-OH,Steals,0.0
Kyle Waltz,M-OH,Turnovers,0.0
Kyle Waltz,M-OH,FG Made,0.0
Kyle Waltz,M-OH,FG Attempted,0.0
Kyle Waltz,M-OH,3-PT Made,0.0
Kyle Waltz,M-OH,3-PT Attempted,0.0
Kyle Waltz,M-OH,Two Pointers Made,0.0
Kyle Waltz,M-OH,Two Pointers Attempted,0.0
Kyle Waltz,M-OH,Free Throws Made,0.0
Kyle Waltz,M-OH,Free Throws Attempted,0.0
Kyle Waltz,M-OH,Offensive Rebounds,0.0
Kyle Waltz,M-OH,Defensive Rebounds,0.0
Kyle Waltz,M-OH,Personal Fouls,0.0
Kyle Waltz,M-OH,Fantasy Score,0.0
Kyle Waltz,M-OH,Pts+Rebs+Asts,0.0
Kyle Waltz,M-OH,PRA,0.0
Kyle Waltz,M-OH,Pts+Rebs,0.0
Kyle Waltz,M-OH,Pts+Asts,0.0
Kyle Waltz,M-OH,Rebs+Asts,0.0
Kyle Waltz,M-OH,Blks+Stls,0.0
Tyler Robbins,M-OH,Points,0.0
Tyler Robbins,M-OH,Rebounds,0.0
Tyler Robbins,M-OH,Assists,0.0
Tyler Robbins,M-OH,Blocked Shots,0.0
Tyler Robbins,M-OH,Steals,0.0
Tyler Robbins,M-OH,Turnovers,0.0
Tyler Robbins,M-OH,FG Made,0.0
Tyler Robbins,M-OH,FG Attempted,0.0
Tyler Robbins,M-OH,3-PT Made,0.0
Tyler Robbins,M-OH,3-PT Attempted,0.0
Tyler Robbins,M-OH,Two Pointers Made,0.0
Tyler Robbins,M-OH,Two Pointers Attempted,0.0
Tyler Robbins,M-OH,Free Throws Made,0.0
Tyler Robbins,M-OH,Free Throws Attempted,0.0
Tyler Robbins,M-OH,Offensive Rebounds,0.0
Tyler Robbins,M-OH,Defensive Rebounds,0.0
Tyler Robbins,M-OH,Personal Fouls,0.0
Tyler Robbins,M-OH,Fantasy Score,0.0
Tyler Robbins,M-OH,Pts+Rebs+Asts,0.0
Tyler Robbins,M-OH,PRA,0.0
Tyler Robbins,M-OH,Pts+Rebs,0.0
Tyler Robbins,M-OH,Pts+Asts,0.0
Tyler Robbins,M-OH,Rebs+Asts,0.0
Tyler Robbins,M-OH,Blks+Stls,0.0
Almar Atlason,M-OH,Points,3.0
Almar Atlason,M-OH,Rebounds,0.0
Almar Atlason,M-OH,Assists,0.0
Almar Atlason,M-OH,Blocked Shots,0.0
Almar Atlason,M-OH,Steals,0.0
Almar Atlason,M-OH,Turnovers,0.0
Almar Atlason,M-OH,FG Made,1.0
Almar Atlason,M-OH,FG Attempted,1.0
Almar Atlason,M-OH,3-PT Made,1.0
Almar Atlason,M-OH,3-PT Attempted,1.0
Almar Atlason,M-OH,Two Pointers Made,0.0
Almar Atlason,M-OH,Two Pointers Attempted,0.0
Almar Atlason,M-OH,Free Throws Made,0.0
Almar Atlason,M-OH,Free Throws Attempted,2.0
Almar Atlason,M-OH,Offensive Rebounds,0.0
Almar Atlason,M-OH,Defensive Rebounds,0.0
Almar Atlason,M-OH,Personal Fouls,1.0
Almar Atlason,M-OH,Fantasy Score,3.5
Almar Atlason,M-OH,Pts+Rebs+Asts,3.0
Almar Atlason,M-OH,PRA,3.0
Almar Atlason,M-OH,Pts+Rebs,3.0
Almar Atlason,M-OH,Pts+Asts,3.0
Almar Atlason,M-OH,Rebs+Asts,0.0
Almar Atlason,M-OH,Blks+Stls,0.0
Jackson Kotecki,M-OH,Points,0.0
Jackson Kotecki,M-OH,Rebounds,1.0
Jackson Kotecki,M-OH,Assists,0.0
Jackson Kotecki,M-OH,Blocked Shots,0.0
Jackson Kotecki,M-OH,Steals,0.0
Jackson Kotecki,M-OH,Turnovers,0.0
Jackson Kotecki,M-OH,FG Made,0.0
Jackson Kotecki,M-OH,FG Attempted,0.0
Jackson Kotecki,M-OH,3-PT Made,0.0
Jackson Kotecki,M-OH,3-PT Attempted,0.0
Jackson Kotecki,M-OH,Two Pointers Made,0.0
Jackson Kotecki,M-OH,Two Pointers Attempted,0.0
Jackson Kotecki,M-OH,Free Throws Made,0.0
Jackson Kotecki,M-OH,Free Throws Attempted,0.0
Jackson Kotecki,M-OH,Offensive Rebounds,0.0
Jackson Kotecki,M-OH,Defensive Rebounds,1.0
Jackson Kotecki,M-OH,Personal Fouls,0.0
Jackson Kotecki,M-OH,Fantasy Score,1.2
Jackson Kotecki,M-OH,Pts+Rebs+Asts,1.0
Jackson Kotecki,M-OH,PRA,1.0
Jackson Kotecki,M-OH,Pts+Rebs,1.0
Jackson Kotecki,M-OH,Pts+Asts,0.0
Jackson Kotecki,M-OH,Rebs+Asts,1.0
Jackson Kotecki,M-OH,Blks+Stls,0.0
Justin Kirby,M-OH,Points,6.0
Justin Kirby,M-OH,Rebounds,3.0
Justin Kirby,M-OH,Assists,1.0
Justin Kirby,M-OH,Blocked Shots,0.0
Justin Kirby,M-OH,Steals,0.0
Justin Kirby,M-OH,Turnovers,0.0
Justin Kirby,M-OH,FG Made,3.0
Justin Kirby,M-OH,FG Attempted,6.0
Justin Kirby,M-OH,3-PT Made,0.0
Justin Kirby,M-OH,3-PT Attempted,2.0
Justin Kirby,M-OH,Two Pointers Made,3.0
Justin Kirby,M-OH,Two Pointers Attempted,4.0
Justin Kirby,M-OH,Free Throws Made,0.0
Justin Kirby,M-OH,Free Throws Attempted,0.0
Justin Kirby,M-OH,Offensive Rebounds,3.0
Justin Kirby,M-OH,Defensive Rebounds,0.0
Justin Kirby,M-OH,Personal Fouls,2.0
Justin Kirby,M-OH,Fantasy Score,11.2
Justin Kirby,M-OH,Pts+Rebs+Asts,10.0
Justin Kirby,M-OH,PRA,10.0
Justin Kirby,M-OH,Pts+Rebs,9.0
Justin Kirby,M-OH,Pts+Asts,7.0
Justin Kirby,M-OH,Rebs+Asts,4.0
Justin Kirby,M-OH,Blks+Stls,0.0
Trey Perry,M-OH,Points,8.0
Trey Perry,M-OH,Rebounds,3.0
Trey Perry,M-OH,Assists,0.0
Trey Perry,M-OH,Blocked Shots,0.0
Trey Perry,M-OH,Steals,0.0
Trey Perry,M-OH,Turnovers,0.0
Trey Perry,M-OH,FG Made,1.0
Trey Perry,M-OH,FG Attempted,3.0
Trey Perry,M-OH,3-PT Made,1.0
Trey Perry,M-OH,3-PT Attempted,3.0
Trey Perry,M-OH,Two Pointers Made,0.0
Trey Perry,M-OH,Two Pointers Attempted,0.0
Trey Perry,M-OH,Free Throws Made,5.0
Trey Perry,M-OH,Free Throws Attempted,8.0
Trey Perry,M-OH,Offensive Rebounds,0.0
Trey Perry,M-OH,Defensive Rebounds,3.0
Trey Perry,M-OH,Personal Fouls,1.0
Trey Perry,M-OH,Fantasy Score,12.2
Trey Perry,M-OH,Pts+Rebs+Asts,11.0
Trey Perry,M-OH,PRA,11.0
Trey Perry,M-OH,Pts+Rebs,11.0
Trey Perry,M-OH,Pts+Asts,8.0
Trey Perry,M-OH,Rebs+Asts,3.0
Trey Perry,M-OH,Blks+Stls,0.0
Brant Byers,M-OH,Points,9.0
Brant Byers,M-OH,Rebounds,2.0
Brant Byers,M-OH,Assists,0.0
Brant Byers,M-OH,Blocked Shots,1.0
Brant Byers,M-OH,Steals,0.0
Brant Byers,M-OH,Turnovers,2.0
Brant Byers,M-OH,FG Made,2.0
Brant Byers,M-OH,FG Attempted,6.0
Brant Byers,M-OH,3-PT Made,0.0
Brant Byers,M-OH,3-PT Attempted,2.0
Brant Byers,M-OH,Two Pointers Made,2.0
Brant Byers,M-OH,Two Pointers Attempted,4.0
Brant Byers,M-OH,Free Throws Made,5.0
Brant Byers,M-OH,Free Throws Attempted,6.0
Brant Byers,M-OH,Offensive Rebounds,0.0
Brant Byers,M-OH,Defensive Rebounds,2.0
Brant Byers,M-OH,Personal Fouls,1.0
Brant Byers,M-OH,Fantasy Score,12.5
Brant Byers,M-OH,Pts+Rebs+Asts,11.0
Brant Byers,M-OH,PRA,11.0
Brant Byers,M-OH,Pts+Rebs,11.0
Brant Byers,M-OH,Pts+Asts,9.0
Brant Byers,M-OH,Rebs+Asts,2.0
Brant Byers,M-OH,Blks+Stls,1.0
