nba_player_id,projection_id,pp_projection_id,player_id,pp_game_id,start_time,pp_home_team,pp_away_team,player,pos,team,opp_team,line,prop_type,prop_norm,pick_type,standard_line,deviation_level,image_url,game_date,player_1,player_2,team_1,team_2,id_status,is_combo_player,OPP_PTS,OPP_FGA,OPP_FGM,OPP_FG3A,OPP_FG3M,OPP_FTA,OPP_TOV,OPP_2PA,OPP_2PM,OPP_2PTS,OPP_PTS_RANK,OPP_FG3M_RANK,OPP_FG3A_RANK,OPP_FGA_RANK,OPP_FGM_RANK,OPP_2PA_RANK,OPP_2PM_RANK,OPP_2PTS_RANK,OPP_FTA_RANK,OPP_TOV_FORCED_RANK,OVERALL_DEF_SCORE,OVERALL_DEF_RANK,DEF_TIER
1628973,11845389,11845389,174288,156675,2026-05-04T20:00:00.000-04:00,,,Jalen Brunson,G,NYK,PHI,14.5,Points,pts,Demon,8.5,3,https://static.prizepicks.com/images/players/NBA/Jalen_Brunson_NBA_player_yiwlT8GHgktYu1WBoRvjpRr8.webp,2026-05-04,,,,,OK,0,116.1,89.6,41.8,37.9,13.4,24.2,15.4,51.699999999999996,28.4,56.8,19,17,19,19,15,12,13,13,21,9,17.129032258064516,20,Below Avg
1628973,11845387,11845387,174288,156675,2026-05-04T20:00:00.000-04:00,,,Jalen Brunson,G,NYK,PHI,11.5,Points,pts,Demon,8.5,2,https://static.prizepicks.com/images/players/NBA/Jalen_Brunson_NBA_player_yiwlT8GHgktYu1WBoRvjpRr8.webp,2026-05-04,,,,,OK,0,116.1,89.6,41.8,37.9,13.4,24.2,15.4,51.699999999999996,28.4,56.8,19,17,19,19,15,12,13,13,21,9,17.129032258064516,20,Below Avg
203954,11845397,11845397,64150,156675,2026-05-04T20:00:00.000-04:00,,,Joel Embiid,C-F,PHI,NYK,11.5,Points,pts,Demon,7.0,3,https://static.prizepicks.com/images/players/NBA/Joel_Embiid_NBA_player_UhZzicEIsGHhbOqDDZRX5V6V.webp,2026-05-04,,,,,OK,0,110.1,85.5,39.3,38.4,13.9,22.7,14.4,47.1,25.4,50.8,5,21,22,3,4,1,4,4,11,18,6.64516129032258,3,Elite
1630178,11845428,11845428,64152,156675,2026-05-04T20:00:00.000-04:00,,,Tyrese Maxey,G,PHI,NYK,11.5,Points,pts,Demon,7.0,3,https://static.prizepicks.com/images/players/NBA/Tyrese_Maxey_NBA_player_2Em7ba9RgTz4wL2vdHJo0xwR.webp,2026-05-04,,,,,OK,0,110.1,85.5,39.3,38.4,13.9,22.7,14.4,47.1,25.4,50.8,5,21,22,3,4,1,4,4,11,18,6.64516129032258,3,Elite
203954,11852450,11852450,64150,156675,2026-05-04T20:00:00.000-04:00,,,Joel Embiid,C-F,PHI,NYK,10.5,Points,pts,Demon,7.0,2,https://static.prizepicks.com/images/players/NBA/Joel_Embiid_NBA_player_UhZzicEIsGHhbOqDDZRX5V6V.webp,2026-05-04,,,,,OK,0,110.1,85.5,39.3,38.4,13.9,22.7,14.4,47.1,25.4,50.8,5,21,22,3,4,1,4,4,11,18,6.64516129032258,3,Elite
1630178,11852508,11852508,64152,156675,2026-05-04T20:00:00.000-04:00,,,Tyrese Maxey,G,PHI,NYK,10.5,Points,pts,Demon,7.0,2,https://static.prizepicks.com/images/players/NBA/Tyrese_Maxey_NBA_player_2Em7ba9RgTz4wL2vdHJo0xwR.webp,2026-05-04,,,,,OK,0,110.1,85.5,39.3,38.4,13.9,22.7,14.4,47.1,25.4,50.8,5,21,22,3,4,1,4,4,11,18,6.64516129032258,3,Elite
1628973,11845388,11845388,174288,156675,2026-05-04T20:00:00.000-04:00,,,Jalen Brunson,G,NYK,PHI,9.5,Points,pts,Demon,8.5,1,https://static.prizepicks.com/images/players/NBA/Jalen_Brunson_NBA_player_yiwlT8GHgktYu1WBoRvjpRr8.webp,2026-05-04,,,,,OK,0,116.1,89.6,41.8,37.9,13.4,24.2,15.4,51.699999999999996,28.4,56.8,19,17,19,19,15,12,13,13,21,9,17.129032258064516,20,Below Avg
203954,11845396,11845396,64150,156675,2026-05-04T20:00:00.000-04:00,,,Joel Embiid,C-F,PHI,NYK,9.5,Points,pts,Demon,7.0,1,https://static.prizepicks.com/images/players/NBA/Joel_Embiid_NBA_player_UhZzicEIsGHhbOqDDZRX5V6V.webp,2026-05-04,,,,,OK,0,110.1,85.5,39.3,38.4,13.9,22.7,14.4,47.1,25.4,50.8,5,21,22,3,4,1,4,4,11,18,6.64516129032258,3,Elite
1628384,11845416,11845416,183319,156675,2026-05-04T20:00:00.000-04:00,,,OG Anunoby,F-G,NYK,PHI,9.5,Points,pts,Demon,4.5,3,https://static.prizepicks.com/images/players/NBA/OG_Anunoby_NBA_player_7g4oOE9EMB4tFkaOcu1UCAZ0.webp,2026-05-04,,,,,OK,0,116.1,89.6,41.8,37.9,13.4,24.2,15.4,51.699999999999996,28.4,56.8,19,17,19,19,15,12,13,13,21,9,17.129032258064516,20,Below Avg
1630178,11845427,11845427,64152,156675,2026-05-04T20:00:00.000-04:00,,,Tyrese Maxey,G,PHI,NYK,9.5,Points,pts,Demon,7.0,1,https://static.prizepicks.com/images/players/NBA/Tyrese_Maxey_NBA_player_2Em7ba9RgTz4wL2vdHJo0xwR.webp,2026-05-04,,,,,OK,0,110.1,85.5,39.3,38.4,13.9,22.7,14.4,47.1,25.4,50.8,5,21,22,3,4,1,4,4,11,18,6.64516129032258,3,Elite
1628973,11846099,11846099,174288,156675,2026-05-04T20:00:00.000-04:00,,,Jalen Brunson,G,NYK,PHI,8.5,Points,pts,Standard,8.5,0,https://static.prizepicks.com/images/players/NBA/Jalen_Brunson_NBA_player_yiwlT8GHgktYu1WBoRvjpRr8.webp,2026-05-04,,,,,OK,0,116.1,89.6,41.8,37.9,13.4,24.2,15.4,51.699999999999996,28.4,56.8,19,17,19,19,15,12,13,13,21,9,17.129032258064516,20,Below Avg
1626157,11845406,11845406,216799,156675,2026-05-04T20:00:00.000-04:00,,,Karl-Anthony Towns,C-F,NYK,PHI,7.5,Points,pts,Demon,4.0,2,https://static.prizepicks.com/images/players/NBA/Karl-Anthony_Towns_NBA_player_qsD13lWREH4SgwkL0ZD1D8gt.webp,2026-05-04,,,,,OK,0,116.1,89.6,41.8,37.9,13.4,24.2,15.4,51.699999999999996,28.4,56.8,19,17,19,19,15,12,13,13,21,9,17.129032258064516,20,Below Avg
1626162,11845409,11845409,175557,156675,2026-05-04T20:00:00.000-04:00,,,Kelly Oubre,F-G,PHI,NYK,7.5,Points,pts,Demon,,3,https://static.prizepicks.com/images/players/NBA/Kelly_Oubre_Jr._NBA_player_XUGImHjsqxeRtcBiPgSDXMYm.webp,2026-05-04,,,,,OK,0,110.1,85.5,39.3,38.4,13.9,22.7,14.4,47.1,25.4,50.8,5,21,22,3,4,1,4,4,11,18,6.64516129032258,3,Elite
1628384,11845415,11845415,183319,156675,2026-05-04T20:00:00.000-04:00,,,OG Anunoby,F-G,NYK,PHI,7.5,Points,pts,Demon,4.5,2,https://static.prizepicks.com/images/players/NBA/OG_Anunoby_NBA_player_7g4oOE9EMB4tFkaOcu1UCAZ0.webp,2026-05-04,,,,,OK,0,116.1,89.6,41.8,37.9,13.4,24.2,15.4,51.699999999999996,28.4,56.8,19,17,19,19,15,12,13,13,21,9,17.129032258064516,20,Below Avg
202331,11845421,11845421,218115,156675,2026-05-04T20:00:00.000-04:00,,,Paul George,F,PHI,NYK,7.5,Points,pts,Demon,3.0,3,https://static.prizepicks.com/images/players/NBA/Paul_George_NBA_player_H4SFculbifsDYkJeMUCIHqCm.webp,2026-05-04,,,,,OK,0,110.1,85.5,39.3,38.4,13.9,22.7,14.4,47.1,25.4,50.8,5,21,22,3,4,1,4,4,11,18,6.64516129032258,3,Elite
203954,11848568,11848568,64150,156675,2026-05-04T20:00:00.000-04:00,,,Joel Embiid,C-F,PHI,NYK,7.0,Points,pts,Standard,7.0,0,https://static.prizepicks.com/images/players/NBA/Joel_Embiid_NBA_player_UhZzicEIsGHhbOqDDZRX5V6V.webp,2026-05-04,,,,,OK,0,110.1,85.5,39.3,38.4,13.9,22.7,14.4,47.1,25.4,50.8,5,21,22,3,4,1,4,4,11,18,6.64516129032258,3,Elite
1630178,11850056,11850056,64152,156675,2026-05-04T20:00:00.000-04:00,,,Tyrese Maxey,G,PHI,NYK,7.0,Points,pts,Standard,7.0,0,https://static.prizepicks.com/images/players/NBA/Tyrese_Maxey_NBA_player_2Em7ba9RgTz4wL2vdHJo0xwR.webp,2026-05-04,,,,,OK,0,110.1,85.5,39.3,38.4,13.9,22.7,14.4,47.1,25.4,50.8,5,21,22,3,4,1,4,4,11,18,6.64516129032258,3,Elite
1628973,11852440,11852440,174288,156675,2026-05-04T20:00:00.000-04:00,,,Jalen Brunson,G,NYK,PHI,6.5,Points,pts,Goblin,8.5,1,https://static.prizepicks.com/images/players/NBA/Jalen_Brunson_NBA_player_yiwlT8GHgktYu1WBoRvjpRr8.webp,2026-05-04,,,,,OK,0,116.1,89.6,41.8,37.9,13.4,24.2,15.4,51.699999999999996,28.4,56.8,19,17,19,19,15,12,13,13,21,9,17.129032258064516,20,Below Avg
203954,11845395,11845395,64150,156675,2026-05-04T20:00:00.000-04:00,,,Joel Embiid,C-F,PHI,NYK,5.5,Points,pts,Goblin,7.0,1,https://static.prizepicks.com/images/players/NBA/Joel_Embiid_NBA_player_UhZzicEIsGHhbOqDDZRX5V6V.webp,2026-05-04,,,,,OK,0,110.1,85.5,39.3,38.4,13.9,22.7,14.4,47.1,25.4,50.8,5,21,22,3,4,1,4,4,11,18,6.64516129032258,3,Elite
1628404,11845400,11845400,177944,156675,2026-05-04T20:00:00.000-04:00,,,Josh Hart,G,NYK,PHI,5.5,Points,pts,Demon,2.5,2,https://static.prizepicks.com/images/players/NBA/Josh_Hart_NBA_player_H4eKetTATQuBYqjr3k7PBmJd.webp,2026-05-04,,,,,OK,0,116.1,89.6,41.8,37.9,13.4,24.2,15.4,51.699999999999996,28.4,56.8,19,17,19,19,15,12,13,13,21,9,17.129032258064516,20,Below Avg
1626157,11845405,11845405,216799,156675,2026-05-04T20:00:00.000-04:00,,,Karl-Anthony Towns,C-F,NYK,PHI,5.5,Points,pts,Demon,4.0,1,https://static.prizepicks.com/images/players/NBA/Karl-Anthony_Towns_NBA_player_qsD13lWREH4SgwkL0ZD1D8gt.webp,2026-05-04,,,,,OK,0,116.1,89.6,41.8,37.9,13.4,24.2,15.4,51.699999999999996,28.4,56.8,19,17,19,19,15,12,13,13,21,9,17.129032258064516,20,Below Avg
1626162,11845408,11845408,175557,156675,2026-05-04T20:00:00.000-04:00,,,Kelly Oubre,F-G,PHI,NYK,5.5,Points,pts,Demon,,2,https://static.prizepicks.com/images/players/NBA/Kelly_Oubre_Jr._NBA_player_XUGImHjsqxeRtcBiPgSDXMYm.webp,2026-05-04,,,,,OK,0,110.1,85.5,39.3,38.4,13.9,22.7,14.4,47.1,25.4,50.8,5,21,22,3,4,1,4,4,11,18,6.64516129032258,3,Elite
1628969,11845412,11845412,216798,156675,2026-05-04T20:00:00.000-04:00,,,Mikal Bridges,G-F,NYK,PHI,5.5,Points,pts,Demon,2.5,2,https://static.prizepicks.com/images/players/NBA/Mikal_Bridges_NBA_player_GWFvIk1UqZwpQez5aYd322k.webp,2026-05-04,,,,,OK,0,116.1,89.6,41.8,37.9,13.4,24.2,15.4,51.699999999999996,28.4,56.8,19,17,19,19,15,12,13,13,21,9,17.129032258064516,20,Below Avg
1628384,11845414,11845414,183319,156675,2026-05-04T20:00:00.000-04:00,,,OG Anunoby,F-G,NYK,PHI,5.5,Points,pts,Demon,4.5,1,https://static.prizepicks.com/images/players/NBA/OG_Anunoby_NBA_player_7g4oOE9EMB4tFkaOcu1UCAZ0.webp,2026-05-04,,,,,OK,0,116.1,89.6,41.8,37.9,13.4,24.2,15.4,51.699999999999996,28.4,56.8,19,17,19,19,15,12,13,13,21,9,17.129032258064516,20,Below Avg
202331,11845420,11845420,218115,156675,2026-05-04T20:00:00.000-04:00,,,Paul George,F,PHI,NYK,5.5,Points,pts,Demon,3.0,2,https://static.prizepicks.com/images/players/NBA/Paul_George_NBA_player_H4SFculbifsDYkJeMUCIHqCm.webp,2026-05-04,,,,,OK,0,110.1,85.5,39.3,38.4,13.9,22.7,14.4,47.1,25.4,50.8,5,21,22,3,4,1,4,4,11,18,6.64516129032258,3,Elite
1630178,11845426,11845426,64152,156675,2026-05-04T20:00:00.000-04:00,,,Tyrese Maxey,G,PHI,NYK,5.5,Points,pts,Goblin,7.0,1,https://static.prizepicks.com/images/players/NBA/Tyrese_Maxey_NBA_player_2Em7ba9RgTz4wL2vdHJo0xwR.webp,2026-05-04,,,,,OK,0,110.1,85.5,39.3,38.4,13.9,22.7,14.4,47.1,25.4,50.8,5,21,22,3,4,1,4,4,11,18,6.64516129032258,3,Elite
1642845,11845435,11845435,271632,156675,2026-05-04T20:00:00.000-04:00,,,VJ Edgecombe,G,PHI,NYK,5.5,Points,pts,Demon,2.5,1,https://static.prizepicks.com/images/manual/VJ_Edgecomb.png,2026-05-04,,,,,OK,0,110.1,85.5,39.3,38.4,13.9,22.7,14.4,47.1,25.4,50.8,5,21,22,3,4,1,4,4,11,18,6.64516129032258,3,Elite
1626157,11852476,11852476,216799,156675,2026-05-04T20:00:00.000-04:00,,,Karl-Anthony Towns,C-F,NYK,PHI,5.5,Rebounds,reb,Demon,,2,https://static.prizepicks.com/images/players/NBA/Karl-Anthony_Towns_NBA_player_qsD13lWREH4SgwkL0ZD1D8gt.webp,2026-05-04,,,,,OK,0,116.1,89.6,41.8,37.9,13.4,24.2,15.4,51.699999999999996,28.4,56.8,19,17,19,19,15,12,13,13,21,9,17.129032258064516,20,Below Avg
1628973,11852598,11852598,174288,156675,2026-05-04T20:00:00.000-04:00,,,Jalen Brunson,G,NYK,PHI,5.5,Points,pts,Goblin,8.5,2,https://static.prizepicks.com/images/players/NBA/Jalen_Brunson_NBA_player_yiwlT8GHgktYu1WBoRvjpRr8.webp,2026-05-04,,,,,OK,0,116.1,89.6,41.8,37.9,13.4,24.2,15.4,51.699999999999996,28.4,56.8,19,17,19,19,15,12,13,13,21,9,17.129032258064516,20,Below Avg
1630540,11856377,11856377,192248,156675,2026-05-04T20:00:00.000-04:00,,,Miles McBride,G,NYK,PHI,5.5,Points,pts,Demon,,3,https://static.prizepicks.com/images/players/NBA/Miles_McBride_NBA_player_8YvNuEefdumSLGKRMx4kSzCH.webp,2026-05-04,,,,,OK,0,116.1,89.6,41.8,37.9,13.4,24.2,15.4,51.699999999999996,28.4,56.8,19,17,19,19,15,12,13,13,21,9,17.129032258064516,20,Below Avg
1628384,11845219,11845219,183319,156675,2026-05-04T20:00:00.000-04:00,,,OG Anunoby,F-G,NYK,PHI,4.5,Points,pts,Standard,4.5,0,https://static.prizepicks.com/images/players/NBA/OG_Anunoby_NBA_player_7g4oOE9EMB4tFkaOcu1UCAZ0.webp,2026-05-04,,,,,OK,0,116.1,89.6,41.8,37.9,13.4,24.2,15.4,51.699999999999996,28.4,56.8,19,17,19,19,15,12,13,13,21,9,17.129032258064516,20,Below Avg
202331,11846318,11846318,218115,156675,2026-05-04T20:00:00.000-04:00,,,Paul George,F,PHI,NYK,4.5,Points,pts,Demon,3.0,1,https://static.prizepicks.com/images/players/NBA/Paul_George_NBA_player_H4SFculbifsDYkJeMUCIHqCm.webp,2026-05-04,,,,,OK,0,110.1,85.5,39.3,38.4,13.9,22.7,14.4,47.1,25.4,50.8,5,21,22,3,4,1,4,4,11,18,6.64516129032258,3,Elite
1630178,11847468,11847468,64152,156675,2026-05-04T20:00:00.000-04:00,,,Tyrese Maxey,G,PHI,NYK,4.5,Points,pts,Goblin,7.0,2,https://static.prizepicks.com/images/players/NBA/Tyrese_Maxey_NBA_player_2Em7ba9RgTz4wL2vdHJo0xwR.webp,2026-05-04,,,,,OK,0,110.1,85.5,39.3,38.4,13.9,22.7,14.4,47.1,25.4,50.8,5,21,22,3,4,1,4,4,11,18,6.64516129032258,3,Elite
203954,11852449,11852449,64150,156675,2026-05-04T20:00:00.000-04:00,,,Joel Embiid,C-F,PHI,NYK,4.5,Points,pts,Goblin,7.0,2,https://static.prizepicks.com/images/players/NBA/Joel_Embiid_NBA_player_UhZzicEIsGHhbOqDDZRX5V6V.webp,2026-05-04,,,,,OK,0,110.1,85.5,39.3,38.4,13.9,22.7,14.4,47.1,25.4,50.8,5,21,22,3,4,1,4,4,11,18,6.64516129032258,3,Elite
203954,11852458,11852458,64150,156675,2026-05-04T20:00:00.000-04:00,,,Joel Embiid,C-F,PHI,NYK,4.5,Rebounds,reb,Demon,,2,https://static.prizepicks.com/images/players/NBA/Joel_Embiid_NBA_player_UhZzicEIsGHhbOqDDZRX5V6V.webp,2026-05-04,,,,,OK,0,110.1,85.5,39.3,38.4,13.9,22.7,14.4,47.1,25.4,50.8,5,21,22,3,4,1,4,4,11,18,6.64516129032258,3,Elite
1628404,11852468,11852468,177944,156675,2026-05-04T20:00:00.000-04:00,,,Josh Hart,G,NYK,PHI,4.5,Rebounds,reb,Demon,,2,https://static.prizepicks.com/images/players/NBA/Josh_Hart_NBA_player_H4eKetTATQuBYqjr3k7PBmJd.webp,2026-05-04,,,,,OK,0,116.1,89.6,41.8,37.9,13.4,24.2,15.4,51.699999999999996,28.4,56.8,19,17,19,19,15,12,13,13,21,9,17.129032258064516,20,Below Avg
1626157,11852475,11852475,216799,156675,2026-05-04T20:00:00.000-04:00,,,Karl-Anthony Towns,C-F,NYK,PHI,4.5,Rebounds,reb,Demon,,1,https://static.prizepicks.com/images/players/NBA/Karl-Anthony_Towns_NBA_player_qsD13lWREH4SgwkL0ZD1D8gt.webp,2026-05-04,,,,,OK,0,116.1,89.6,41.8,37.9,13.4,24.2,15.4,51.699999999999996,28.4,56.8,19,17,19,19,15,12,13,13,21,9,17.129032258064516,20,Below Avg
1626157,11850055,11850055,216799,156675,2026-05-04T20:00:00.000-04:00,,,Karl-Anthony Towns,C-F,NYK,PHI,4.0,Points,pts,Standard,4.0,0,https://static.prizepicks.com/images/players/NBA/Karl-Anthony_Towns_NBA_player_qsD13lWREH4SgwkL0ZD1D8gt.webp,2026-05-04,,,,,OK,0,116.1,89.6,41.8,37.9,13.4,24.2,15.4,51.699999999999996,28.4,56.8,19,17,19,19,15,12,13,13,21,9,17.129032258064516,20,Below Avg
1626162,11845261,11845261,175557,156675,2026-05-04T20:00:00.000-04:00,,,Kelly Oubre,F-G,PHI,NYK,3.5,Points,pts,Demon,,1,https://static.prizepicks.com/images/players/NBA/Kelly_Oubre_Jr._NBA_player_XUGImHjsqxeRtcBiPgSDXMYm.webp,2026-05-04,,,,,OK,0,110.1,85.5,39.3,38.4,13.9,22.7,14.4,47.1,25.4,50.8,5,21,22,3,4,1,4,4,11,18,6.64516129032258,3,Elite
1628404,11845399,11845399,177944,156675,2026-05-04T20:00:00.000-04:00,,,Josh Hart,G,NYK,PHI,3.5,Points,pts,Demon,2.5,1,https://static.prizepicks.com/images/players/NBA/Josh_Hart_NBA_player_H4eKetTATQuBYqjr3k7PBmJd.webp,2026-05-04,,,,,OK,0,116.1,89.6,41.8,37.9,13.4,24.2,15.4,51.699999999999996,28.4,56.8,19,17,19,19,15,12,13,13,21,9,17.129032258064516,20,Below Avg
1626157,11845404,11845404,216799,156675,2026-05-04T20:00:00.000-04:00,,,Karl-Anthony Towns,C-F,NYK,PHI,3.5,Points,pts,Goblin,4.0,1,https://static.prizepicks.com/images/players/NBA/Karl-Anthony_Towns_NBA_player_qsD13lWREH4SgwkL0ZD1D8gt.webp,2026-05-04,,,,,OK,0,116.1,89.6,41.8,37.9,13.4,24.2,15.4,51.699999999999996,28.4,56.8,19,17,19,19,15,12,13,13,21,9,17.129032258064516,20,Below Avg
1628969,11845411,11845411,216798,156675,2026-05-04T20:00:00.000-04:00,,,Mikal Bridges,G-F,NYK,PHI,3.5,Points,pts,Demon,2.5,1,https://static.prizepicks.com/images/players/NBA/Mikal_Bridges_NBA_player_GWFvIk1UqZwpQez5aYd322k.webp,2026-05-04,,,,,OK,0,116.1,89.6,41.8,37.9,13.4,24.2,15.4,51.699999999999996,28.4,56.8,19,17,19,19,15,12,13,13,21,9,17.129032258064516,20,Below Avg
1628384,11845413,11845413,183319,156675,2026-05-04T20:00:00.000-04:00,,,OG Anunoby,F-G,NYK,PHI,3.5,Points,pts,Goblin,4.5,1,https://static.prizepicks.com/images/players/NBA/OG_Anunoby_NBA_player_7g4oOE9EMB4tFkaOcu1UCAZ0.webp,2026-05-04,,,,,OK,0,116.1,89.6,41.8,37.9,13.4,24.2,15.4,51.699999999999996,28.4,56.8,19,17,19,19,15,12,13,13,21,9,17.129032258064516,20,Below Avg
1628973,11852437,11852437,174288,156675,2026-05-04T20:00:00.000-04:00,,,Jalen Brunson,G,NYK,PHI,3.5,Assists,ast,Demon,,2,https://static.prizepicks.com/images/players/NBA/Jalen_Brunson_NBA_player_yiwlT8GHgktYu1WBoRvjpRr8.webp,2026-05-04,,,,,OK,0,116.1,89.6,41.8,37.9,13.4,24.2,15.4,51.699999999999996,28.4,56.8,19,17,19,19,15,12,13,13,21,9,17.129032258064516,20,Below Avg
203954,11852457,11852457,64150,156675,2026-05-04T20:00:00.000-04:00,,,Joel Embiid,C-F,PHI,NYK,3.5,Rebounds,reb,Demon,,1,https://static.prizepicks.com/images/players/NBA/Joel_Embiid_NBA_player_UhZzicEIsGHhbOqDDZRX5V6V.webp,2026-05-04,,,,,OK,0,110.1,85.5,39.3,38.4,13.9,22.7,14.4,47.1,25.4,50.8,5,21,22,3,4,1,4,4,11,18,6.64516129032258,3,Elite
1628404,11852467,11852467,177944,156675,2026-05-04T20:00:00.000-04:00,,,Josh Hart,G,NYK,PHI,3.5,Rebounds,reb,Demon,,1,https://static.prizepicks.com/images/players/NBA/Josh_Hart_NBA_player_H4eKetTATQuBYqjr3k7PBmJd.webp,2026-05-04,,,,,OK,0,116.1,89.6,41.8,37.9,13.4,24.2,15.4,51.699999999999996,28.4,56.8,19,17,19,19,15,12,13,13,21,9,17.129032258064516,20,Below Avg
1626162,11852484,11852484,175557,156675,2026-05-04T20:00:00.000-04:00,,,Kelly Oubre,F-G,PHI,NYK,3.5,Rebounds,reb,Demon,1.5,2,https://static.prizepicks.com/images/players/NBA/Kelly_Oubre_Jr._NBA_player_XUGImHjsqxeRtcBiPgSDXMYm.webp,2026-05-04,,,,,OK,0,110.1,85.5,39.3,38.4,13.9,22.7,14.4,47.1,25.4,50.8,5,21,22,3,4,1,4,4,11,18,6.64516129032258,3,Elite
1628384,11852496,11852496,183319,156675,2026-05-04T20:00:00.000-04:00,,,OG Anunoby,F-G,NYK,PHI,3.5,Rebounds,reb,Demon,,2,https://static.prizepicks.com/images/players/NBA/OG_Anunoby_NBA_player_7g4oOE9EMB4tFkaOcu1UCAZ0.webp,2026-05-04,,,,,OK,0,116.1,89.6,41.8,37.9,13.4,24.2,15.4,51.699999999999996,28.4,56.8,19,17,19,19,15,12,13,13,21,9,17.129032258064516,20,Below Avg
1630178,11852505,11852505,64152,156675,2026-05-04T20:00:00.000-04:00,,,Tyrese Maxey,G,PHI,NYK,3.5,Assists,ast,Demon,,2,https://static.prizepicks.com/images/players/NBA/Tyrese_Maxey_NBA_player_2Em7ba9RgTz4wL2vdHJo0xwR.webp,2026-05-04,,,,,OK,0,110.1,85.5,39.3,38.4,13.9,22.7,14.4,47.1,25.4,50.8,5,21,22,3,4,1,4,4,11,18,6.64516129032258,3,Elite
1642845,11852522,11852522,271632,156675,2026-05-04T20:00:00.000-04:00,,,VJ Edgecombe,G,PHI,NYK,3.5,Rebounds,reb,Demon,,3,https://static.prizepicks.com/images/manual/VJ_Edgecomb.png,2026-05-04,,,,,OK,0,110.1,85.5,39.3,38.4,13.9,22.7,14.4,47.1,25.4,50.8,5,21,22,3,4,1,4,4,11,18,6.64516129032258,3,Elite
1630540,11856376,11856376,192248,156675,2026-05-04T20:00:00.000-04:00,,,Miles McBride,G,NYK,PHI,3.5,Points,pts,Demon,,2,https://static.prizepicks.com/images/players/NBA/Miles_McBride_NBA_player_8YvNuEefdumSLGKRMx4kSzCH.webp,2026-05-04,,,,,OK,0,116.1,89.6,41.8,37.9,13.4,24.2,15.4,51.699999999999996,28.4,56.8,19,17,19,19,15,12,13,13,21,9,17.129032258064516,20,Below Avg
1629011,11856378,11856378,174294,156675,2026-05-04T20:00:00.000-04:00,,,Mitchell Robinson,C-F,NYK,PHI,3.5,Points,pts,Demon,0.5,1,https://static.prizepicks.com/images/players/NBA/Mitchell_Robinson_NBA_player_Vlje4U1sWQAEhuYQgdbVebrG.webp,2026-05-04,,,,,OK,0,116.1,89.6,41.8,37.9,13.4,24.2,15.4,51.699999999999996,28.4,56.8,19,17,19,19,15,12,13,13,21,9,17.129032258064516,20,Below Avg
1629656,11856396,11856396,228125,156675,2026-05-04T20:00:00.000-04:00,,,Quentin Grimes,G,PHI,NYK,3.5,Points,pts,Demon,,2,https://static.prizepicks.com/images/manual/Quentin_Grimes.png,2026-05-04,,,,,OK,0,110.1,85.5,39.3,38.4,13.9,22.7,14.4,47.1,25.4,50.8,5,21,22,3,4,1,4,4,11,18,6.64516129032258,3,Elite
203954,11866427,11866427,64150,156675,2026-05-04T20:00:00.000-04:00,,,Joel Embiid,C-F,PHI,NYK,3.5,Assists,ast,Demon,,3,https://static.prizepicks.com/images/players/NBA/Joel_Embiid_NBA_player_UhZzicEIsGHhbOqDDZRX5V6V.webp,2026-05-04,,,,,OK,0,110.1,85.5,39.3,38.4,13.9,22.7,14.4,47.1,25.4,50.8,5,21,22,3,4,1,4,4,11,18,6.64516129032258,3,Elite
202331,11845422,11845422,218115,156675,2026-05-04T20:00:00.000-04:00,,,Paul George,F,PHI,NYK,3.0,Points,pts,Standard,3.0,0,https://static.prizepicks.com/images/players/NBA/Paul_George_NBA_player_H4SFculbifsDYkJeMUCIHqCm.webp,2026-05-04,,,,,OK,0,110.1,85.5,39.3,38.4,13.9,22.7,14.4,47.1,25.4,50.8,5,21,22,3,4,1,4,4,11,18,6.64516129032258,3,Elite
1628404,11845211,11845211,177944,156675,2026-05-04T20:00:00.000-04:00,,,Josh Hart,G,NYK,PHI,2.5,Points,pts,Standard,2.5,0,https://static.prizepicks.com/images/players/NBA/Josh_Hart_NBA_player_H4eKetTATQuBYqjr3k7PBmJd.webp,2026-05-04,,,,,OK,0,116.1,89.6,41.8,37.9,13.4,24.2,15.4,51.699999999999996,28.4,56.8,19,17,19,19,15,12,13,13,21,9,17.129032258064516,20,Below Avg
1628969,11845216,11845216,216798,156675,2026-05-04T20:00:00.000-04:00,,,Mikal Bridges,G-F,NYK,PHI,2.5,Points,pts,Standard,2.5,0,https://static.prizepicks.com/images/players/NBA/Mikal_Bridges_NBA_player_GWFvIk1UqZwpQez5aYd322k.webp,2026-05-04,,,,,OK,0,116.1,89.6,41.8,37.9,13.4,24.2,15.4,51.699999999999996,28.4,56.8,19,17,19,19,15,12,13,13,21,9,17.129032258064516,20,Below Avg
1642845,11845434,11845434,271632,156675,2026-05-04T20:00:00.000-04:00,,,VJ Edgecombe,G,PHI,NYK,2.5,Points,pts,Standard,2.5,0,https://static.prizepicks.com/images/manual/VJ_Edgecomb.png,2026-05-04,,,,,OK,0,110.1,85.5,39.3,38.4,13.9,22.7,14.4,47.1,25.4,50.8,5,21,22,3,4,1,4,4,11,18,6.64516129032258,3,Elite
1626157,11846315,11846315,216799,156675,2026-05-04T20:00:00.000-04:00,,,Karl-Anthony Towns,C-F,NYK,PHI,2.5,Points,pts,Goblin,4.0,2,https://static.prizepicks.com/images/players/NBA/Karl-Anthony_Towns_NBA_player_qsD13lWREH4SgwkL0ZD1D8gt.webp,2026-05-04,,,,,OK,0,116.1,89.6,41.8,37.9,13.4,24.2,15.4,51.699999999999996,28.4,56.8,19,17,19,19,15,12,13,13,21,9,17.129032258064516,20,Below Avg
1628384,11846317,11846317,183319,156675,2026-05-04T20:00:00.000-04:00,,,OG Anunoby,F-G,NYK,PHI,2.5,Points,pts,Goblin,4.5,2,https://static.prizepicks.com/images/players/NBA/OG_Anunoby_NBA_player_7g4oOE9EMB4tFkaOcu1UCAZ0.webp,2026-05-04,,,,,OK,0,116.1,89.6,41.8,37.9,13.4,24.2,15.4,51.699999999999996,28.4,56.8,19,17,19,19,15,12,13,13,21,9,17.129032258064516,20,Below Avg
202331,11846319,11846319,218115,156675,2026-05-04T20:00:00.000-04:00,,,Paul George,F,PHI,NYK,2.5,Points,pts,Goblin,3.0,1,https://static.prizepicks.com/images/players/NBA/Paul_George_NBA_player_H4SFculbifsDYkJeMUCIHqCm.webp,2026-05-04,,,,,OK,0,110.1,85.5,39.3,38.4,13.9,22.7,14.4,47.1,25.4,50.8,5,21,22,3,4,1,4,4,11,18,6.64516129032258,3,Elite
1626157,11847590,11847590,216799,156675,2026-05-04T20:00:00.000-04:00,,,Karl-Anthony Towns,C-F,NYK,PHI,2.5,Rebounds,reb,Goblin,,1,https://static.prizepicks.com/images/players/NBA/Karl-Anthony_Towns_NBA_player_qsD13lWREH4SgwkL0ZD1D8gt.webp,2026-05-04,,,,,OK,0,116.1,89.6,41.8,37.9,13.4,24.2,15.4,51.699999999999996,28.4,56.8,19,17,19,19,15,12,13,13,21,9,17.129032258064516,20,Below Avg
1628973,11851582,11851582,174288,156675,2026-05-04T20:00:00.000-04:00,,,Jalen Brunson,G,NYK,PHI,2.5,Assists,ast,Demon,,1,https://static.prizepicks.com/images/players/NBA/Jalen_Brunson_NBA_player_yiwlT8GHgktYu1WBoRvjpRr8.webp,2026-05-04,,,,,OK,0,116.1,89.6,41.8,37.9,13.4,24.2,15.4,51.699999999999996,28.4,56.8,19,17,19,19,15,12,13,13,21,9,17.129032258064516,20,Below Avg
203954,11852447,11852447,64150,156675,2026-05-04T20:00:00.000-04:00,,,Joel Embiid,C-F,PHI,NYK,2.5,Assists,ast,Demon,,2,https://static.prizepicks.com/images/players/NBA/Joel_Embiid_NBA_player_UhZzicEIsGHhbOqDDZRX5V6V.webp,2026-05-04,,,,,OK,0,110.1,85.5,39.3,38.4,13.9,22.7,14.4,47.1,25.4,50.8,5,21,22,3,4,1,4,4,11,18,6.64516129032258,3,Elite
1628404,11852462,11852462,177944,156675,2026-05-04T20:00:00.000-04:00,,,Josh Hart,G,NYK,PHI,2.5,Assists,ast,Demon,,2,https://static.prizepicks.com/images/players/NBA/Josh_Hart_NBA_player_H4eKetTATQuBYqjr3k7PBmJd.webp,2026-05-04,,,,,OK,0,116.1,89.6,41.8,37.9,13.4,24.2,15.4,51.699999999999996,28.4,56.8,19,17,19,19,15,12,13,13,21,9,17.129032258064516,20,Below Avg
1626157,11852471,11852471,216799,156675,2026-05-04T20:00:00.000-04:00,,,Karl-Anthony Towns,C-F,NYK,PHI,2.5,Assists,ast,Demon,,2,https://static.prizepicks.com/images/players/NBA/Karl-Anthony_Towns_NBA_player_qsD13lWREH4SgwkL0ZD1D8gt.webp,2026-05-04,,,,,OK,0,116.1,89.6,41.8,37.9,13.4,24.2,15.4,51.699999999999996,28.4,56.8,19,17,19,19,15,12,13,13,21,9,17.129032258064516,20,Below Avg
1626162,11852483,11852483,175557,156675,2026-05-04T20:00:00.000-04:00,,,Kelly Oubre,F-G,PHI,NYK,2.5,Rebounds,reb,Demon,1.5,1,https://static.prizepicks.com/images/players/NBA/Kelly_Oubre_Jr._NBA_player_XUGImHjsqxeRtcBiPgSDXMYm.webp,2026-05-04,,,,,OK,0,110.1,85.5,39.3,38.4,13.9,22.7,14.4,47.1,25.4,50.8,5,21,22,3,4,1,4,4,11,18,6.64516129032258,3,Elite
1628384,11852495,11852495,183319,156675,2026-05-04T20:00:00.000-04:00,,,OG Anunoby,F-G,NYK,PHI,2.5,Rebounds,reb,Demon,,1,https://static.prizepicks.com/images/players/NBA/OG_Anunoby_NBA_player_7g4oOE9EMB4tFkaOcu1UCAZ0.webp,2026-05-04,,,,,OK,0,116.1,89.6,41.8,37.9,13.4,24.2,15.4,51.699999999999996,28.4,56.8,19,17,19,19,15,12,13,13,21,9,17.129032258064516,20,Below Avg
202331,11852502,11852502,218115,156675,2026-05-04T20:00:00.000-04:00,,,Paul George,F,PHI,NYK,2.5,Rebounds,reb,Demon,,2,https://static.prizepicks.com/images/players/NBA/Paul_George_NBA_player_H4SFculbifsDYkJeMUCIHqCm.webp,2026-05-04,,,,,OK,0,110.1,85.5,39.3,38.4,13.9,22.7,14.4,47.1,25.4,50.8,5,21,22,3,4,1,4,4,11,18,6.64516129032258,3,Elite
1630178,11852504,11852504,64152,156675,2026-05-04T20:00:00.000-04:00,,,Tyrese Maxey,G,PHI,NYK,2.5,Assists,ast,Demon,,1,https://static.prizepicks.com/images/players/NBA/Tyrese_Maxey_NBA_player_2Em7ba9RgTz4wL2vdHJo0xwR.webp,2026-05-04,,,,,OK,0,110.1,85.5,39.3,38.4,13.9,22.7,14.4,47.1,25.4,50.8,5,21,22,3,4,1,4,4,11,18,6.64516129032258,3,Elite
1630178,11852515,11852515,64152,156675,2026-05-04T20:00:00.000-04:00,,,Tyrese Maxey,G,PHI,NYK,2.5,Rebounds,reb,Demon,,2,https://static.prizepicks.com/images/players/NBA/Tyrese_Maxey_NBA_player_2Em7ba9RgTz4wL2vdHJo0xwR.webp,2026-05-04,,,,,OK,0,110.1,85.5,39.3,38.4,13.9,22.7,14.4,47.1,25.4,50.8,5,21,22,3,4,1,4,4,11,18,6.64516129032258,3,Elite
1642845,11852521,11852521,271632,156675,2026-05-04T20:00:00.000-04:00,,,VJ Edgecombe,G,PHI,NYK,2.5,Rebounds,reb,Demon,,2,https://static.prizepicks.com/images/manual/VJ_Edgecomb.png,2026-05-04,,,,,OK,0,110.1,85.5,39.3,38.4,13.9,22.7,14.4,47.1,25.4,50.8,5,21,22,3,4,1,4,4,11,18,6.64516129032258,3,Elite
1628404,11845398,11845398,177944,156675,2026-05-04T20:00:00.000-04:00,,,Josh Hart,G,NYK,PHI,1.5,Points,pts,Goblin,2.5,1,https://static.prizepicks.com/images/players/NBA/Josh_Hart_NBA_player_H4eKetTATQuBYqjr3k7PBmJd.webp,2026-05-04,,,,,OK,0,116.1,89.6,41.8,37.9,13.4,24.2,15.4,51.699999999999996,28.4,56.8,19,17,19,19,15,12,13,13,21,9,17.129032258064516,20,Below Avg
1626162,11845407,11845407,175557,156675,2026-05-04T20:00:00.000-04:00,,,Kelly Oubre,F-G,PHI,NYK,1.5,Points,pts,Goblin,,1,https://static.prizepicks.com/images/players/NBA/Kelly_Oubre_Jr._NBA_player_XUGImHjsqxeRtcBiPgSDXMYm.webp,2026-05-04,,,,,OK,0,110.1,85.5,39.3,38.4,13.9,22.7,14.4,47.1,25.4,50.8,5,21,22,3,4,1,4,4,11,18,6.64516129032258,3,Elite
1628969,11845410,11845410,216798,156675,2026-05-04T20:00:00.000-04:00,,,Mikal Bridges,G-F,NYK,PHI,1.5,Points,pts,Goblin,2.5,1,https://static.prizepicks.com/images/players/NBA/Mikal_Bridges_NBA_player_GWFvIk1UqZwpQez5aYd322k.webp,2026-05-04,,,,,OK,0,116.1,89.6,41.8,37.9,13.4,24.2,15.4,51.699999999999996,28.4,56.8,19,17,19,19,15,12,13,13,21,9,17.129032258064516,20,Below Avg
1642845,11845432,11845432,271632,156675,2026-05-04T20:00:00.000-04:00,,,VJ Edgecombe,G,PHI,NYK,1.5,Points,pts,Goblin,2.5,1,https://static.prizepicks.com/images/manual/VJ_Edgecomb.png,2026-05-04,,,,,OK,0,110.1,85.5,39.3,38.4,13.9,22.7,14.4,47.1,25.4,50.8,5,21,22,3,4,1,4,4,11,18,6.64516129032258,3,Elite
1628404,11847570,11847570,177944,156675,2026-05-04T20:00:00.000-04:00,,,Josh Hart,G,NYK,PHI,1.5,Rebounds,reb,Goblin,,1,https://static.prizepicks.com/images/players/NBA/Josh_Hart_NBA_player_H4eKetTATQuBYqjr3k7PBmJd.webp,2026-05-04,,,,,OK,0,116.1,89.6,41.8,37.9,13.4,24.2,15.4,51.699999999999996,28.4,56.8,19,17,19,19,15,12,13,13,21,9,17.129032258064516,20,Below Avg
1626162,11847609,11847609,175557,156675,2026-05-04T20:00:00.000-04:00,,,Kelly Oubre,F-G,PHI,NYK,1.5,Rebounds,reb,Standard,1.5,0,https://static.prizepicks.com/images/players/NBA/Kelly_Oubre_Jr._NBA_player_XUGImHjsqxeRtcBiPgSDXMYm.webp,2026-05-04,,,,,OK,0,110.1,85.5,39.3,38.4,13.9,22.7,14.4,47.1,25.4,50.8,5,21,22,3,4,1,4,4,11,18,6.64516129032258,3,Elite
1628384,11847667,11847667,183319,156675,2026-05-04T20:00:00.000-04:00,,,OG Anunoby,F-G,NYK,PHI,1.5,Rebounds,reb,Goblin,,1,https://static.prizepicks.com/images/players/NBA/OG_Anunoby_NBA_player_7g4oOE9EMB4tFkaOcu1UCAZ0.webp,2026-05-04,,,,,OK,0,116.1,89.6,41.8,37.9,13.4,24.2,15.4,51.699999999999996,28.4,56.8,19,17,19,19,15,12,13,13,21,9,17.129032258064516,20,Below Avg
202331,11847679,11847679,218115,156675,2026-05-04T20:00:00.000-04:00,,,Paul George,F,PHI,NYK,1.5,Rebounds,reb,Demon,,1,https://static.prizepicks.com/images/players/NBA/Paul_George_NBA_player_H4SFculbifsDYkJeMUCIHqCm.webp,2026-05-04,,,,,OK,0,110.1,85.5,39.3,38.4,13.9,22.7,14.4,47.1,25.4,50.8,5,21,22,3,4,1,4,4,11,18,6.64516129032258,3,Elite
1642845,11847737,11847737,271632,156675,2026-05-04T20:00:00.000-04:00,,,VJ Edgecombe,G,PHI,NYK,1.5,Rebounds,reb,Demon,,1,https://static.prizepicks.com/images/manual/VJ_Edgecomb.png,2026-05-04,,,,,OK,0,110.1,85.5,39.3,38.4,13.9,22.7,14.4,47.1,25.4,50.8,5,21,22,3,4,1,4,4,11,18,6.64516129032258,3,Elite
1628973,11848560,11848560,174288,156675,2026-05-04T20:00:00.000-04:00,,,Jalen Brunson,G,NYK,PHI,1.5,Assists,ast,Goblin,,1,https://static.prizepicks.com/images/players/NBA/Jalen_Brunson_NBA_player_yiwlT8GHgktYu1WBoRvjpRr8.webp,2026-05-04,,,,,OK,0,116.1,89.6,41.8,37.9,13.4,24.2,15.4,51.699999999999996,28.4,56.8,19,17,19,19,15,12,13,13,21,9,17.129032258064516,20,Below Avg
203954,11848563,11848563,64150,156675,2026-05-04T20:00:00.000-04:00,,,Joel Embiid,C-F,PHI,NYK,1.5,Assists,ast,Demon,,1,https://static.prizepicks.com/images/players/NBA/Joel_Embiid_NBA_player_UhZzicEIsGHhbOqDDZRX5V6V.webp,2026-05-04,,,,,OK,0,110.1,85.5,39.3,38.4,13.9,22.7,14.4,47.1,25.4,50.8,5,21,22,3,4,1,4,4,11,18,6.64516129032258,3,Elite
1630178,11849956,11849956,64152,156675,2026-05-04T20:00:00.000-04:00,,,Tyrese Maxey,G,PHI,NYK,1.5,Assists,ast,Goblin,,1,https://static.prizepicks.com/images/players/NBA/Tyrese_Maxey_NBA_player_2Em7ba9RgTz4wL2vdHJo0xwR.webp,2026-05-04,,,,,OK,0,110.1,85.5,39.3,38.4,13.9,22.7,14.4,47.1,25.4,50.8,5,21,22,3,4,1,4,4,11,18,6.64516129032258,3,Elite
1626157,11851685,11851685,216799,156675,2026-05-04T20:00:00.000-04:00,,,Karl-Anthony Towns,C-F,NYK,PHI,1.5,Assists,ast,Demon,,1,https://static.prizepicks.com/images/players/NBA/Karl-Anthony_Towns_NBA_player_qsD13lWREH4SgwkL0ZD1D8gt.webp,2026-05-04,,,,,OK,0,116.1,89.6,41.8,37.9,13.4,24.2,15.4,51.699999999999996,28.4,56.8,19,17,19,19,15,12,13,13,21,9,17.129032258064516,20,Below Avg
203954,11852456,11852456,64150,156675,2026-05-04T20:00:00.000-04:00,,,Joel Embiid,C-F,PHI,NYK,1.5,Rebounds,reb,Goblin,,1,https://static.prizepicks.com/images/players/NBA/Joel_Embiid_NBA_player_UhZzicEIsGHhbOqDDZRX5V6V.webp,2026-05-04,,,,,OK,0,110.1,85.5,39.3,38.4,13.9,22.7,14.4,47.1,25.4,50.8,5,21,22,3,4,1,4,4,11,18,6.64516129032258,3,Elite
1628404,11852461,11852461,177944,156675,2026-05-04T20:00:00.000-04:00,,,Josh Hart,G,NYK,PHI,1.5,Assists,ast,Demon,,1,https://static.prizepicks.com/images/players/NBA/Josh_Hart_NBA_player_H4eKetTATQuBYqjr3k7PBmJd.webp,2026-05-04,,,,,OK,0,116.1,89.6,41.8,37.9,13.4,24.2,15.4,51.699999999999996,28.4,56.8,19,17,19,19,15,12,13,13,21,9,17.129032258064516,20,Below Avg
1630178,11852514,11852514,64152,156675,2026-05-04T20:00:00.000-04:00,,,Tyrese Maxey,G,PHI,NYK,1.5,Rebounds,reb,Demon,,1,https://static.prizepicks.com/images/players/NBA/Tyrese_Maxey_NBA_player_2Em7ba9RgTz4wL2vdHJo0xwR.webp,2026-05-04,,,,,OK,0,110.1,85.5,39.3,38.4,13.9,22.7,14.4,47.1,25.4,50.8,5,21,22,3,4,1,4,4,11,18,6.64516129032258,3,Elite
203954,11859318,11859318,64150,156675,2026-05-04T20:00:00.000-04:00,,,Joel Embiid,C-F,PHI,NYK,1.5,Free Throws Made,freethrowsmade,Standard,1.5,0,https://static.prizepicks.com/images/players/NBA/Joel_Embiid_NBA_player_UhZzicEIsGHhbOqDDZRX5V6V.webp,2026-05-04,,,,,OK,0,110.1,85.5,39.3,38.4,13.9,22.7,14.4,47.1,25.4,50.8,5,21,22,3,4,1,4,4,11,18,6.64516129032258,3,Elite
202331,11860998,11860998,218115,156675,2026-05-04T20:00:00.000-04:00,,,Paul George,F,PHI,NYK,1.5,Points,pts,Goblin,3.0,2,https://static.prizepicks.com/images/players/NBA/Paul_George_NBA_player_H4SFculbifsDYkJeMUCIHqCm.webp,2026-05-04,,,,,OK,0,110.1,85.5,39.3,38.4,13.9,22.7,14.4,47.1,25.4,50.8,5,21,22,3,4,1,4,4,11,18,6.64516129032258,3,Elite
1629656,11861747,11861747,228125,156675,2026-05-04T20:00:00.000-04:00,,,Quentin Grimes,G,PHI,NYK,1.5,Points,pts,Demon,,1,https://static.prizepicks.com/images/manual/Quentin_Grimes.png,2026-05-04,,,,,OK,0,110.1,85.5,39.3,38.4,13.9,22.7,14.4,47.1,25.4,50.8,5,21,22,3,4,1,4,4,11,18,6.64516129032258,3,Elite
1628404,11846314,11846314,177944,156675,2026-05-04T20:00:00.000-04:00,,,Josh Hart,G,NYK,PHI,0.5,Points,pts,Goblin,2.5,2,https://static.prizepicks.com/images/players/NBA/Josh_Hart_NBA_player_H4eKetTATQuBYqjr3k7PBmJd.webp,2026-05-04,,,,,OK,0,116.1,89.6,41.8,37.9,13.4,24.2,15.4,51.699999999999996,28.4,56.8,19,17,19,19,15,12,13,13,21,9,17.129032258064516,20,Below Avg
1628969,11846316,11846316,216798,156675,2026-05-04T20:00:00.000-04:00,,,Mikal Bridges,G-F,NYK,PHI,0.5,Points,pts,Goblin,2.5,2,https://static.prizepicks.com/images/players/NBA/Mikal_Bridges_NBA_player_GWFvIk1UqZwpQez5aYd322k.webp,2026-05-04,,,,,OK,0,116.1,89.6,41.8,37.9,13.4,24.2,15.4,51.699999999999996,28.4,56.8,19,17,19,19,15,12,13,13,21,9,17.129032258064516,20,Below Avg
1642845,11846320,11846320,271632,156675,2026-05-04T20:00:00.000-04:00,,,VJ Edgecombe,G,PHI,NYK,0.5,Points,pts,Goblin,2.5,2,https://static.prizepicks.com/images/manual/VJ_Edgecomb.png,2026-05-04,,,,,OK,0,110.1,85.5,39.3,38.4,13.9,22.7,14.4,47.1,25.4,50.8,5,21,22,3,4,1,4,4,11,18,6.64516129032258,3,Elite
1628404,11847560,11847560,177944,156675,2026-05-04T20:00:00.000-04:00,,,Josh Hart,G,NYK,PHI,0.5,Assists,ast,Goblin,,1,https://static.prizepicks.com/images/players/NBA/Josh_Hart_NBA_player_H4eKetTATQuBYqjr3k7PBmJd.webp,2026-05-04,,,,,OK,0,116.1,89.6,41.8,37.9,13.4,24.2,15.4,51.699999999999996,28.4,56.8,19,17,19,19,15,12,13,13,21,9,17.129032258064516,20,Below Avg
1626157,11847576,11847576,216799,156675,2026-05-04T20:00:00.000-04:00,,,Karl-Anthony Towns,C-F,NYK,PHI,0.5,Assists,ast,Goblin,,1,https://static.prizepicks.com/images/players/NBA/Karl-Anthony_Towns_NBA_player_qsD13lWREH4SgwkL0ZD1D8gt.webp,2026-05-04,,,,,OK,0,116.1,89.6,41.8,37.9,13.4,24.2,15.4,51.699999999999996,28.4,56.8,19,17,19,19,15,12,13,13,21,9,17.129032258064516,20,Below Avg
1626162,11847599,11847599,175557,156675,2026-05-04T20:00:00.000-04:00,,,Kelly Oubre,F-G,PHI,NYK,0.5,Assists,ast,Demon,,1,https://static.prizepicks.com/images/players/NBA/Kelly_Oubre_Jr._NBA_player_XUGImHjsqxeRtcBiPgSDXMYm.webp,2026-05-04,,,,,OK,0,110.1,85.5,39.3,38.4,13.9,22.7,14.4,47.1,25.4,50.8,5,21,22,3,4,1,4,4,11,18,6.64516129032258,3,Elite
1628969,11847618,11847618,216798,156675,2026-05-04T20:00:00.000-04:00,,,Mikal Bridges,G-F,NYK,PHI,0.5,Assists,ast,Demon,,1,https://static.prizepicks.com/images/players/NBA/Mikal_Bridges_NBA_player_GWFvIk1UqZwpQez5aYd322k.webp,2026-05-04,,,,,OK,0,116.1,89.6,41.8,37.9,13.4,24.2,15.4,51.699999999999996,28.4,56.8,19,17,19,19,15,12,13,13,21,9,17.129032258064516,20,Below Avg
1630540,11847637,11847637,192248,156675,2026-05-04T20:00:00.000-04:00,,,Miles McBride,G,NYK,PHI,0.5,Assists,ast,Demon,,1,https://static.prizepicks.com/images/players/NBA/Miles_McBride_NBA_player_8YvNuEefdumSLGKRMx4kSzCH.webp,2026-05-04,,,,,OK,0,116.1,89.6,41.8,37.9,13.4,24.2,15.4,51.699999999999996,28.4,56.8,19,17,19,19,15,12,13,13,21,9,17.129032258064516,20,Below Avg
1630540,11847642,11847642,192248,156675,2026-05-04T20:00:00.000-04:00,,,Miles McBride,G,NYK,PHI,0.5,Points,pts,Demon,,1,https://static.prizepicks.com/images/players/NBA/Miles_McBride_NBA_player_8YvNuEefdumSLGKRMx4kSzCH.webp,2026-05-04,,,,,OK,0,116.1,89.6,41.8,37.9,13.4,24.2,15.4,51.699999999999996,28.4,56.8,19,17,19,19,15,12,13,13,21,9,17.129032258064516,20,Below Avg
1630540,11847646,11847646,192248,156675,2026-05-04T20:00:00.000-04:00,,,Miles McBride,G,NYK,PHI,0.5,Rebounds,reb,Demon,,1,https://static.prizepicks.com/images/players/NBA/Miles_McBride_NBA_player_8YvNuEefdumSLGKRMx4kSzCH.webp,2026-05-04,,,,,OK,0,116.1,89.6,41.8,37.9,13.4,24.2,15.4,51.699999999999996,28.4,56.8,19,17,19,19,15,12,13,13,21,9,17.129032258064516,20,Below Avg
1628384,11847657,11847657,183319,156675,2026-05-04T20:00:00.000-04:00,,,OG Anunoby,F-G,NYK,PHI,0.5,Assists,ast,Demon,,1,https://static.prizepicks.com/images/players/NBA/OG_Anunoby_NBA_player_7g4oOE9EMB4tFkaOcu1UCAZ0.webp,2026-05-04,,,,,OK,0,116.1,89.6,41.8,37.9,13.4,24.2,15.4,51.699999999999996,28.4,56.8,19,17,19,19,15,12,13,13,21,9,17.129032258064516,20,Below Avg
202331,11847671,11847671,218115,156675,2026-05-04T20:00:00.000-04:00,,,Paul George,F,PHI,NYK,0.5,Assists,ast,Goblin,,1,https://static.prizepicks.com/images/players/NBA/Paul_George_NBA_player_H4SFculbifsDYkJeMUCIHqCm.webp,2026-05-04,,,,,OK,0,110.1,85.5,39.3,38.4,13.9,22.7,14.4,47.1,25.4,50.8,5,21,22,3,4,1,4,4,11,18,6.64516129032258,3,Elite
1642845,11847725,11847725,271632,156675,2026-05-04T20:00:00.000-04:00,,,VJ Edgecombe,G,PHI,NYK,0.5,Assists,ast,Standard,0.5,0,https://static.prizepicks.com/images/manual/VJ_Edgecomb.png,2026-05-04,,,,,OK,0,110.1,85.5,39.3,38.4,13.9,22.7,14.4,47.1,25.4,50.8,5,21,22,3,4,1,4,4,11,18,6.64516129032258,3,Elite
1628973,11848668,11848668,174288,156675,2026-05-04T20:00:00.000-04:00,,,Jalen Brunson,G,NYK,PHI,0.5,Rebounds,reb,Goblin,,1,https://static.prizepicks.com/images/players/NBA/Jalen_Brunson_NBA_player_yiwlT8GHgktYu1WBoRvjpRr8.webp,2026-05-04,,,,,OK,0,116.1,89.6,41.8,37.9,13.4,24.2,15.4,51.699999999999996,28.4,56.8,19,17,19,19,15,12,13,13,21,9,17.129032258064516,20,Below Avg
1628969,11849954,11849954,216798,156675,2026-05-04T20:00:00.000-04:00,,,Mikal Bridges,G-F,NYK,PHI,0.5,Rebounds,reb,Goblin,,1,https://static.prizepicks.com/images/players/NBA/Mikal_Bridges_NBA_player_GWFvIk1UqZwpQez5aYd322k.webp,2026-05-04,,,,,OK,0,116.1,89.6,41.8,37.9,13.4,24.2,15.4,51.699999999999996,28.4,56.8,19,17,19,19,15,12,13,13,21,9,17.129032258064516,20,Below Avg
1629011,11851498,11851498,174294,156675,2026-05-04T20:00:00.000-04:00,,,Mitchell Robinson,C-F,NYK,PHI,0.5,Points,pts,Standard,0.5,0,https://static.prizepicks.com/images/players/NBA/Mitchell_Robinson_NBA_player_Vlje4U1sWQAEhuYQgdbVebrG.webp,2026-05-04,,,,,OK,0,116.1,89.6,41.8,37.9,13.4,24.2,15.4,51.699999999999996,28.4,56.8,19,17,19,19,15,12,13,13,21,9,17.129032258064516,20,Below Avg
1626162,11851861,11851861,175557,156675,2026-05-04T20:00:00.000-04:00,,,Kelly Oubre,F-G,PHI,NYK,0.5,Points,pts,Goblin,,2,https://static.prizepicks.com/images/players/NBA/Kelly_Oubre_Jr._NBA_player_XUGImHjsqxeRtcBiPgSDXMYm.webp,2026-05-04,,,,,OK,0,110.1,85.5,39.3,38.4,13.9,22.7,14.4,47.1,25.4,50.8,5,21,22,3,4,1,4,4,11,18,6.64516129032258,3,Elite
203903,11851915,11851915,272417,156675,2026-05-04T20:00:00.000-04:00,,,Jordan Clarkson,G,NYK,PHI,0.5,Points,pts,Demon,,1,https://static.prizepicks.com/images/players/NBA/Jordan_Clarkson_NBA_player_BADSTsW2u38bankqw1dduIeW.webp,2026-05-04,,,,,OK,0,116.1,89.6,41.8,37.9,13.4,24.2,15.4,51.699999999999996,28.4,56.8,19,17,19,19,15,12,13,13,21,9,17.129032258064516,20,Below Avg
203903,11851920,11851920,272417,156675,2026-05-04T20:00:00.000-04:00,,,Jordan Clarkson,G,NYK,PHI,0.5,Rebounds,reb,Demon,,1,https://static.prizepicks.com/images/players/NBA/Jordan_Clarkson_NBA_player_BADSTsW2u38bankqw1dduIeW.webp,2026-05-04,,,,,OK,0,116.1,89.6,41.8,37.9,13.4,24.2,15.4,51.699999999999996,28.4,56.8,19,17,19,19,15,12,13,13,21,9,17.129032258064516,20,Below Avg
1642845,11858726,11858726,271632,156675,2026-05-04T20:00:00.000-04:00,,,VJ Edgecombe,G,PHI,NYK,0.5,3-PT Made,3ptmade,Standard,0.5,0,https://static.prizepicks.com/images/manual/VJ_Edgecomb.png,2026-05-04,,,,,OK,0,110.1,85.5,39.3,38.4,13.9,22.7,14.4,47.1,25.4,50.8,5,21,22,3,4,1,4,4,11,18,6.64516129032258,3,Elite
1628384,11858727,11858727,183319,156675,2026-05-04T20:00:00.000-04:00,,,OG Anunoby,F-G,NYK,PHI,0.5,3-PT Made,3ptmade,Standard,0.5,0,https://static.prizepicks.com/images/players/NBA/OG_Anunoby_NBA_player_7g4oOE9EMB4tFkaOcu1UCAZ0.webp,2026-05-04,,,,,OK,0,116.1,89.6,41.8,37.9,13.4,24.2,15.4,51.699999999999996,28.4,56.8,19,17,19,19,15,12,13,13,21,9,17.129032258064516,20,Below Avg
1628973,11858728,11858728,174288,156675,2026-05-04T20:00:00.000-04:00,,,Jalen Brunson,G,NYK,PHI,0.5,3-PT Made,3ptmade,Goblin,,1,https://static.prizepicks.com/images/players/NBA/Jalen_Brunson_NBA_player_yiwlT8GHgktYu1WBoRvjpRr8.webp,2026-05-04,,,,,OK,0,116.1,89.6,41.8,37.9,13.4,24.2,15.4,51.699999999999996,28.4,56.8,19,17,19,19,15,12,13,13,21,9,17.129032258064516,20,Below Avg
1628973,11859319,11859319,174288,156675,2026-05-04T20:00:00.000-04:00,,,Jalen Brunson,G,NYK,PHI,0.5,Free Throws Made,freethrowsmade,Standard,0.5,0,https://static.prizepicks.com/images/players/NBA/Jalen_Brunson_NBA_player_yiwlT8GHgktYu1WBoRvjpRr8.webp,2026-05-04,,,,,OK,0,116.1,89.6,41.8,37.9,13.4,24.2,15.4,51.699999999999996,28.4,56.8,19,17,19,19,15,12,13,13,21,9,17.129032258064516,20,Below Avg
202331,11863965,11863965,218115,156675,2026-05-04T20:00:00.000-04:00,,,Paul George,F,PHI,NYK,0.5,Points,pts,Goblin,3.0,3,https://static.prizepicks.com/images/players/NBA/Paul_George_NBA_player_H4SFculbifsDYkJeMUCIHqCm.webp,2026-05-04,,,,,OK,0,110.1,85.5,39.3,38.4,13.9,22.7,14.4,47.1,25.4,50.8,5,21,22,3,4,1,4,4,11,18,6.64516129032258,3,Elite
1641705,11816184,11816184,174328,156226,2026-05-04T21:30:00.000-04:00,,,Victor Wembanyama,F-C,SAS,MIN,11.5,Points,pts,Demon,6.5,3,https://static.prizepicks.com/images/players/NBA/Victor_Wembanyama_NBA_player_2EsUEdOt5xmywxPr6qxPdHNs.webp,2026-05-04,,,,,OK,0,114.6,89.7,41.4,34.0,12.1,25.3,15.0,55.7,29.299999999999997,58.599999999999994,11,1,2,20,12,28,15,15,26,10,13.043010752688172,11,Above Avg
1642264,11814342,11814342,218687,156226,2026-05-04T21:30:00.000-04:00,,,Stephon Castle,G,SAS,MIN,9.5,Points,pts,Demon,5.0,3,https://static.prizepicks.com/images/players/NBA/Stephon_Castle_NBA_player_3nImU3v39rqjCKdKG1wdfekq.webp,2026-05-04,,,,,OK,0,114.6,89.7,41.4,34.0,12.1,25.3,15.0,55.7,29.299999999999997,58.599999999999994,11,1,2,20,12,28,15,15,26,10,13.043010752688172,11,Above Avg
1641705,11814344,11814344,174328,156226,2026-05-04T21:30:00.000-04:00,,,Victor Wembanyama,F-C,SAS,MIN,9.5,Points,pts,Demon,6.5,2,https://static.prizepicks.com/images/players/NBA/Victor_Wembanyama_NBA_player_2EsUEdOt5xmywxPr6qxPdHNs.webp,2026-05-04,,,,,OK,0,114.6,89.7,41.4,34.0,12.1,25.3,15.0,55.7,29.299999999999997,58.599999999999994,11,1,2,20,12,28,15,15,26,10,13.043010752688172,11,Above Avg
203944,11829783,11829783,216801,156226,2026-05-04T21:30:00.000-04:00,,,Julius Randle,F-C,MIN,SAS,9.5,Points,pts,Demon,4.5,3,https://static.prizepicks.com/images/players/NBA/Julius_Randle_NBA_player_wdsPCeOajEY6c6aD3jSNasmp.webp,2026-05-04,,,,,OK,0,111.5,91.1,41.0,36.9,13.0,20.8,13.0,54.199999999999996,28.0,56.0,8,15,17,23,8,24,9,9,2,26,10.010752688172042,10,Above Avg
1628368,11814332,11814332,227063,156226,2026-05-04T21:30:00.000-04:00,,,De'Aaron Fox,G,SAS,MIN,7.5,Points,pts,Demon,4.0,3,https://static.prizepicks.com/images/players/NBA/De'Aaron_Fox_NBA_player_ey65igBBNutBRz0ibXh85IuZ.webp,2026-05-04,,,,,OK,0,114.6,89.7,41.4,34.0,12.1,25.3,15.0,55.7,29.299999999999997,58.599999999999994,11,1,2,20,12,28,15,15,26,10,13.043010752688172,11,Above Avg
1630170,11814334,11814334,174324,156226,2026-05-04T21:30:00.000-04:00,,,Devin Vassell,G-F,SAS,MIN,7.5,Points,pts,Demon,3.5,2,https://static.prizepicks.com/images/players/NBA/Devin_Vassell_NBA_player_1FsPF0NOGQH4fepI0eeG7MYw.webp,2026-05-04,,,,,OK,0,114.6,89.7,41.4,34.0,12.1,25.3,15.0,55.7,29.299999999999997,58.599999999999994,11,1,2,20,12,28,15,15,26,10,13.043010752688172,11,Above Avg
1642264,11814341,11814341,218687,156226,2026-05-04T21:30:00.000-04:00,,,Stephon Castle,G,SAS,MIN,7.5,Points,pts,Demon,5.0,2,https://static.prizepicks.com/images/players/NBA/Stephon_Castle_NBA_player_3nImU3v39rqjCKdKG1wdfekq.webp,2026-05-04,,,,,OK,0,114.6,89.7,41.4,34.0,12.1,25.3,15.0,55.7,29.299999999999997,58.599999999999994,11,1,2,20,12,28,15,15,26,10,13.043010752688172,11,Above Avg
1630245,11816173,11816173,299569,156226,2026-05-04T21:30:00.000-04:00,,,Ayo Dosunmu,G,MIN,SAS,7.5,Points,pts,Demon,4.0,1,https://static.prizepicks.com/images/manual/Ayo DosunmuMIN.png,2026-05-04,,,,,OK,0,111.5,91.1,41.0,36.9,13.0,20.8,13.0,54.199999999999996,28.0,56.0,8,15,17,23,8,24,9,9,2,26,10.010752688172042,10,Above Avg
203944,11825297,11825297,216801,156226,2026-05-04T21:30:00.000-04:00,,,Julius Randle,F-C,MIN,SAS,7.5,Points,pts,Demon,4.5,2,https://static.prizepicks.com/images/players/NBA/Julius_Randle_NBA_player_wdsPCeOajEY6c6aD3jSNasmp.webp,2026-05-04,,,,,OK,0,111.5,91.1,41.0,36.9,13.0,20.8,13.0,54.199999999999996,28.0,56.0,8,15,17,23,8,24,9,9,2,26,10.010752688172042,10,Above Avg
1630183,11825823,11825823,176824,156226,2026-05-04T21:30:00.000-04:00,,,Jaden McDaniels,F,MIN,SAS,7.5,Points,pts,Demon,4.0,3,https://static.prizepicks.com/images/players/NBA/Jaden_McDaniels_NBA_player_5g61PFxozCBSlBXJV6b3TEWs.webp,2026-05-04,,,,,OK,0,111.5,91.1,41.0,36.9,13.0,20.8,13.0,54.199999999999996,28.0,56.0,8,15,17,23,8,24,9,9,2,26,10.010752688172042,10,Above Avg
1641705,11857581,11857581,174328,156226,2026-05-04T21:30:00.000-04:00,,,Victor Wembanyama,F-C,SAS,MIN,7.5,Points,pts,Demon,6.5,1,https://static.prizepicks.com/images/players/NBA/Victor_Wembanyama_NBA_player_2EsUEdOt5xmywxPr6qxPdHNs.webp,2026-05-04,,,,,OK,0,114.6,89.7,41.4,34.0,12.1,25.3,15.0,55.7,29.299999999999997,58.599999999999994,11,1,2,20,12,28,15,15,26,10,13.043010752688172,11,Above Avg
1641705,11813279,11813279,174328,156226,2026-05-04T21:30:00.000-04:00,,,Victor Wembanyama,F-C,SAS,MIN,6.5,Points,pts,Standard,6.5,0,https://static.prizepicks.com/images/players/NBA/Victor_Wembanyama_NBA_player_2EsUEdOt5xmywxPr6qxPdHNs.webp,2026-05-04,,,,,OK,0,114.6,89.7,41.4,34.0,12.1,25.3,15.0,55.7,29.299999999999997,58.599999999999994,11,1,2,20,12,28,15,15,26,10,13.043010752688172,11,Above Avg
1642264,11862429,11862429,218687,156226,2026-05-04T21:30:00.000-04:00,,,Stephon Castle,G,SAS,MIN,6.5,Points,pts,Demon,5.0,1,https://static.prizepicks.com/images/players/NBA/Stephon_Castle_NBA_player_3nImU3v39rqjCKdKG1wdfekq.webp,2026-05-04,,,,,OK,0,114.6,89.7,41.4,34.0,12.1,25.3,15.0,55.7,29.299999999999997,58.599999999999994,11,1,2,20,12,28,15,15,26,10,13.043010752688172,11,Above Avg
1628368,11814331,11814331,227063,156226,2026-05-04T21:30:00.000-04:00,,,De'Aaron Fox,G,SAS,MIN,5.5,Points,pts,Demon,4.0,2,https://static.prizepicks.com/images/players/NBA/De'Aaron_Fox_NBA_player_ey65igBBNutBRz0ibXh85IuZ.webp,2026-05-04,,,,,OK,0,114.6,89.7,41.4,34.0,12.1,25.3,15.0,55.7,29.299999999999997,58.599999999999994,11,1,2,20,12,28,15,15,26,10,13.043010752688172,11,Above Avg
1630170,11814333,11814333,174324,156226,2026-05-04T21:30:00.000-04:00,,,Devin Vassell,G-F,SAS,MIN,5.5,Points,pts,Demon,3.5,1,https://static.prizepicks.com/images/players/NBA/Devin_Vassell_NBA_player_1FsPF0NOGQH4fepI0eeG7MYw.webp,2026-05-04,,,,,OK,0,114.6,89.7,41.4,34.0,12.1,25.3,15.0,55.7,29.299999999999997,58.599999999999994,11,1,2,20,12,28,15,15,26,10,13.043010752688172,11,Above Avg
203944,11814337,11814337,216801,156226,2026-05-04T21:30:00.000-04:00,,,Julius Randle,F-C,MIN,SAS,5.5,Points,pts,Demon,4.5,1,https://static.prizepicks.com/images/players/NBA/Julius_Randle_NBA_player_wdsPCeOajEY6c6aD3jSNasmp.webp,2026-05-04,,,,,OK,0,111.5,91.1,41.0,36.9,13.0,20.8,13.0,54.199999999999996,28.0,56.0,8,15,17,23,8,24,9,9,2,26,10.010752688172042,10,Above Avg
203497,11814339,11814339,174844,156226,2026-05-04T21:30:00.000-04:00,,,Rudy Gobert,C,MIN,SAS,5.5,Points,pts,Demon,,3,https://static.prizepicks.com/images/players/NBA/Rudy_Gobert_NBA_player_2ozGrrcD59T4wVpCbCelKQUm.webp,2026-05-04,,,,,OK,0,111.5,91.1,41.0,36.9,13.0,20.8,13.0,54.199999999999996,28.0,56.0,8,15,17,23,8,24,9,9,2,26,10.010752688172042,10,Above Avg
1641705,11814345,11814345,174328,156226,2026-05-04T21:30:00.000-04:00,,,Victor Wembanyama,F-C,SAS,MIN,5.5,Points,pts,Goblin,6.5,1,https://static.prizepicks.com/images/players/NBA/Victor_Wembanyama_NBA_player_2EsUEdOt5xmywxPr6qxPdHNs.webp,2026-05-04,,,,,OK,0,114.6,89.7,41.4,34.0,12.1,25.3,15.0,55.7,29.299999999999997,58.599999999999994,11,1,2,20,12,28,15,15,26,10,13.043010752688172,11,Above Avg
1630183,11825822,11825822,176824,156226,2026-05-04T21:30:00.000-04:00,,,Jaden McDaniels,F,MIN,SAS,5.5,Points,pts,Demon,4.0,2,https://static.prizepicks.com/images/players/NBA/Jaden_McDaniels_NBA_player_5g61PFxozCBSlBXJV6b3TEWs.webp,2026-05-04,,,,,OK,0,111.5,91.1,41.0,36.9,13.0,20.8,13.0,54.199999999999996,28.0,56.0,8,15,17,23,8,24,9,9,2,26,10.010752688172042,10,Above Avg
1642844,11857077,11857077,272527,156226,2026-05-04T21:30:00.000-04:00,,,Dylan Harper,G,SAS,MIN,5.5,Points,pts,Demon,,3,https://static.prizepicks.com/images/players/NBA/Dylan_Harper_NBA_player_8ufKPK8FvfFgLgNqBs04zV2p.webp,2026-05-04,,,,,OK,0,114.6,89.7,41.4,34.0,12.1,25.3,15.0,55.7,29.299999999999997,58.599999999999994,11,1,2,20,12,28,15,15,26,10,13.043010752688172,11,Above Avg
1629640,11857079,11857079,174327,156226,2026-05-04T21:30:00.000-04:00,,,Keldon Johnson,F-G,SAS,MIN,5.5,Points,pts,Demon,,3,https://static.prizepicks.com/images/players/NBA/Keldon_Johnson_NBA_player_ytnN6jT7zYkcukGvVWoYp2zk.webp,2026-05-04,,,,,OK,0,114.6,89.7,41.4,34.0,12.1,25.3,15.0,55.7,29.299999999999997,58.599999999999994,11,1,2,20,12,28,15,15,26,10,13.043010752688172,11,Above Avg
203497,11862420,11862420,174844,156226,2026-05-04T21:30:00.000-04:00,,,Rudy Gobert,C,MIN,SAS,5.5,Rebounds,reb,Demon,,3,https://static.prizepicks.com/images/players/NBA/Rudy_Gobert_NBA_player_2ozGrrcD59T4wVpCbCelKQUm.webp,2026-05-04,,,,,OK,0,111.5,91.1,41.0,36.9,13.0,20.8,13.0,54.199999999999996,28.0,56.0,8,15,17,23,8,24,9,9,2,26,10.010752688172042,10,Above Avg
1641705,11862442,11862442,174328,156226,2026-05-04T21:30:00.000-04:00,,,Victor Wembanyama,F-C,SAS,MIN,5.5,Rebounds,reb,Demon,,3,https://static.prizepicks.com/images/players/NBA/Victor_Wembanyama_NBA_player_2EsUEdOt5xmywxPr6qxPdHNs.webp,2026-05-04,,,,,OK,0,114.6,89.7,41.4,34.0,12.1,25.3,15.0,55.7,29.299999999999997,58.599999999999994,11,1,2,20,12,28,15,15,26,10,13.043010752688172,11,Above Avg
1642264,11850060,11850060,218687,156226,2026-05-04T21:30:00.000-04:00,,,Stephon Castle,G,SAS,MIN,5.0,Points,pts,Standard,5.0,0,https://static.prizepicks.com/images/players/NBA/Stephon_Castle_NBA_player_3nImU3v39rqjCKdKG1wdfekq.webp,2026-05-04,,,,,OK,0,114.6,89.7,41.4,34.0,12.1,25.3,15.0,55.7,29.299999999999997,58.599999999999994,11,1,2,20,12,28,15,15,26,10,13.043010752688172,11,Above Avg
203944,11813026,11813026,216801,156226,2026-05-04T21:30:00.000-04:00,,,Julius Randle,F-C,MIN,SAS,4.5,Points,pts,Standard,4.5,0,https://static.prizepicks.com/images/players/NBA/Julius_Randle_NBA_player_wdsPCeOajEY6c6aD3jSNasmp.webp,2026-05-04,,,,,OK,0,111.5,91.1,41.0,36.9,13.0,20.8,13.0,54.199999999999996,28.0,56.0,8,15,17,23,8,24,9,9,2,26,10.010752688172042,10,Above Avg
1630183,11814336,11814336,176824,156226,2026-05-04T21:30:00.000-04:00,,,Jaden McDaniels,F,MIN,SAS,4.5,Points,pts,Demon,4.0,1,https://static.prizepicks.com/images/players/NBA/Jaden_McDaniels_NBA_player_5g61PFxozCBSlBXJV6b3TEWs.webp,2026-05-04,,,,,OK,0,111.5,91.1,41.0,36.9,13.0,20.8,13.0,54.199999999999996,28.0,56.0,8,15,17,23,8,24,9,9,2,26,10.010752688172042,10,Above Avg
1628368,11832059,11832059,227063,156226,2026-05-04T21:30:00.000-04:00,,,De'Aaron Fox,G,SAS,MIN,4.5,Points,pts,Demon,4.0,1,https://static.prizepicks.com/images/players/NBA/De'Aaron_Fox_NBA_player_ey65igBBNutBRz0ibXh85IuZ.webp,2026-05-04,,,,,OK,0,114.6,89.7,41.4,34.0,12.1,25.3,15.0,55.7,29.299999999999997,58.599999999999994,11,1,2,20,12,28,15,15,26,10,13.043010752688172,11,Above Avg
1630577,11832062,11832062,182568,156226,2026-05-04T21:30:00.000-04:00,,,Julian Champagnie,F,SAS,MIN,4.5,Points,pts,Demon,1.5,3,https://static.prizepicks.com/images/players/NBA/Julian_Champagnie_NBA_player_wWXts7QJavucRoRUsMbfxn9.webp,2026-05-04,,,,,OK,0,114.6,89.7,41.4,34.0,12.1,25.3,15.0,55.7,29.299999999999997,58.599999999999994,11,1,2,20,12,28,15,15,26,10,13.043010752688172,11,Above Avg
1641705,11832065,11832065,174328,156226,2026-05-04T21:30:00.000-04:00,,,Victor Wembanyama,F-C,SAS,MIN,4.5,Points,pts,Goblin,6.5,2,https://static.prizepicks.com/images/players/NBA/Victor_Wembanyama_NBA_player_2EsUEdOt5xmywxPr6qxPdHNs.webp,2026-05-04,,,,,OK,0,114.6,89.7,41.4,34.0,12.1,25.3,15.0,55.7,29.299999999999997,58.599999999999994,11,1,2,20,12,28,15,15,26,10,13.043010752688172,11,Above Avg
203497,11862419,11862419,174844,156226,2026-05-04T21:30:00.000-04:00,,,Rudy Gobert,C,MIN,SAS,4.5,Rebounds,reb,Demon,,2,https://static.prizepicks.com/images/players/NBA/Rudy_Gobert_NBA_player_2ozGrrcD59T4wVpCbCelKQUm.webp,2026-05-04,,,,,OK,0,111.5,91.1,41.0,36.9,13.0,20.8,13.0,54.199999999999996,28.0,56.0,8,15,17,23,8,24,9,9,2,26,10.010752688172042,10,Above Avg
1642264,11862426,11862426,218687,156226,2026-05-04T21:30:00.000-04:00,,,Stephon Castle,G,SAS,MIN,4.5,Assists,ast,Demon,,3,https://static.prizepicks.com/images/players/NBA/Stephon_Castle_NBA_player_3nImU3v39rqjCKdKG1wdfekq.webp,2026-05-04,,,,,OK,0,114.6,89.7,41.4,34.0,12.1,25.3,15.0,55.7,29.299999999999997,58.599999999999994,11,1,2,20,12,28,15,15,26,10,13.043010752688172,11,Above Avg
1641705,11862441,11862441,174328,156226,2026-05-04T21:30:00.000-04:00,,,Victor Wembanyama,F-C,SAS,MIN,4.5,Rebounds,reb,Demon,,2,https://static.prizepicks.com/images/players/NBA/Victor_Wembanyama_NBA_player_2EsUEdOt5xmywxPr6qxPdHNs.webp,2026-05-04,,,,,OK,0,114.6,89.7,41.4,34.0,12.1,25.3,15.0,55.7,29.299999999999997,58.599999999999994,11,1,2,20,12,28,15,15,26,10,13.043010752688172,11,Above Avg
1630245,11850057,11850057,299569,156226,2026-05-04T21:30:00.000-04:00,,,Ayo Dosunmu,G,MIN,SAS,4.0,Points,pts,Standard,4.0,0,https://static.prizepicks.com/images/manual/Ayo DosunmuMIN.png,2026-05-04,,,,,OK,0,111.5,91.1,41.0,36.9,13.0,20.8,13.0,54.199999999999996,28.0,56.0,8,15,17,23,8,24,9,9,2,26,10.010752688172042,10,Above Avg
1630183,11850058,11850058,176824,156226,2026-05-04T21:30:00.000-04:00,,,Jaden McDaniels,F,MIN,SAS,4.0,Points,pts,Standard,4.0,0,https://static.prizepicks.com/images/players/NBA/Jaden_McDaniels_NBA_player_5g61PFxozCBSlBXJV6b3TEWs.webp,2026-05-04,,,,,OK,0,111.5,91.1,41.0,36.9,13.0,20.8,13.0,54.199999999999996,28.0,56.0,8,15,17,23,8,24,9,9,2,26,10.010752688172042,10,Above Avg
1628368,11850059,11850059,227063,156226,2026-05-04T21:30:00.000-04:00,,,De'Aaron Fox,G,SAS,MIN,4.0,Points,pts,Standard,4.0,0,https://static.prizepicks.com/images/players/NBA/De'Aaron_Fox_NBA_player_ey65igBBNutBRz0ibXh85IuZ.webp,2026-05-04,,,,,OK,0,114.6,89.7,41.4,34.0,12.1,25.3,15.0,55.7,29.299999999999997,58.599999999999994,11,1,2,20,12,28,15,15,26,10,13.043010752688172,11,Above Avg
1630170,11812929,11812929,174324,156226,2026-05-04T21:30:00.000-04:00,,,Devin Vassell,G-F,SAS,MIN,3.5,Points,pts,Standard,3.5,0,https://static.prizepicks.com/images/players/NBA/Devin_Vassell_NBA_player_1FsPF0NOGQH4fepI0eeG7MYw.webp,2026-05-04,,,,,OK,0,114.6,89.7,41.4,34.0,12.1,25.3,15.0,55.7,29.299999999999997,58.599999999999994,11,1,2,20,12,28,15,15,26,10,13.043010752688172,11,Above Avg
1630183,11812982,11812982,176824,156226,2026-05-04T21:30:00.000-04:00,,,Jaden McDaniels,F,MIN,SAS,3.5,Points,pts,Goblin,4.0,1,https://static.prizepicks.com/images/players/NBA/Jaden_McDaniels_NBA_player_5g61PFxozCBSlBXJV6b3TEWs.webp,2026-05-04,,,,,OK,0,111.5,91.1,41.0,36.9,13.0,20.8,13.0,54.199999999999996,28.0,56.0,8,15,17,23,8,24,9,9,2,26,10.010752688172042,10,Above Avg
203497,11813223,11813223,174844,156226,2026-05-04T21:30:00.000-04:00,,,Rudy Gobert,C,MIN,SAS,3.5,Rebounds,reb,Demon,,1,https://static.prizepicks.com/images/players/NBA/Rudy_Gobert_NBA_player_2ozGrrcD59T4wVpCbCelKQUm.webp,2026-05-04,,,,,OK,0,111.5,91.1,41.0,36.9,13.0,20.8,13.0,54.199999999999996,28.0,56.0,8,15,17,23,8,24,9,9,2,26,10.010752688172042,10,Above Avg
1641705,11813293,11813293,174328,156226,2026-05-04T21:30:00.000-04:00,,,Victor Wembanyama,F-C,SAS,MIN,3.5,Rebounds,reb,Demon,,1,https://static.prizepicks.com/images/players/NBA/Victor_Wembanyama_NBA_player_2EsUEdOt5xmywxPr6qxPdHNs.webp,2026-05-04,,,,,OK,0,114.6,89.7,41.4,34.0,12.1,25.3,15.0,55.7,29.299999999999997,58.599999999999994,11,1,2,20,12,28,15,15,26,10,13.043010752688172,11,Above Avg
1630245,11814330,11814330,299569,156226,2026-05-04T21:30:00.000-04:00,,,Ayo Dosunmu,G,MIN,SAS,3.5,Points,pts,Goblin,4.0,1,https://static.prizepicks.com/images/manual/Ayo DosunmuMIN.png,2026-05-04,,,,,OK,0,111.5,91.1,41.0,36.9,13.0,20.8,13.0,54.199999999999996,28.0,56.0,8,15,17,23,8,24,9,9,2,26,10.010752688172042,10,Above Avg
1642264,11814343,11814343,218687,156226,2026-05-04T21:30:00.000-04:00,,,Stephon Castle,G,SAS,MIN,3.5,Points,pts,Goblin,5.0,1,https://static.prizepicks.com/images/players/NBA/Stephon_Castle_NBA_player_3nImU3v39rqjCKdKG1wdfekq.webp,2026-05-04,,,,,OK,0,114.6,89.7,41.4,34.0,12.1,25.3,15.0,55.7,29.299999999999997,58.599999999999994,11,1,2,20,12,28,15,15,26,10,13.043010752688172,11,Above Avg
1630577,11816174,11816174,182568,156226,2026-05-04T21:30:00.000-04:00,,,Julian Champagnie,F,SAS,MIN,3.5,Points,pts,Demon,1.5,2,https://static.prizepicks.com/images/players/NBA/Julian_Champagnie_NBA_player_wWXts7QJavucRoRUsMbfxn9.webp,2026-05-04,,,,,OK,0,114.6,89.7,41.4,34.0,12.1,25.3,15.0,55.7,29.299999999999997,58.599999999999994,11,1,2,20,12,28,15,15,26,10,13.043010752688172,11,Above Avg
203944,11816178,11816178,216801,156226,2026-05-04T21:30:00.000-04:00,,,Julius Randle,F-C,MIN,SAS,3.5,Points,pts,Goblin,4.5,1,https://static.prizepicks.com/images/players/NBA/Julius_Randle_NBA_player_wdsPCeOajEY6c6aD3jSNasmp.webp,2026-05-04,,,,,OK,0,111.5,91.1,41.0,36.9,13.0,20.8,13.0,54.199999999999996,28.0,56.0,8,15,17,23,8,24,9,9,2,26,10.010752688172042,10,Above Avg
203497,11816183,11816183,174844,156226,2026-05-04T21:30:00.000-04:00,,,Rudy Gobert,C,MIN,SAS,3.5,Points,pts,Demon,,2,https://static.prizepicks.com/images/players/NBA/Rudy_Gobert_NBA_player_2ozGrrcD59T4wVpCbCelKQUm.webp,2026-05-04,,,,,OK,0,111.5,91.1,41.0,36.9,13.0,20.8,13.0,54.199999999999996,28.0,56.0,8,15,17,23,8,24,9,9,2,26,10.010752688172042,10,Above Avg
1642844,11857076,11857076,272527,156226,2026-05-04T21:30:00.000-04:00,,,Dylan Harper,G,SAS,MIN,3.5,Points,pts,Demon,,2,https://static.prizepicks.com/images/players/NBA/Dylan_Harper_NBA_player_8ufKPK8FvfFgLgNqBs04zV2p.webp,2026-05-04,,,,,OK,0,114.6,89.7,41.4,34.0,12.1,25.3,15.0,55.7,29.299999999999997,58.599999999999994,11,1,2,20,12,28,15,15,26,10,13.043010752688172,11,Above Avg
1629640,11857078,11857078,174327,156226,2026-05-04T21:30:00.000-04:00,,,Keldon Johnson,F-G,SAS,MIN,3.5,Points,pts,Demon,,2,https://static.prizepicks.com/images/players/NBA/Keldon_Johnson_NBA_player_ytnN6jT7zYkcukGvVWoYp2zk.webp,2026-05-04,,,,,OK,0,114.6,89.7,41.4,34.0,12.1,25.3,15.0,55.7,29.299999999999997,58.599999999999994,11,1,2,20,12,28,15,15,26,10,13.043010752688172,11,Above Avg
1628368,11862377,11862377,227063,156226,2026-05-04T21:30:00.000-04:00,,,De'Aaron Fox,G,SAS,MIN,3.5,Assists,ast,Demon,1.5,2,https://static.prizepicks.com/images/players/NBA/De'Aaron_Fox_NBA_player_ey65igBBNutBRz0ibXh85IuZ.webp,2026-05-04,,,,,OK,0,114.6,89.7,41.4,34.0,12.1,25.3,15.0,55.7,29.299999999999997,58.599999999999994,11,1,2,20,12,28,15,15,26,10,13.043010752688172,11,Above Avg
1630577,11862400,11862400,182568,156226,2026-05-04T21:30:00.000-04:00,,,Julian Champagnie,F,SAS,MIN,3.5,Rebounds,reb,Demon,,3,https://static.prizepicks.com/images/players/NBA/Julian_Champagnie_NBA_player_wWXts7QJavucRoRUsMbfxn9.webp,2026-05-04,,,,,OK,0,114.6,89.7,41.4,34.0,12.1,25.3,15.0,55.7,29.299999999999997,58.599999999999994,11,1,2,20,12,28,15,15,26,10,13.043010752688172,11,Above Avg
203944,11862409,11862409,216801,156226,2026-05-04T21:30:00.000-04:00,,,Julius Randle,F-C,MIN,SAS,3.5,Rebounds,reb,Demon,1.5,2,https://static.prizepicks.com/images/players/NBA/Julius_Randle_NBA_player_wdsPCeOajEY6c6aD3jSNasmp.webp,2026-05-04,,,,,OK,0,111.5,91.1,41.0,36.9,13.0,20.8,13.0,54.199999999999996,28.0,56.0,8,15,17,23,8,24,9,9,2,26,10.010752688172042,10,Above Avg
1642264,11862425,11862425,218687,156226,2026-05-04T21:30:00.000-04:00,,,Stephon Castle,G,SAS,MIN,3.5,Assists,ast,Demon,,2,https://static.prizepicks.com/images/players/NBA/Stephon_Castle_NBA_player_3nImU3v39rqjCKdKG1wdfekq.webp,2026-05-04,,,,,OK,0,114.6,89.7,41.4,34.0,12.1,25.3,15.0,55.7,29.299999999999997,58.599999999999994,11,1,2,20,12,28,15,15,26,10,13.043010752688172,11,Above Avg
1642264,11862433,11862433,218687,156226,2026-05-04T21:30:00.000-04:00,,,Stephon Castle,G,SAS,MIN,3.5,Rebounds,reb,Demon,,3,https://static.prizepicks.com/images/players/NBA/Stephon_Castle_NBA_player_3nImU3v39rqjCKdKG1wdfekq.webp,2026-05-04,,,,,OK,0,114.6,89.7,41.4,34.0,12.1,25.3,15.0,55.7,29.299999999999997,58.599999999999994,11,1,2,20,12,28,15,15,26,10,13.043010752688172,11,Above Avg
1642844,11812960,11812960,272527,156226,2026-05-04T21:30:00.000-04:00,,,Dylan Harper,G,SAS,MIN,2.5,Points,pts,Demon,,1,https://static.prizepicks.com/images/players/NBA/Dylan_Harper_NBA_player_8ufKPK8FvfFgLgNqBs04zV2p.webp,2026-05-04,,,,,OK,0,114.6,89.7,41.4,34.0,12.1,25.3,15.0,55.7,29.299999999999997,58.599999999999994,11,1,2,20,12,28,15,15,26,10,13.043010752688172,11,Above Avg
1629640,11813054,11813054,174327,156226,2026-05-04T21:30:00.000-04:00,,,Keldon Johnson,F-G,SAS,MIN,2.5,Points,pts,Demon,,1,https://static.prizepicks.com/images/players/NBA/Keldon_Johnson_NBA_player_ytnN6jT7zYkcukGvVWoYp2zk.webp,2026-05-04,,,,,OK,0,114.6,89.7,41.4,34.0,12.1,25.3,15.0,55.7,29.299999999999997,58.599999999999994,11,1,2,20,12,28,15,15,26,10,13.043010752688172,11,Above Avg
203497,11813217,11813217,174844,156226,2026-05-04T21:30:00.000-04:00,,,Rudy Gobert,C,MIN,SAS,2.5,Points,pts,Demon,,1,https://static.prizepicks.com/images/players/NBA/Rudy_Gobert_NBA_player_2ozGrrcD59T4wVpCbCelKQUm.webp,2026-05-04,,,,,OK,0,111.5,91.1,41.0,36.9,13.0,20.8,13.0,54.199999999999996,28.0,56.0,8,15,17,23,8,24,9,9,2,26,10.010752688172042,10,Above Avg
1642264,11813231,11813231,218687,156226,2026-05-04T21:30:00.000-04:00,,,Stephon Castle,G,SAS,MIN,2.5,Assists,ast,Demon,,1,https://static.prizepicks.com/images/players/NBA/Stephon_Castle_NBA_player_3nImU3v39rqjCKdKG1wdfekq.webp,2026-05-04,,,,,OK,0,114.6,89.7,41.4,34.0,12.1,25.3,15.0,55.7,29.299999999999997,58.599999999999994,11,1,2,20,12,28,15,15,26,10,13.043010752688172,11,Above Avg
1628368,11832060,11832060,227063,156226,2026-05-04T21:30:00.000-04:00,,,De'Aaron Fox,G,SAS,MIN,2.5,Points,pts,Goblin,4.0,1,https://static.prizepicks.com/images/players/NBA/De'Aaron_Fox_NBA_player_ey65igBBNutBRz0ibXh85IuZ.webp,2026-05-04,,,,,OK,0,114.6,89.7,41.4,34.0,12.1,25.3,15.0,55.7,29.299999999999997,58.599999999999994,11,1,2,20,12,28,15,15,26,10,13.043010752688172,11,Above Avg
1630170,11832061,11832061,174324,156226,2026-05-04T21:30:00.000-04:00,,,Devin Vassell,G-F,SAS,MIN,2.5,Points,pts,Goblin,3.5,1,https://static.prizepicks.com/images/players/NBA/Devin_Vassell_NBA_player_1FsPF0NOGQH4fepI0eeG7MYw.webp,2026-05-04,,,,,OK,0,114.6,89.7,41.4,34.0,12.1,25.3,15.0,55.7,29.299999999999997,58.599999999999994,11,1,2,20,12,28,15,15,26,10,13.043010752688172,11,Above Avg
203944,11832063,11832063,216801,156226,2026-05-04T21:30:00.000-04:00,,,Julius Randle,F-C,MIN,SAS,2.5,Points,pts,Goblin,4.5,2,https://static.prizepicks.com/images/players/NBA/Julius_Randle_NBA_player_wdsPCeOajEY6c6aD3jSNasmp.webp,2026-05-04,,,,,OK,0,111.5,91.1,41.0,36.9,13.0,20.8,13.0,54.199999999999996,28.0,56.0,8,15,17,23,8,24,9,9,2,26,10.010752688172042,10,Above Avg
1629675,11834607,11834607,192743,156226,2026-05-04T21:30:00.000-04:00,,,Naz Reid,C-F,MIN,SAS,2.5,Points,pts,Demon,,1,https://static.prizepicks.com/images/players/NBA/Naz_Reid_NBA_player_aXWF5rxMP0McOCw8Jq9XpFvp.webp,2026-05-04,,,,,OK,0,111.5,91.1,41.0,36.9,13.0,20.8,13.0,54.199999999999996,28.0,56.0,8,15,17,23,8,24,9,9,2,26,10.010752688172042,10,Above Avg
1630245,11850233,11850233,299569,156226,2026-05-04T21:30:00.000-04:00,,,Ayo Dosunmu,G,MIN,SAS,2.5,Points,pts,Goblin,4.0,2,https://static.prizepicks.com/images/manual/Ayo DosunmuMIN.png,2026-05-04,,,,,OK,0,111.5,91.1,41.0,36.9,13.0,20.8,13.0,54.199999999999996,28.0,56.0,8,15,17,23,8,24,9,9,2,26,10.010752688172042,10,Above Avg
1630577,11855330,11855330,182568,156226,2026-05-04T21:30:00.000-04:00,,,Julian Champagnie,F,SAS,MIN,2.5,Points,pts,Demon,1.5,1,https://static.prizepicks.com/images/players/NBA/Julian_Champagnie_NBA_player_wWXts7QJavucRoRUsMbfxn9.webp,2026-05-04,,,,,OK,0,114.6,89.7,41.4,34.0,12.1,25.3,15.0,55.7,29.299999999999997,58.599999999999994,11,1,2,20,12,28,15,15,26,10,13.043010752688172,11,Above Avg
1641705,11855791,11855791,174328,156226,2026-05-04T21:30:00.000-04:00,,,Victor Wembanyama,F-C,SAS,MIN,2.5,Rebounds,reb,Goblin,,1,https://static.prizepicks.com/images/players/NBA/Victor_Wembanyama_NBA_player_2EsUEdOt5xmywxPr6qxPdHNs.webp,2026-05-04,,,,,OK,0,114.6,89.7,41.4,34.0,12.1,25.3,15.0,55.7,29.299999999999997,58.599999999999994,11,1,2,20,12,28,15,15,26,10,13.043010752688172,11,Above Avg
1630183,11856035,11856035,176824,156226,2026-05-04T21:30:00.000-04:00,,,Jaden McDaniels,F,MIN,SAS,2.5,Points,pts,Goblin,4.0,2,https://static.prizepicks.com/images/players/NBA/Jaden_McDaniels_NBA_player_5g61PFxozCBSlBXJV6b3TEWs.webp,2026-05-04,,,,,OK,0,111.5,91.1,41.0,36.9,13.0,20.8,13.0,54.199999999999996,28.0,56.0,8,15,17,23,8,24,9,9,2,26,10.010752688172042,10,Above Avg
1642264,11857573,11857573,218687,156226,2026-05-04T21:30:00.000-04:00,,,Stephon Castle,G,SAS,MIN,2.5,Points,pts,Goblin,5.0,2,https://static.prizepicks.com/images/players/NBA/Stephon_Castle_NBA_player_3nImU3v39rqjCKdKG1wdfekq.webp,2026-05-04,,,,,OK,0,114.6,89.7,41.4,34.0,12.1,25.3,15.0,55.7,29.299999999999997,58.599999999999994,11,1,2,20,12,28,15,15,26,10,13.043010752688172,11,Above Avg
1630245,11862374,11862374,299569,156226,2026-05-04T21:30:00.000-04:00,,,Ayo Dosunmu,G,MIN,SAS,2.5,Rebounds,reb,Demon,,2,https://static.prizepicks.com/images/manual/Ayo DosunmuMIN.png,2026-05-04,,,,,OK,0,111.5,91.1,41.0,36.9,13.0,20.8,13.0,54.199999999999996,28.0,56.0,8,15,17,23,8,24,9,9,2,26,10.010752688172042,10,Above Avg
1628368,11862376,11862376,227063,156226,2026-05-04T21:30:00.000-04:00,,,De'Aaron Fox,G,SAS,MIN,2.5,Assists,ast,Demon,1.5,1,https://static.prizepicks.com/images/players/NBA/De'Aaron_Fox_NBA_player_ey65igBBNutBRz0ibXh85IuZ.webp,2026-05-04,,,,,OK,0,114.6,89.7,41.4,34.0,12.1,25.3,15.0,55.7,29.299999999999997,58.599999999999994,11,1,2,20,12,28,15,15,26,10,13.043010752688172,11,Above Avg
1628368,11862382,11862382,227063,156226,2026-05-04T21:30:00.000-04:00,,,De'Aaron Fox,G,SAS,MIN,2.5,Rebounds,reb,Demon,,2,https://static.prizepicks.com/images/players/NBA/De'Aaron_Fox_NBA_player_ey65igBBNutBRz0ibXh85IuZ.webp,2026-05-04,,,,,OK,0,114.6,89.7,41.4,34.0,12.1,25.3,15.0,55.7,29.299999999999997,58.599999999999994,11,1,2,20,12,28,15,15,26,10,13.043010752688172,11,Above Avg
1630170,11862388,11862388,174324,156226,2026-05-04T21:30:00.000-04:00,,,Devin Vassell,G-F,SAS,MIN,2.5,Rebounds,reb,Demon,,2,https://static.prizepicks.com/images/players/NBA/Devin_Vassell_NBA_player_1FsPF0NOGQH4fepI0eeG7MYw.webp,2026-05-04,,,,,OK,0,114.6,89.7,41.4,34.0,12.1,25.3,15.0,55.7,29.299999999999997,58.599999999999994,11,1,2,20,12,28,15,15,26,10,13.043010752688172,11,Above Avg
1630183,11862393,11862393,176824,156226,2026-05-04T21:30:00.000-04:00,,,Jaden McDaniels,F,MIN,SAS,2.5,Rebounds,reb,Demon,,2,https://static.prizepicks.com/images/players/NBA/Jaden_McDaniels_NBA_player_5g61PFxozCBSlBXJV6b3TEWs.webp,2026-05-04,,,,,OK,0,111.5,91.1,41.0,36.9,13.0,20.8,13.0,54.199999999999996,28.0,56.0,8,15,17,23,8,24,9,9,2,26,10.010752688172042,10,Above Avg
1630577,11862399,11862399,182568,156226,2026-05-04T21:30:00.000-04:00,,,Julian Champagnie,F,SAS,MIN,2.5,Rebounds,reb,Demon,,2,https://static.prizepicks.com/images/players/NBA/Julian_Champagnie_NBA_player_wWXts7QJavucRoRUsMbfxn9.webp,2026-05-04,,,,,OK,0,114.6,89.7,41.4,34.0,12.1,25.3,15.0,55.7,29.299999999999997,58.599999999999994,11,1,2,20,12,28,15,15,26,10,13.043010752688172,11,Above Avg
203944,11862403,11862403,216801,156226,2026-05-04T21:30:00.000-04:00,,,Julius Randle,F-C,MIN,SAS,2.5,Assists,ast,Demon,,2,https://static.prizepicks.com/images/players/NBA/Julius_Randle_NBA_player_wdsPCeOajEY6c6aD3jSNasmp.webp,2026-05-04,,,,,OK,0,111.5,91.1,41.0,36.9,13.0,20.8,13.0,54.199999999999996,28.0,56.0,8,15,17,23,8,24,9,9,2,26,10.010752688172042,10,Above Avg
203944,11862408,11862408,216801,156226,2026-05-04T21:30:00.000-04:00,,,Julius Randle,F-C,MIN,SAS,2.5,Rebounds,reb,Demon,1.5,1,https://static.prizepicks.com/images/players/NBA/Julius_Randle_NBA_player_wdsPCeOajEY6c6aD3jSNasmp.webp,2026-05-04,,,,,OK,0,111.5,91.1,41.0,36.9,13.0,20.8,13.0,54.199999999999996,28.0,56.0,8,15,17,23,8,24,9,9,2,26,10.010752688172042,10,Above Avg
203497,11862421,11862421,174844,156226,2026-05-04T21:30:00.000-04:00,,,Rudy Gobert,C,MIN,SAS,2.5,Rebounds,reb,Goblin,,1,https://static.prizepicks.com/images/players/NBA/Rudy_Gobert_NBA_player_2ozGrrcD59T4wVpCbCelKQUm.webp,2026-05-04,,,,,OK,0,111.5,91.1,41.0,36.9,13.0,20.8,13.0,54.199999999999996,28.0,56.0,8,15,17,23,8,24,9,9,2,26,10.010752688172042,10,Above Avg
1642264,11862432,11862432,218687,156226,2026-05-04T21:30:00.000-04:00,,,Stephon Castle,G,SAS,MIN,2.5,Rebounds,reb,Demon,,2,https://static.prizepicks.com/images/players/NBA/Stephon_Castle_NBA_player_3nImU3v39rqjCKdKG1wdfekq.webp,2026-05-04,,,,,OK,0,114.6,89.7,41.4,34.0,12.1,25.3,15.0,55.7,29.299999999999997,58.599999999999994,11,1,2,20,12,28,15,15,26,10,13.043010752688172,11,Above Avg
1630245,11812873,11812873,299569,156226,2026-05-04T21:30:00.000-04:00,,,Ayo Dosunmu,G,MIN,SAS,1.5,Rebounds,reb,Demon,,1,https://static.prizepicks.com/images/manual/Ayo DosunmuMIN.png,2026-05-04,,,,,OK,0,111.5,91.1,41.0,36.9,13.0,20.8,13.0,54.199999999999996,28.0,56.0,8,15,17,23,8,24,9,9,2,26,10.010752688172042,10,Above Avg
1630170,11812939,11812939,174324,156226,2026-05-04T21:30:00.000-04:00,,,Devin Vassell,G-F,SAS,MIN,1.5,Rebounds,reb,Demon,,1,https://static.prizepicks.com/images/players/NBA/Devin_Vassell_NBA_player_1FsPF0NOGQH4fepI0eeG7MYw.webp,2026-05-04,,,,,OK,0,114.6,89.7,41.4,34.0,12.1,25.3,15.0,55.7,29.299999999999997,58.599999999999994,11,1,2,20,12,28,15,15,26,10,13.043010752688172,11,Above Avg
1630183,11812987,11812987,176824,156226,2026-05-04T21:30:00.000-04:00,,,Jaden McDaniels,F,MIN,SAS,1.5,Rebounds,reb,Demon,,1,https://static.prizepicks.com/images/players/NBA/Jaden_McDaniels_NBA_player_5g61PFxozCBSlBXJV6b3TEWs.webp,2026-05-04,,,,,OK,0,111.5,91.1,41.0,36.9,13.0,20.8,13.0,54.199999999999996,28.0,56.0,8,15,17,23,8,24,9,9,2,26,10.010752688172042,10,Above Avg
1630577,11813002,11813002,182568,156226,2026-05-04T21:30:00.000-04:00,,,Julian Champagnie,F,SAS,MIN,1.5,Points,pts,Standard,1.5,0,https://static.prizepicks.com/images/players/NBA/Julian_Champagnie_NBA_player_wWXts7QJavucRoRUsMbfxn9.webp,2026-05-04,,,,,OK,0,114.6,89.7,41.4,34.0,12.1,25.3,15.0,55.7,29.299999999999997,58.599999999999994,11,1,2,20,12,28,15,15,26,10,13.043010752688172,11,Above Avg
1630577,11813009,11813009,182568,156226,2026-05-04T21:30:00.000-04:00,,,Julian Champagnie,F,SAS,MIN,1.5,Rebounds,reb,Demon,,1,https://static.prizepicks.com/images/players/NBA/Julian_Champagnie_NBA_player_wWXts7QJavucRoRUsMbfxn9.webp,2026-05-04,,,,,OK,0,114.6,89.7,41.4,34.0,12.1,25.3,15.0,55.7,29.299999999999997,58.599999999999994,11,1,2,20,12,28,15,15,26,10,13.043010752688172,11,Above Avg
203944,11813028,11813028,216801,156226,2026-05-04T21:30:00.000-04:00,,,Julius Randle,F-C,MIN,SAS,1.5,Rebounds,reb,Standard,1.5,0,https://static.prizepicks.com/images/players/NBA/Julius_Randle_NBA_player_wdsPCeOajEY6c6aD3jSNasmp.webp,2026-05-04,,,,,OK,0,111.5,91.1,41.0,36.9,13.0,20.8,13.0,54.199999999999996,28.0,56.0,8,15,17,23,8,24,9,9,2,26,10.010752688172042,10,Above Avg
1628436,11813161,11813161,272422,156226,2026-05-04T21:30:00.000-04:00,,,Luke Kornet,C-F,SAS,MIN,1.5,Rebounds,reb,Demon,,1,https://static.prizepicks.com/images/players/NBA/Luke_Kornet_NBA_player_NgI81WY3mArg0gBbrlpVIVL7.webp,2026-05-04,,,,,OK,0,114.6,89.7,41.4,34.0,12.1,25.3,15.0,55.7,29.299999999999997,58.599999999999994,11,1,2,20,12,28,15,15,26,10,13.043010752688172,11,Above Avg
201144,11813170,11813170,174270,156226,2026-05-04T21:30:00.000-04:00,,,Mike Conley,G,MIN,SAS,1.5,Assists,ast,Demon,,1,https://static.prizepicks.com/images/players/NBA/Mike_Conley_NBA_player_KGiV8JhL2qhVBXJEKxi1QDta.webp,2026-05-04,,,,,OK,0,111.5,91.1,41.0,36.9,13.0,20.8,13.0,54.199999999999996,28.0,56.0,8,15,17,23,8,24,9,9,2,26,10.010752688172042,10,Above Avg
1629675,11813201,11813201,192743,156226,2026-05-04T21:30:00.000-04:00,,,Naz Reid,C-F,MIN,SAS,1.5,Rebounds,reb,Demon,,1,https://static.prizepicks.com/images/players/NBA/Naz_Reid_NBA_player_aXWF5rxMP0McOCw8Jq9XpFvp.webp,2026-05-04,,,,,OK,0,111.5,91.1,41.0,36.9,13.0,20.8,13.0,54.199999999999996,28.0,56.0,8,15,17,23,8,24,9,9,2,26,10.010752688172042,10,Above Avg
203497,11814340,11814340,174844,156226,2026-05-04T21:30:00.000-04:00,,,Rudy Gobert,C,MIN,SAS,1.5,Points,pts,Goblin,,1,https://static.prizepicks.com/images/players/NBA/Rudy_Gobert_NBA_player_2ozGrrcD59T4wVpCbCelKQUm.webp,2026-05-04,,,,,OK,0,111.5,91.1,41.0,36.9,13.0,20.8,13.0,54.199999999999996,28.0,56.0,8,15,17,23,8,24,9,9,2,26,10.010752688172042,10,Above Avg
1628368,11816271,11816271,227063,156226,2026-05-04T21:30:00.000-04:00,,,De'Aaron Fox,G,SAS,MIN,1.5,Assists,ast,Standard,1.5,0,https://static.prizepicks.com/images/players/NBA/De'Aaron_Fox_NBA_player_ey65igBBNutBRz0ibXh85IuZ.webp,2026-05-04,,,,,OK,0,114.6,89.7,41.4,34.0,12.1,25.3,15.0,55.7,29.299999999999997,58.599999999999994,11,1,2,20,12,28,15,15,26,10,13.043010752688172,11,Above Avg
1629640,11816280,11816280,174327,156226,2026-05-04T21:30:00.000-04:00,,,Keldon Johnson,F-G,SAS,MIN,1.5,Points,pts,Goblin,,1,https://static.prizepicks.com/images/players/NBA/Keldon_Johnson_NBA_player_ytnN6jT7zYkcukGvVWoYp2zk.webp,2026-05-04,,,,,OK,0,114.6,89.7,41.4,34.0,12.1,25.3,15.0,55.7,29.299999999999997,58.599999999999994,11,1,2,20,12,28,15,15,26,10,13.043010752688172,11,Above Avg
1642264,11818235,11818235,218687,156226,2026-05-04T21:30:00.000-04:00,,,Stephon Castle,G,SAS,MIN,1.5,Rebounds,reb,Demon,,1,https://static.prizepicks.com/images/players/NBA/Stephon_Castle_NBA_player_3nImU3v39rqjCKdKG1wdfekq.webp,2026-05-04,,,,,OK,0,114.6,89.7,41.4,34.0,12.1,25.3,15.0,55.7,29.299999999999997,58.599999999999994,11,1,2,20,12,28,15,15,26,10,13.043010752688172,11,Above Avg
1630170,11856540,11856540,174324,156226,2026-05-04T21:30:00.000-04:00,,,Devin Vassell,G-F,SAS,MIN,1.5,Points,pts,Goblin,3.5,2,https://static.prizepicks.com/images/players/NBA/Devin_Vassell_NBA_player_1FsPF0NOGQH4fepI0eeG7MYw.webp,2026-05-04,,,,,OK,0,114.6,89.7,41.4,34.0,12.1,25.3,15.0,55.7,29.299999999999997,58.599999999999994,11,1,2,20,12,28,15,15,26,10,13.043010752688172,11,Above Avg
1642844,11857075,11857075,272527,156226,2026-05-04T21:30:00.000-04:00,,,Dylan Harper,G,SAS,MIN,1.5,Points,pts,Goblin,,1,https://static.prizepicks.com/images/players/NBA/Dylan_Harper_NBA_player_8ufKPK8FvfFgLgNqBs04zV2p.webp,2026-05-04,,,,,OK,0,114.6,89.7,41.4,34.0,12.1,25.3,15.0,55.7,29.299999999999997,58.599999999999994,11,1,2,20,12,28,15,15,26,10,13.043010752688172,11,Above Avg
1641705,11859317,11859317,174328,156226,2026-05-04T21:30:00.000-04:00,,,Victor Wembanyama,F-C,SAS,MIN,1.5,Free Throws Made,freethrowsmade,Standard,1.5,0,https://static.prizepicks.com/images/players/NBA/Victor_Wembanyama_NBA_player_2EsUEdOt5xmywxPr6qxPdHNs.webp,2026-05-04,,,,,OK,0,114.6,89.7,41.4,34.0,12.1,25.3,15.0,55.7,29.299999999999997,58.599999999999994,11,1,2,20,12,28,15,15,26,10,13.043010752688172,11,Above Avg
1628368,11862381,11862381,227063,156226,2026-05-04T21:30:00.000-04:00,,,De'Aaron Fox,G,SAS,MIN,1.5,Rebounds,reb,Demon,,1,https://static.prizepicks.com/images/players/NBA/De'Aaron_Fox_NBA_player_ey65igBBNutBRz0ibXh85IuZ.webp,2026-05-04,,,,,OK,0,114.6,89.7,41.4,34.0,12.1,25.3,15.0,55.7,29.299999999999997,58.599999999999994,11,1,2,20,12,28,15,15,26,10,13.043010752688172,11,Above Avg
203944,11862402,11862402,216801,156226,2026-05-04T21:30:00.000-04:00,,,Julius Randle,F-C,MIN,SAS,1.5,Assists,ast,Demon,,1,https://static.prizepicks.com/images/players/NBA/Julius_Randle_NBA_player_wdsPCeOajEY6c6aD3jSNasmp.webp,2026-05-04,,,,,OK,0,111.5,91.1,41.0,36.9,13.0,20.8,13.0,54.199999999999996,28.0,56.0,8,15,17,23,8,24,9,9,2,26,10.010752688172042,10,Above Avg
1642264,11862427,11862427,218687,156226,2026-05-04T21:30:00.000-04:00,,,Stephon Castle,G,SAS,MIN,1.5,Assists,ast,Goblin,,1,https://static.prizepicks.com/images/players/NBA/Stephon_Castle_NBA_player_3nImU3v39rqjCKdKG1wdfekq.webp,2026-05-04,,,,,OK,0,114.6,89.7,41.4,34.0,12.1,25.3,15.0,55.7,29.299999999999997,58.599999999999994,11,1,2,20,12,28,15,15,26,10,13.043010752688172,11,Above Avg
1628368,11812905,11812905,227063,156226,2026-05-04T21:30:00.000-04:00,,,De'Aaron Fox,G,SAS,MIN,0.5,Rebounds,reb,Goblin,,1,https://static.prizepicks.com/images/players/NBA/De'Aaron_Fox_NBA_player_ey65igBBNutBRz0ibXh85IuZ.webp,2026-05-04,,,,,OK,0,114.6,89.7,41.4,34.0,12.1,25.3,15.0,55.7,29.299999999999997,58.599999999999994,11,1,2,20,12,28,15,15,26,10,13.043010752688172,11,Above Avg
1630170,11812924,11812924,174324,156226,2026-05-04T21:30:00.000-04:00,,,Devin Vassell,G-F,SAS,MIN,0.5,Assists,ast,Standard,0.5,0,https://static.prizepicks.com/images/players/NBA/Devin_Vassell_NBA_player_1FsPF0NOGQH4fepI0eeG7MYw.webp,2026-05-04,,,,,OK,0,114.6,89.7,41.4,34.0,12.1,25.3,15.0,55.7,29.299999999999997,58.599999999999994,11,1,2,20,12,28,15,15,26,10,13.043010752688172,11,Above Avg
1642844,11812953,11812953,272527,156226,2026-05-04T21:30:00.000-04:00,,,Dylan Harper,G,SAS,MIN,0.5,Assists,ast,Standard,0.5,0,https://static.prizepicks.com/images/players/NBA/Dylan_Harper_NBA_player_8ufKPK8FvfFgLgNqBs04zV2p.webp,2026-05-04,,,,,OK,0,114.6,89.7,41.4,34.0,12.1,25.3,15.0,55.7,29.299999999999997,58.599999999999994,11,1,2,20,12,28,15,15,26,10,13.043010752688172,11,Above Avg
1630183,11812973,11812973,176824,156226,2026-05-04T21:30:00.000-04:00,,,Jaden McDaniels,F,MIN,SAS,0.5,Assists,ast,Standard,0.5,0,https://static.prizepicks.com/images/players/NBA/Jaden_McDaniels_NBA_player_5g61PFxozCBSlBXJV6b3TEWs.webp,2026-05-04,,,,,OK,0,111.5,91.1,41.0,36.9,13.0,20.8,13.0,54.199999999999996,28.0,56.0,8,15,17,23,8,24,9,9,2,26,10.010752688172042,10,Above Avg
1630577,11812996,11812996,182568,156226,2026-05-04T21:30:00.000-04:00,,,Julian Champagnie,F,SAS,MIN,0.5,Assists,ast,Demon,,1,https://static.prizepicks.com/images/players/NBA/Julian_Champagnie_NBA_player_wWXts7QJavucRoRUsMbfxn9.webp,2026-05-04,,,,,OK,0,114.6,89.7,41.4,34.0,12.1,25.3,15.0,55.7,29.299999999999997,58.599999999999994,11,1,2,20,12,28,15,15,26,10,13.043010752688172,11,Above Avg
203944,11813021,11813021,216801,156226,2026-05-04T21:30:00.000-04:00,,,Julius Randle,F-C,MIN,SAS,0.5,Assists,ast,Goblin,,1,https://static.prizepicks.com/images/players/NBA/Julius_Randle_NBA_player_wdsPCeOajEY6c6aD3jSNasmp.webp,2026-05-04,,,,,OK,0,111.5,91.1,41.0,36.9,13.0,20.8,13.0,54.199999999999996,28.0,56.0,8,15,17,23,8,24,9,9,2,26,10.010752688172042,10,Above Avg
1629640,11813037,11813037,174327,156226,2026-05-04T21:30:00.000-04:00,,,Keldon Johnson,F-G,SAS,MIN,0.5,Assists,ast,Demon,,1,https://static.prizepicks.com/images/players/NBA/Keldon_Johnson_NBA_player_ytnN6jT7zYkcukGvVWoYp2zk.webp,2026-05-04,,,,,OK,0,114.6,89.7,41.4,34.0,12.1,25.3,15.0,55.7,29.299999999999997,58.599999999999994,11,1,2,20,12,28,15,15,26,10,13.043010752688172,11,Above Avg
1629640,11813087,11813087,174327,156226,2026-05-04T21:30:00.000-04:00,,,Keldon Johnson,F-G,SAS,MIN,0.5,Rebounds,reb,Goblin,,1,https://static.prizepicks.com/images/players/NBA/Keldon_Johnson_NBA_player_ytnN6jT7zYkcukGvVWoYp2zk.webp,2026-05-04,,,,,OK,0,114.6,89.7,41.4,34.0,12.1,25.3,15.0,55.7,29.299999999999997,58.599999999999994,11,1,2,20,12,28,15,15,26,10,13.043010752688172,11,Above Avg
1628436,11813143,11813143,272422,156226,2026-05-04T21:30:00.000-04:00,,,Luke Kornet,C-F,SAS,MIN,0.5,Assists,ast,Demon,,1,https://static.prizepicks.com/images/players/NBA/Luke_Kornet_NBA_player_NgI81WY3mArg0gBbrlpVIVL7.webp,2026-05-04,,,,,OK,0,114.6,89.7,41.4,34.0,12.1,25.3,15.0,55.7,29.299999999999997,58.599999999999994,11,1,2,20,12,28,15,15,26,10,13.043010752688172,11,Above Avg
1628436,11813154,11813154,272422,156226,2026-05-04T21:30:00.000-04:00,,,Luke Kornet,C-F,SAS,MIN,0.5,Points,pts,Standard,0.5,0,https://static.prizepicks.com/images/players/NBA/Luke_Kornet_NBA_player_NgI81WY3mArg0gBbrlpVIVL7.webp,2026-05-04,,,,,OK,0,114.6,89.7,41.4,34.0,12.1,25.3,15.0,55.7,29.299999999999997,58.599999999999994,11,1,2,20,12,28,15,15,26,10,13.043010752688172,11,Above Avg
201144,11813177,11813177,174270,156226,2026-05-04T21:30:00.000-04:00,,,Mike Conley,G,MIN,SAS,0.5,Points,pts,Standard,0.5,0,https://static.prizepicks.com/images/players/NBA/Mike_Conley_NBA_player_KGiV8JhL2qhVBXJEKxi1QDta.webp,2026-05-04,,,,,OK,0,111.5,91.1,41.0,36.9,13.0,20.8,13.0,54.199999999999996,28.0,56.0,8,15,17,23,8,24,9,9,2,26,10.010752688172042,10,Above Avg
201144,11813179,11813179,174270,156226,2026-05-04T21:30:00.000-04:00,,,Mike Conley,G,MIN,SAS,0.5,Rebounds,reb,Standard,0.5,0,https://static.prizepicks.com/images/players/NBA/Mike_Conley_NBA_player_KGiV8JhL2qhVBXJEKxi1QDta.webp,2026-05-04,,,,,OK,0,111.5,91.1,41.0,36.9,13.0,20.8,13.0,54.199999999999996,28.0,56.0,8,15,17,23,8,24,9,9,2,26,10.010752688172042,10,Above Avg
1629675,11813188,11813188,192743,156226,2026-05-04T21:30:00.000-04:00,,,Naz Reid,C-F,MIN,SAS,0.5,Assists,ast,Demon,,1,https://static.prizepicks.com/images/players/NBA/Naz_Reid_NBA_player_aXWF5rxMP0McOCw8Jq9XpFvp.webp,2026-05-04,,,,,OK,0,111.5,91.1,41.0,36.9,13.0,20.8,13.0,54.199999999999996,28.0,56.0,8,15,17,23,8,24,9,9,2,26,10.010752688172042,10,Above Avg
203497,11813210,11813210,174844,156226,2026-05-04T21:30:00.000-04:00,,,Rudy Gobert,C,MIN,SAS,0.5,Assists,ast,Demon,,1,https://static.prizepicks.com/images/players/NBA/Rudy_Gobert_NBA_player_2ozGrrcD59T4wVpCbCelKQUm.webp,2026-05-04,,,,,OK,0,111.5,91.1,41.0,36.9,13.0,20.8,13.0,54.199999999999996,28.0,56.0,8,15,17,23,8,24,9,9,2,26,10.010752688172042,10,Above Avg
1641705,11813265,11813265,174328,156226,2026-05-04T21:30:00.000-04:00,,,Victor Wembanyama,F-C,SAS,MIN,0.5,Assists,ast,Goblin,,1,https://static.prizepicks.com/images/players/NBA/Victor_Wembanyama_NBA_player_2EsUEdOt5xmywxPr6qxPdHNs.webp,2026-05-04,,,,,OK,0,114.6,89.7,41.4,34.0,12.1,25.3,15.0,55.7,29.299999999999997,58.599999999999994,11,1,2,20,12,28,15,15,26,10,13.043010752688172,11,Above Avg
1642844,11816276,11816276,272527,156226,2026-05-04T21:30:00.000-04:00,,,Dylan Harper,G,SAS,MIN,0.5,Rebounds,reb,Standard,0.5,0,https://static.prizepicks.com/images/players/NBA/Dylan_Harper_NBA_player_8ufKPK8FvfFgLgNqBs04zV2p.webp,2026-05-04,,,,,OK,0,114.6,89.7,41.4,34.0,12.1,25.3,15.0,55.7,29.299999999999997,58.599999999999994,11,1,2,20,12,28,15,15,26,10,13.043010752688172,11,Above Avg
203497,11832064,11832064,174844,156226,2026-05-04T21:30:00.000-04:00,,,Rudy Gobert,C,MIN,SAS,0.5,Points,pts,Goblin,,2,https://static.prizepicks.com/images/players/NBA/Rudy_Gobert_NBA_player_2ozGrrcD59T4wVpCbCelKQUm.webp,2026-05-04,,,,,OK,0,111.5,91.1,41.0,36.9,13.0,20.8,13.0,54.199999999999996,28.0,56.0,8,15,17,23,8,24,9,9,2,26,10.010752688172042,10,Above Avg
1630245,11855788,11855788,299569,156226,2026-05-04T21:30:00.000-04:00,,,Ayo Dosunmu,G,MIN,SAS,0.5,Assists,ast,Goblin,,1,https://static.prizepicks.com/images/manual/Ayo DosunmuMIN.png,2026-05-04,,,,,OK,0,111.5,91.1,41.0,36.9,13.0,20.8,13.0,54.199999999999996,28.0,56.0,8,15,17,23,8,24,9,9,2,26,10.010752688172042,10,Above Avg
1630170,11856541,11856541,174324,156226,2026-05-04T21:30:00.000-04:00,,,Devin Vassell,G-F,SAS,MIN,0.5,Points,pts,Goblin,3.5,3,https://static.prizepicks.com/images/players/NBA/Devin_Vassell_NBA_player_1FsPF0NOGQH4fepI0eeG7MYw.webp,2026-05-04,,,,,OK,0,114.6,89.7,41.4,34.0,12.1,25.3,15.0,55.7,29.299999999999997,58.599999999999994,11,1,2,20,12,28,15,15,26,10,13.043010752688172,11,Above Avg
1641705,11858724,11858724,174328,156226,2026-05-04T21:30:00.000-04:00,,,Victor Wembanyama,F-C,SAS,MIN,0.5,3-PT Made,3ptmade,Standard,0.5,0,https://static.prizepicks.com/images/players/NBA/Victor_Wembanyama_NBA_player_2EsUEdOt5xmywxPr6qxPdHNs.webp,2026-05-04,,,,,OK,0,114.6,89.7,41.4,34.0,12.1,25.3,15.0,55.7,29.299999999999997,58.599999999999994,11,1,2,20,12,28,15,15,26,10,13.043010752688172,11,Above Avg
1630170,11858725,11858725,174324,156226,2026-05-04T21:30:00.000-04:00,,,Devin Vassell,G-F,SAS,MIN,0.5,3-PT Made,3ptmade,Standard,0.5,0,https://static.prizepicks.com/images/players/NBA/Devin_Vassell_NBA_player_1FsPF0NOGQH4fepI0eeG7MYw.webp,2026-05-04,,,,,OK,0,114.6,89.7,41.4,34.0,12.1,25.3,15.0,55.7,29.299999999999997,58.599999999999994,11,1,2,20,12,28,15,15,26,10,13.043010752688172,11,Above Avg
