nba_player_id,projection_id,pp_projection_id,player_id,pp_game_id,start_time,pp_home_team,pp_away_team,player,pos,team,opp_team,line,prop_type,prop_norm,pick_type,standard_line,deviation_level,image_url,player_1,player_2,team_1,team_2,id_status,is_combo_player
203954,11035442,11035442,55123,140434,2026-04-01T19:00:00.000-04:00,,,Joel Embiid,C-F,PHI,,24.5,Fantasy Score,fantasy,Standard,24.5,0,https://static.prizepicks.com/images/players/NBA/Joel_Embiid_NBA_player_UhZzicEIsGHhbOqDDZRX5V6V.webp,,,,,OK,0
1630178,11035449,11035449,55127,140434,2026-04-01T19:00:00.000-04:00,,,Tyrese Maxey,G,PHI,,24.0,Fantasy Score,fantasy,Standard,24.0,0,https://static.prizepicks.com/images/players/NBA/Tyrese_Maxey_NBA_player_2Em7ba9RgTz4wL2vdHJo0xwR.webp,,,,,OK,0
203954,11013925,11013925,55123,140434,2026-04-01T19:00:00.000-04:00,,,Joel Embiid,C-F,PHI,,22.0,Pts+Rebs+Asts,pra,Standard,22.0,0,https://static.prizepicks.com/images/players/NBA/Joel_Embiid_NBA_player_UhZzicEIsGHhbOqDDZRX5V6V.webp,,,,,OK,0
1630178,11013940,11013940,55127,140434,2026-04-01T19:00:00.000-04:00,,,Tyrese Maxey,G,PHI,,19.5,Pts+Rebs+Asts,pra,Standard,19.5,0,https://static.prizepicks.com/images/players/NBA/Tyrese_Maxey_NBA_player_2Em7ba9RgTz4wL2vdHJo0xwR.webp,,,,,OK,0
202331,11035445,11035445,218021,140434,2026-04-01T19:00:00.000-04:00,,,Paul George,F,PHI,,19.5,Fantasy Score,fantasy,Standard,19.5,0,https://static.prizepicks.com/images/players/NBA/Paul_George_NBA_player_H4SFculbifsDYkJeMUCIHqCm.webp,,,,,OK,0
1642845,11035452,11035452,271939,140434,2026-04-01T19:00:00.000-04:00,,,VJ Edgecombe,G,PHI,,16.5,Fantasy Score,fantasy,Standard,16.5,0,https://static.prizepicks.com/images/manual/VJ_Edgecomb.png,,,,,OK,0
203954,11013923,11013923,55123,140434,2026-04-01T19:00:00.000-04:00,,,Joel Embiid,C-F,PHI,,15.5,Points,pts,Standard,15.5,0,https://static.prizepicks.com/images/players/NBA/Joel_Embiid_NBA_player_UhZzicEIsGHhbOqDDZRX5V6V.webp,,,,,OK,0
202331,11013930,11013930,218021,140434,2026-04-01T19:00:00.000-04:00,,,Paul George,F,PHI,,14.5,Pts+Rebs+Asts,pra,Standard,14.5,0,https://static.prizepicks.com/images/players/NBA/Paul_George_NBA_player_H4SFculbifsDYkJeMUCIHqCm.webp,,,,,OK,0
1630178,11013938,11013938,55127,140434,2026-04-01T19:00:00.000-04:00,,,Tyrese Maxey,G,PHI,,13.5,Points,pts,Standard,13.5,0,https://static.prizepicks.com/images/players/NBA/Tyrese_Maxey_NBA_player_2Em7ba9RgTz4wL2vdHJo0xwR.webp,,,,,OK,0
1642845,11013945,11013945,271939,140434,2026-04-01T19:00:00.000-04:00,,,VJ Edgecombe,G,PHI,,12.5,Pts+Rebs+Asts,pra,Standard,12.5,0,https://static.prizepicks.com/images/manual/VJ_Edgecomb.png,,,,,OK,0
1626162,11035444,11035444,174596,140434,2026-04-01T19:00:00.000-04:00,,,Kelly Oubre,F-G,PHI,,12.5,Fantasy Score,fantasy,Standard,12.5,0,https://static.prizepicks.com/images/players/NBA/Kelly_Oubre_Jr._NBA_player_XUGImHjsqxeRtcBiPgSDXMYm.webp,,,,,OK,0
1629656,11035446,11035446,228007,140434,2026-04-01T19:00:00.000-04:00,,,Quentin Grimes,G,PHI,,12.5,Fantasy Score,fantasy,Standard,12.5,0,https://static.prizepicks.com/images/manual/Quentin_Grimes.png,,,,,OK,0
1626162,11014390,11014390,174596,140434,2026-04-01T19:00:00.000-04:00,,,Kelly Oubre,F-G,PHI,,10.5,Pts+Rebs+Asts,pra,Standard,10.5,0,https://static.prizepicks.com/images/players/NBA/Kelly_Oubre_Jr._NBA_player_XUGImHjsqxeRtcBiPgSDXMYm.webp,,,,,OK,0
202331,11013928,11013928,218021,140434,2026-04-01T19:00:00.000-04:00,,,Paul George,F,PHI,,9.5,Points,pts,Standard,9.5,0,https://static.prizepicks.com/images/players/NBA/Paul_George_NBA_player_H4SFculbifsDYkJeMUCIHqCm.webp,,,,,OK,0
1629656,11014395,11014395,228007,140434,2026-04-01T19:00:00.000-04:00,,,Quentin Grimes,G,PHI,,9.5,Pts+Rebs+Asts,pra,Standard,9.5,0,https://static.prizepicks.com/images/manual/Quentin_Grimes.png,,,,,OK,0
1642845,11013943,11013943,271939,140434,2026-04-01T19:00:00.000-04:00,,,VJ Edgecombe,G,PHI,,7.5,Points,pts,Standard,7.5,0,https://static.prizepicks.com/images/manual/VJ_Edgecomb.png,,,,,OK,0
1626162,11016619,11016619,174596,140434,2026-04-01T19:00:00.000-04:00,,,Kelly Oubre,F-G,PHI,,6.5,Points,pts,Standard,6.5,0,https://static.prizepicks.com/images/players/NBA/Kelly_Oubre_Jr._NBA_player_XUGImHjsqxeRtcBiPgSDXMYm.webp,,,,,OK,0
1629656,11014393,11014393,228007,140434,2026-04-01T19:00:00.000-04:00,,,Quentin Grimes,G,PHI,,5.5,Points,pts,Standard,5.5,0,https://static.prizepicks.com/images/manual/Quentin_Grimes.png,,,,,OK,0
1630552,11035590,11035590,92981,140435,2026-04-01T19:00:00.000-04:00,,,Jalen Johnson,F,ATL,ORL,23.5,Fantasy Score,fantasy,Standard,23.5,0,https://static.prizepicks.com/images/manual/JalenJohnson_headshot.png,,,,,OK,0
1631094,11035600,11035600,87329,140435,2026-04-01T19:00:00.000-04:00,,,Paolo Banchero,F,ORL,ATL,21.5,Fantasy Score,fantasy,Standard,21.5,0,https://static.prizepicks.com/images/players/NBA/Paolo_Banchero_NBA_player_cSms4hTTjMfoXUcRKPQkTQDA.webp,,,,,OK,0
1630552,11018394,11018394,92981,140435,2026-04-01T19:00:00.000-04:00,,,Jalen Johnson,F,ATL,ORL,19.5,Pts+Rebs+Asts,pra,Standard,19.5,0,https://static.prizepicks.com/images/manual/JalenJohnson_headshot.png,,,,,OK,0
1631094,11018408,11018408,87329,140435,2026-04-01T19:00:00.000-04:00,,,Paolo Banchero,F,ORL,ATL,18.5,Pts+Rebs+Asts,pra,Standard,18.5,0,https://static.prizepicks.com/images/players/NBA/Paolo_Banchero_NBA_player_cSms4hTTjMfoXUcRKPQkTQDA.webp,,,,,OK,0
1630217,11035595,11035595,271922,140435,2026-04-01T19:00:00.000-04:00,,,Desmond Bane,G,ORL,ATL,17.5,Fantasy Score,fantasy,Standard,17.5,0,https://static.prizepicks.com/images/players/NBA/Desmond_Bane_NBA_player_9SEjqOvpojg4UyUy0gX8SNQS.webp,,,,,OK,0
1630700,11035587,11035587,216876,140435,2026-04-01T19:00:00.000-04:00,,,Dyson Daniels,G,ATL,ORL,16.5,Fantasy Score,fantasy,Standard,16.5,0,https://static.prizepicks.com/images/manual/DysonDaniels_Headshot.png,,,,,OK,0
1629638,11035591,11035591,271934,140435,2026-04-01T19:00:00.000-04:00,,,Nickeil Alexander-Walker,G,ATL,ORL,16.5,Fantasy Score,fantasy,Standard,16.5,0,https://static.prizepicks.com/images/players/NBA/Nickeil_Alexander-Walker_NBA_player_YFx1QPxW6uUn3vtjVF70XcO1.webp,,,,,OK,0
1630168,11035592,11035592,57450,140435,2026-04-01T19:00:00.000-04:00,,,Onyeka Okongwu,F-C,ATL,ORL,16.5,Fantasy Score,fantasy,Standard,16.5,0,https://static.prizepicks.com/images/players/NBA/Onyeka_Okongwu_NBA_player_d0l501drVfcgmWVkhmKBfdVW.webp,,,,,OK,0
1630591,11035596,11035596,55147,140435,2026-04-01T19:00:00.000-04:00,,,Jalen Suggs,G,ORL,ATL,16.5,Fantasy Score,fantasy,Standard,16.5,0,https://static.prizepicks.com/images/players/NBA/Jalen_Suggs_NBA_player_I7jpOaNuORX9n8iyAuZi5K2s.webp,,,,,OK,0
1630217,11018387,11018387,271922,140435,2026-04-01T19:00:00.000-04:00,,,Desmond Bane,G,ORL,ATL,14.5,Pts+Rebs+Asts,pra,Standard,14.5,0,https://static.prizepicks.com/images/players/NBA/Desmond_Bane_NBA_player_9SEjqOvpojg4UyUy0gX8SNQS.webp,,,,,OK,0
203468,11035584,11035584,291779,140435,2026-04-01T19:00:00.000-04:00,,,CJ McCollum,G,ATL,ORL,14.5,Fantasy Score,fantasy,Standard,14.5,0,https://static.prizepicks.com/images/manual/CJ_McCollum-.png,,,,,OK,0
1629638,11018398,11018398,271934,140435,2026-04-01T19:00:00.000-04:00,,,Nickeil Alexander-Walker,G,ATL,ORL,13.5,Pts+Rebs+Asts,pra,Standard,13.5,0,https://static.prizepicks.com/images/players/NBA/Nickeil_Alexander-Walker_NBA_player_YFx1QPxW6uUn3vtjVF70XcO1.webp,,,,,OK,0
1628976,11035602,11035602,55143,140435,2026-04-01T19:00:00.000-04:00,,,Wendell Carter,C-F,ORL,ATL,13.5,Fantasy Score,fantasy,Standard,13.5,0,https://static.prizepicks.com/images/players/NBA/Wendell_Carter_NBA_player_D8fHvKLdHu6fJ37Fbvf4voGd.webp,,,,,OK,0
203468,11018382,11018382,291779,140435,2026-04-01T19:00:00.000-04:00,,,CJ McCollum,G,ATL,ORL,12.5,Pts+Rebs+Asts,pra,Standard,12.5,0,https://static.prizepicks.com/images/manual/CJ_McCollum-.png,,,,,OK,0
1630591,11018396,11018396,55147,140435,2026-04-01T19:00:00.000-04:00,,,Jalen Suggs,G,ORL,ATL,12.5,Pts+Rebs+Asts,pra,Standard,12.5,0,https://static.prizepicks.com/images/players/NBA/Jalen_Suggs_NBA_player_I7jpOaNuORX9n8iyAuZi5K2s.webp,,,,,OK,0
1630168,11018403,11018403,57450,140435,2026-04-01T19:00:00.000-04:00,,,Onyeka Okongwu,F-C,ATL,ORL,12.5,Pts+Rebs+Asts,pra,Standard,12.5,0,https://static.prizepicks.com/images/players/NBA/Onyeka_Okongwu_NBA_player_d0l501drVfcgmWVkhmKBfdVW.webp,,,,,OK,0
1630700,11018389,11018389,216876,140435,2026-04-01T19:00:00.000-04:00,,,Dyson Daniels,G,ATL,ORL,11.5,Pts+Rebs+Asts,pra,Standard,11.5,0,https://static.prizepicks.com/images/manual/DysonDaniels_Headshot.png,,,,,OK,0
1630552,11018392,11018392,92981,140435,2026-04-01T19:00:00.000-04:00,,,Jalen Johnson,F,ATL,ORL,11.5,Points,pts,Standard,11.5,0,https://static.prizepicks.com/images/manual/JalenJohnson_headshot.png,,,,,OK,0
1631094,11018406,11018406,87329,140435,2026-04-01T19:00:00.000-04:00,,,Paolo Banchero,F,ORL,ATL,11.5,Points,pts,Standard,11.5,0,https://static.prizepicks.com/images/players/NBA/Paolo_Banchero_NBA_player_cSms4hTTjMfoXUcRKPQkTQDA.webp,,,,,OK,0
1630217,11018385,11018385,271922,140435,2026-04-01T19:00:00.000-04:00,,,Desmond Bane,G,ORL,ATL,10.5,Points,pts,Standard,10.5,0,https://static.prizepicks.com/images/players/NBA/Desmond_Bane_NBA_player_9SEjqOvpojg4UyUy0gX8SNQS.webp,,,,,OK,0
1628976,11025208,11025208,55143,140435,2026-04-01T19:00:00.000-04:00,,,Wendell Carter,C-F,ORL,ATL,10.5,Pts+Rebs+Asts,pra,Standard,10.5,0,https://static.prizepicks.com/images/players/NBA/Wendell_Carter_NBA_player_D8fHvKLdHu6fJ37Fbvf4voGd.webp,,,,,OK,0
203468,11018380,11018380,291779,140435,2026-04-01T19:00:00.000-04:00,,,CJ McCollum,G,ATL,ORL,9.5,Points,pts,Standard,9.5,0,https://static.prizepicks.com/images/manual/CJ_McCollum-.png,,,,,OK,0
1629638,11019464,11019464,271934,140435,2026-04-01T19:00:00.000-04:00,,,Nickeil Alexander-Walker,G,ATL,ORL,9.5,Points,pts,Standard,9.5,0,https://static.prizepicks.com/images/players/NBA/Nickeil_Alexander-Walker_NBA_player_YFx1QPxW6uUn3vtjVF70XcO1.webp,,,,,OK,0
1630591,11021698,11021698,55147,140435,2026-04-01T19:00:00.000-04:00,,,Jalen Suggs,G,ORL,ATL,7.5,Points,pts,Standard,7.5,0,https://static.prizepicks.com/images/players/NBA/Jalen_Suggs_NBA_player_I7jpOaNuORX9n8iyAuZi5K2s.webp,,,,,OK,0
1630168,11018401,11018401,57450,140435,2026-04-01T19:00:00.000-04:00,,,Onyeka Okongwu,F-C,ATL,ORL,6.5,Points,pts,Standard,6.5,0,https://static.prizepicks.com/images/players/NBA/Onyeka_Okongwu_NBA_player_d0l501drVfcgmWVkhmKBfdVW.webp,,,,,OK,0
1628976,11018414,11018414,55143,140435,2026-04-01T19:00:00.000-04:00,,,Wendell Carter,C-F,ORL,ATL,5.5,Points,pts,Standard,5.5,0,https://static.prizepicks.com/images/players/NBA/Wendell_Carter_NBA_player_D8fHvKLdHu6fJ37Fbvf4voGd.webp,,,,,OK,0
1630700,11019461,11019461,216876,140435,2026-04-01T19:00:00.000-04:00,,,Dyson Daniels,G,ATL,ORL,5.5,Points,pts,Standard,5.5,0,https://static.prizepicks.com/images/manual/DysonDaniels_Headshot.png,,,,,OK,0
1627759,11035712,11035712,55076,140436,2026-04-01T19:30:00.000-04:00,,,Jaylen Brown,G-F,BOS,MIA,22.5,Fantasy Score,fantasy,Standard,22.5,0,https://static.prizepicks.com/images/players/NBA/Jaylen_Brown_NBA_player_utxCqIIRlnJz1PvPg4Ljnl44.webp,,,,,OK,0
1628369,11035714,11035714,55074,140436,2026-04-01T19:30:00.000-04:00,,,Jayson Tatum,F-G,BOS,MIA,21.5,Fantasy Score,fantasy,Standard,21.5,0,https://static.prizepicks.com/images/players/NBA/Jayson_Tatum_NBA_player_m62yMQl0xSxuv8M28c75TQG0.webp,,,,,OK,0
1627759,11007059,11007059,55076,140436,2026-04-01T19:30:00.000-04:00,,,Jaylen Brown,G-F,BOS,MIA,20.5,Pts+Rebs+Asts,pra,Standard,20.5,0,https://static.prizepicks.com/images/players/NBA/Jaylen_Brown_NBA_player_utxCqIIRlnJz1PvPg4Ljnl44.webp,,,,,OK,0
1628389,11035721,11035721,55283,140436,2026-04-01T19:30:00.000-04:00,,,Bam Adebayo,C-F,MIA,BOS,20.5,Fantasy Score,fantasy,Standard,20.5,0,https://static.prizepicks.com/images/players/NBA/Bam_Adebayo_NBA_player_k5AKrt98DD5x7VKXQ6GPiPz1.webp,,,,,OK,0
1628369,11007064,11007064,55074,140436,2026-04-01T19:30:00.000-04:00,,,Jayson Tatum,F-G,BOS,MIA,18.5,Pts+Rebs+Asts,pra,Standard,18.5,0,https://static.prizepicks.com/images/players/NBA/Jayson_Tatum_NBA_player_m62yMQl0xSxuv8M28c75TQG0.webp,,,,,OK,0
1628389,11007481,11007481,55283,140436,2026-04-01T19:30:00.000-04:00,,,Bam Adebayo,C-F,MIA,BOS,17.5,Pts+Rebs+Asts,pra,Standard,17.5,0,https://static.prizepicks.com/images/players/NBA/Bam_Adebayo_NBA_player_k5AKrt98DD5x7VKXQ6GPiPz1.webp,,,,,OK,0
1628401,11035710,11035710,60022,140436,2026-04-01T19:30:00.000-04:00,,,Derrick White,G,BOS,MIA,17.5,Fantasy Score,fantasy,Standard,17.5,0,https://static.prizepicks.com/images/players/NBA/Derrick_White_NBA_player_j31gwnz7z94eWcwKbT1RB8J.webp,,,,,OK,0
1629639,11035724,11035724,55298,140436,2026-04-01T19:30:00.000-04:00,,,Tyler Herro,G,MIA,BOS,17.5,Fantasy Score,fantasy,Standard,17.5,0,https://static.prizepicks.com/images/players/NBA/Tyler_Herro_NBA_player_Bz7r2msPv6LxaUBsQ7Zgi8st.webp,,,,,OK,0
1629639,11007501,11007501,55298,140436,2026-04-01T19:30:00.000-04:00,,,Tyler Herro,G,MIA,BOS,15.5,Pts+Rebs+Asts,pra,Standard,15.5,0,https://static.prizepicks.com/images/players/NBA/Tyler_Herro_NBA_player_Bz7r2msPv6LxaUBsQ7Zgi8st.webp,,,,,OK,0
1629674,11035716,11035716,219171,140436,2026-04-01T19:30:00.000-04:00,,,Neemias Queta,C,BOS,MIA,15.5,Fantasy Score,fantasy,Standard,15.5,0,https://static.prizepicks.com/images/players/NBA/Neemias_Queta_NBA_player_PrhzuamNgCHm5kczjwO8Rg6q.webp,,,,,OK,0
1630202,11035719,11035719,57559,140436,2026-04-01T19:30:00.000-04:00,,,Payton Pritchard,G,BOS,MIA,14.5,Fantasy Score,fantasy,Standard,14.5,0,https://static.prizepicks.com/images/players/NBA/Payton_Pritchard_NBA_player_mETqObZeSRGUv7JuHzL8Roy.webp,,,,,OK,0
203952,11035720,11035720,227726,140436,2026-04-01T19:30:00.000-04:00,,,Andrew Wiggins,F,MIA,BOS,14.5,Fantasy Score,fantasy,Standard,14.5,0,https://static.prizepicks.com/images/players/NBA/Andrew_Wiggins_NBA_player_yKQK0gmYfGjWuANzVD4ek19k.webp,,,,,OK,0
1627759,11007057,11007057,55076,140436,2026-04-01T19:30:00.000-04:00,,,Jaylen Brown,G-F,BOS,MIA,13.5,Points,pts,Standard,13.5,0,https://static.prizepicks.com/images/players/NBA/Jaylen_Brown_NBA_player_utxCqIIRlnJz1PvPg4Ljnl44.webp,,,,,OK,0
1628401,11007054,11007054,60022,140436,2026-04-01T19:30:00.000-04:00,,,Derrick White,G,BOS,MIA,12.5,Pts+Rebs+Asts,pra,Standard,12.5,0,https://static.prizepicks.com/images/players/NBA/Derrick_White_NBA_player_j31gwnz7z94eWcwKbT1RB8J.webp,,,,,OK,0
1630202,11007068,11007068,57559,140436,2026-04-01T19:30:00.000-04:00,,,Payton Pritchard,G,BOS,MIA,12.5,Pts+Rebs+Asts,pra,Standard,12.5,0,https://static.prizepicks.com/images/players/NBA/Payton_Pritchard_NBA_player_mETqObZeSRGUv7JuHzL8Roy.webp,,,,,OK,0
1630558,11035722,11035722,228081,140436,2026-04-01T19:30:00.000-04:00,,,Davion Mitchell,G,MIA,BOS,12.0,Fantasy Score,fantasy,Standard,12.0,0,https://static.prizepicks.com/images/players/NBA/Davion_Mitchell_NBA_player_ZoDFOmDX207i6ik62UoG3uK.webp,,,,,OK,0
1628369,11007062,11007062,55074,140436,2026-04-01T19:30:00.000-04:00,,,Jayson Tatum,F-G,BOS,MIA,11.5,Points,pts,Standard,11.5,0,https://static.prizepicks.com/images/players/NBA/Jayson_Tatum_NBA_player_m62yMQl0xSxuv8M28c75TQG0.webp,,,,,OK,0
1629674,11007066,11007066,219171,140436,2026-04-01T19:30:00.000-04:00,,,Neemias Queta,C,BOS,MIA,11.5,Pts+Rebs+Asts,pra,Standard,11.5,0,https://static.prizepicks.com/images/players/NBA/Neemias_Queta_NBA_player_PrhzuamNgCHm5kczjwO8Rg6q.webp,,,,,OK,0
1629639,11007499,11007499,55298,140436,2026-04-01T19:30:00.000-04:00,,,Tyler Herro,G,MIA,BOS,11.5,Points,pts,Standard,11.5,0,https://static.prizepicks.com/images/players/NBA/Tyler_Herro_NBA_player_Bz7r2msPv6LxaUBsQ7Zgi8st.webp,,,,,OK,0
1641796,11035723,11035723,233792,140436,2026-04-01T19:30:00.000-04:00,,,Pelle Larsson,G,MIA,BOS,11.5,Fantasy Score,fantasy,Standard,11.5,0,https://static.prizepicks.com/images/players/NBA/Pelle_Larsson_NBA_player_Jx5ZqeLyqZECGQziJT6zXdNr.webp,,,,,OK,0
203952,11007476,11007476,227726,140436,2026-04-01T19:30:00.000-04:00,,,Andrew Wiggins,F,MIA,BOS,10.5,Pts+Rebs+Asts,pra,Standard,10.5,0,https://static.prizepicks.com/images/players/NBA/Andrew_Wiggins_NBA_player_yKQK0gmYfGjWuANzVD4ek19k.webp,,,,,OK,0
1628389,11007479,11007479,55283,140436,2026-04-01T19:30:00.000-04:00,,,Bam Adebayo,C-F,MIA,BOS,10.5,Points,pts,Standard,10.5,0,https://static.prizepicks.com/images/players/NBA/Bam_Adebayo_NBA_player_k5AKrt98DD5x7VKXQ6GPiPz1.webp,,,,,OK,0
1630558,11007486,11007486,228081,140436,2026-04-01T19:30:00.000-04:00,,,Davion Mitchell,G,MIA,BOS,9.5,Pts+Rebs+Asts,pra,Standard,9.5,0,https://static.prizepicks.com/images/players/NBA/Davion_Mitchell_NBA_player_ZoDFOmDX207i6ik62UoG3uK.webp,,,,,OK,0
1641796,11007496,11007496,233792,140436,2026-04-01T19:30:00.000-04:00,,,Pelle Larsson,G,MIA,BOS,9.5,Pts+Rebs+Asts,pra,Standard,9.5,0,https://static.prizepicks.com/images/players/NBA/Pelle_Larsson_NBA_player_Jx5ZqeLyqZECGQziJT6zXdNr.webp,,,,,OK,0
1628401,11007052,11007052,60022,140436,2026-04-01T19:30:00.000-04:00,,,Derrick White,G,BOS,MIA,7.5,Points,pts,Standard,7.5,0,https://static.prizepicks.com/images/players/NBA/Derrick_White_NBA_player_j31gwnz7z94eWcwKbT1RB8J.webp,,,,,OK,0
203952,11007474,11007474,227726,140436,2026-04-01T19:30:00.000-04:00,,,Andrew Wiggins,F,MIA,BOS,7.5,Points,pts,Standard,7.5,0,https://static.prizepicks.com/images/players/NBA/Andrew_Wiggins_NBA_player_yKQK0gmYfGjWuANzVD4ek19k.webp,,,,,OK,0
1630202,11013951,11013951,57559,140436,2026-04-01T19:30:00.000-04:00,,,Payton Pritchard,G,BOS,MIA,7.5,Points,pts,Standard,7.5,0,https://static.prizepicks.com/images/players/NBA/Payton_Pritchard_NBA_player_mETqObZeSRGUv7JuHzL8Roy.webp,,,,,OK,0
1641796,11007494,11007494,233792,140436,2026-04-01T19:30:00.000-04:00,,,Pelle Larsson,G,MIA,BOS,5.5,Points,pts,Standard,5.5,0,https://static.prizepicks.com/images/players/NBA/Pelle_Larsson_NBA_player_Jx5ZqeLyqZECGQziJT6zXdNr.webp,,,,,OK,0
1629674,11013948,11013948,219171,140436,2026-04-01T19:30:00.000-04:00,,,Neemias Queta,C,BOS,MIA,5.5,Points,pts,Standard,5.5,0,https://static.prizepicks.com/images/players/NBA/Neemias_Queta_NBA_player_PrhzuamNgCHm5kczjwO8Rg6q.webp,,,,,OK,0
1630558,11007484,11007484,228081,140436,2026-04-01T19:30:00.000-04:00,,,Davion Mitchell,G,MIA,BOS,4.5,Points,pts,Standard,4.5,0,https://static.prizepicks.com/images/players/NBA/Davion_Mitchell_NBA_player_ZoDFOmDX207i6ik62UoG3uK.webp,,,,,OK,0
1628973,11036122,11036122,87377,140437,2026-04-01T20:00:00.000-04:00,,,Jalen Brunson,G,NYK,,21.5,Fantasy Score,fantasy,Standard,21.5,0,https://static.prizepicks.com/images/players/NBA/Jalen_Brunson_NBA_player_yiwlT8GHgktYu1WBoRvjpRr8.webp,,,,,OK,0
1626157,11036127,11036127,216407,140437,2026-04-01T20:00:00.000-04:00,,,Karl-Anthony Towns,C-F,NYK,,21.5,Fantasy Score,fantasy,Standard,21.5,0,https://static.prizepicks.com/images/players/NBA/Karl-Anthony_Towns_NBA_player_qsD13lWREH4SgwkL0ZD1D8gt.webp,,,,,OK,0
1628973,11018814,11018814,87377,140437,2026-04-01T20:00:00.000-04:00,,,Jalen Brunson,G,NYK,,18.5,Pts+Rebs+Asts,pra,Standard,18.5,0,https://static.prizepicks.com/images/players/NBA/Jalen_Brunson_NBA_player_yiwlT8GHgktYu1WBoRvjpRr8.webp,,,,,OK,0
1626157,11018819,11018819,216407,140437,2026-04-01T20:00:00.000-04:00,,,Karl-Anthony Towns,C-F,NYK,,18.5,Pts+Rebs+Asts,pra,Standard,18.5,0,https://static.prizepicks.com/images/players/NBA/Karl-Anthony_Towns_NBA_player_qsD13lWREH4SgwkL0ZD1D8gt.webp,,,,,OK,0
1628404,11036126,11036126,123698,140437,2026-04-01T20:00:00.000-04:00,,,Josh Hart,G,NYK,,17.5,Fantasy Score,fantasy,Standard,17.5,0,https://static.prizepicks.com/images/players/NBA/Josh_Hart_NBA_player_H4eKetTATQuBYqjr3k7PBmJd.webp,,,,,OK,0
1628384,11036129,11036129,183160,140437,2026-04-01T20:00:00.000-04:00,,,OG Anunoby,F-G,NYK,,16.5,Fantasy Score,fantasy,Standard,16.5,0,https://static.prizepicks.com/images/players/NBA/OG_Anunoby_NBA_player_7g4oOE9EMB4tFkaOcu1UCAZ0.webp,,,,,OK,0
1628969,11036128,11036128,216406,140437,2026-04-01T20:00:00.000-04:00,,,Mikal Bridges,G-F,NYK,,15.5,Fantasy Score,fantasy,Standard,15.5,0,https://static.prizepicks.com/images/players/NBA/Mikal_Bridges_NBA_player_GWFvIk1UqZwpQez5aYd322k.webp,,,,,OK,0
1628404,11019479,11019479,123698,140437,2026-04-01T20:00:00.000-04:00,,,Josh Hart,G,NYK,,14.5,Pts+Rebs+Asts,pra,Standard,14.5,0,https://static.prizepicks.com/images/players/NBA/Josh_Hart_NBA_player_H4eKetTATQuBYqjr3k7PBmJd.webp,,,,,OK,0
1628973,11018812,11018812,87377,140437,2026-04-01T20:00:00.000-04:00,,,Jalen Brunson,G,NYK,,13.5,Points,pts,Standard,13.5,0,https://static.prizepicks.com/images/players/NBA/Jalen_Brunson_NBA_player_yiwlT8GHgktYu1WBoRvjpRr8.webp,,,,,OK,0
1628384,11019489,11019489,183160,140437,2026-04-01T20:00:00.000-04:00,,,OG Anunoby,F-G,NYK,,12.5,Pts+Rebs+Asts,pra,Standard,12.5,0,https://static.prizepicks.com/images/players/NBA/OG_Anunoby_NBA_player_7g4oOE9EMB4tFkaOcu1UCAZ0.webp,,,,,OK,0
1626157,11018817,11018817,216407,140437,2026-04-01T20:00:00.000-04:00,,,Karl-Anthony Towns,C-F,NYK,,11.5,Points,pts,Standard,11.5,0,https://static.prizepicks.com/images/players/NBA/Karl-Anthony_Towns_NBA_player_qsD13lWREH4SgwkL0ZD1D8gt.webp,,,,,OK,0
1628969,11019484,11019484,216406,140437,2026-04-01T20:00:00.000-04:00,,,Mikal Bridges,G-F,NYK,,11.5,Pts+Rebs+Asts,pra,Standard,11.5,0,https://static.prizepicks.com/images/players/NBA/Mikal_Bridges_NBA_player_GWFvIk1UqZwpQez5aYd322k.webp,,,,,OK,0
1628384,11019487,11019487,183160,140437,2026-04-01T20:00:00.000-04:00,,,OG Anunoby,F-G,NYK,,8.5,Points,pts,Standard,8.5,0,https://static.prizepicks.com/images/players/NBA/OG_Anunoby_NBA_player_7g4oOE9EMB4tFkaOcu1UCAZ0.webp,,,,,OK,0
1628404,11019477,11019477,123698,140437,2026-04-01T20:00:00.000-04:00,,,Josh Hart,G,NYK,,7.5,Points,pts,Standard,7.5,0,https://static.prizepicks.com/images/players/NBA/Josh_Hart_NBA_player_H4eKetTATQuBYqjr3k7PBmJd.webp,,,,,OK,0
1628969,11019482,11019482,216406,140437,2026-04-01T20:00:00.000-04:00,,,Mikal Bridges,G-F,NYK,,7.5,Points,pts,Standard,7.5,0,https://static.prizepicks.com/images/players/NBA/Mikal_Bridges_NBA_player_GWFvIk1UqZwpQez5aYd322k.webp,,,,,OK,0
1630567,11036383,11036383,55062,140438,2026-04-01T20:00:00.000-04:00,,,Scottie Barnes,F-G,TOR,,22.5,Fantasy Score,fantasy,Standard,22.5,0,https://static.prizepicks.com/images/players/NBA/Scottie_Barnes_NBA_player_CA6jRIM1PBTqp5mxIeLVkhys.webp,,,,,OK,0
1627742,11036380,11036380,271928,140438,2026-04-01T20:00:00.000-04:00,,,Brandon Ingram,F,TOR,,18.5,Fantasy Score,fantasy,Standard,18.5,0,https://static.prizepicks.com/images/players/NBA/Brandon_Ingram_NBA_player_wQKmpzeMNkdFc6r8uKMWcPCq.webp,,,,,OK,0
1629628,11036381,11036381,183186,140438,2026-04-01T20:00:00.000-04:00,,,RJ Barrett,F-G,TOR,,18.5,Fantasy Score,fantasy,Standard,18.5,0,https://static.prizepicks.com/images/players/NBA/R.J._Barrett_NBA_player_Xqi7opqaKQcXtcUIWPhwOB6j.webp,,,,,OK,0
1630567,11023970,11023970,55062,140438,2026-04-01T20:00:00.000-04:00,,,Scottie Barnes,F-G,TOR,,17.5,Pts+Rebs+Asts,pra,Standard,17.5,0,https://static.prizepicks.com/images/players/NBA/Scottie_Barnes_NBA_player_CA6jRIM1PBTqp5mxIeLVkhys.webp,,,,,OK,0
1627742,11023912,11023912,271928,140438,2026-04-01T20:00:00.000-04:00,,,Brandon Ingram,F,TOR,,15.5,Pts+Rebs+Asts,pra,Standard,15.5,0,https://static.prizepicks.com/images/players/NBA/Brandon_Ingram_NBA_player_wQKmpzeMNkdFc6r8uKMWcPCq.webp,,,,,OK,0
1629628,11023962,11023962,183186,140438,2026-04-01T20:00:00.000-04:00,,,RJ Barrett,F-G,TOR,,15.5,Pts+Rebs+Asts,pra,Standard,15.5,0,https://static.prizepicks.com/images/players/NBA/R.J._Barrett_NBA_player_Xqi7opqaKQcXtcUIWPhwOB6j.webp,,,,,OK,0
1627742,11023910,11023910,271928,140438,2026-04-01T20:00:00.000-04:00,,,Brandon Ingram,F,TOR,,11.5,Points,pts,Standard,11.5,0,https://static.prizepicks.com/images/players/NBA/Brandon_Ingram_NBA_player_wQKmpzeMNkdFc6r8uKMWcPCq.webp,,,,,OK,0
1629628,11023960,11023960,183186,140438,2026-04-01T20:00:00.000-04:00,,,RJ Barrett,F-G,TOR,,11.5,Points,pts,Standard,11.5,0,https://static.prizepicks.com/images/players/NBA/R.J._Barrett_NBA_player_Xqi7opqaKQcXtcUIWPhwOB6j.webp,,,,,OK,0
1630567,11023968,11023968,55062,140438,2026-04-01T20:00:00.000-04:00,,,Scottie Barnes,F-G,TOR,,9.5,Points,pts,Standard,9.5,0,https://static.prizepicks.com/images/players/NBA/Scottie_Barnes_NBA_player_CA6jRIM1PBTqp5mxIeLVkhys.webp,,,,,OK,0
1630581,11037426,11037426,216748,140440,2026-04-01T20:00:00.000-04:00,,,Josh Giddey,G,CHI,,23.5,Fantasy Score,fantasy,Standard,23.5,0,https://static.prizepicks.com/images/players/NBA/Josh_Giddey_NBA_player_Eo2a2f7DY9A2ZP7U05U3zq8h.webp,,,,,OK,0
1630581,11016564,11016564,216748,140440,2026-04-01T20:00:00.000-04:00,,,Josh Giddey,G,CHI,,19.5,Pts+Rebs+Asts,pra,Standard,19.5,0,https://static.prizepicks.com/images/players/NBA/Josh_Giddey_NBA_player_Eo2a2f7DY9A2ZP7U05U3zq8h.webp,,,,,OK,0
1641824,11037429,11037429,221320,140440,2026-04-01T20:00:00.000-04:00,,,Matas Buzelis,F,CHI,,19.5,Fantasy Score,fantasy,Standard,19.5,0,https://static.prizepicks.com/images/players/NBA/Matas_Buzelis_NBA_player_XvNO17DQRNhYtRc2NCRX2D0O.webp,,,,,OK,0
1641824,11016569,11016569,221320,140440,2026-04-01T20:00:00.000-04:00,,,Matas Buzelis,F,CHI,,15.5,Pts+Rebs+Asts,pra,Standard,15.5,0,https://static.prizepicks.com/images/players/NBA/Matas_Buzelis_NBA_player_XvNO17DQRNhYtRc2NCRX2D0O.webp,,,,,OK,0
1630200,11037433,11037433,228975,140440,2026-04-01T20:00:00.000-04:00,,,Tre Jones,G,CHI,,14.5,Fantasy Score,fantasy,Standard,14.5,0,https://static.prizepicks.com/images/players/NBA/Tre_Jones_NBA_player_MKctZe7p9MBZTGzAv3GBDkxs.webp,,,,,OK,0
1630200,11016581,11016581,228975,140440,2026-04-01T20:00:00.000-04:00,,,Tre Jones,G,CHI,,12.5,Pts+Rebs+Asts,pra,Standard,12.5,0,https://static.prizepicks.com/images/players/NBA/Tre_Jones_NBA_player_MKctZe7p9MBZTGzAv3GBDkxs.webp,,,,,OK,0
1630208,11037431,11037431,299512,140440,2026-04-01T20:00:00.000-04:00,,,Nick Richards,C,CHI,,11.5,Fantasy Score,fantasy,Standard,11.5,0,https://static.prizepicks.com/images/manual/Nick_Richards.png,,,,,OK,0
1641824,11016567,11016567,221320,140440,2026-04-01T20:00:00.000-04:00,,,Matas Buzelis,F,CHI,,10.5,Points,pts,Standard,10.5,0,https://static.prizepicks.com/images/players/NBA/Matas_Buzelis_NBA_player_XvNO17DQRNhYtRc2NCRX2D0O.webp,,,,,OK,0
1630581,11016562,11016562,216748,140440,2026-04-01T20:00:00.000-04:00,,,Josh Giddey,G,CHI,,9.5,Points,pts,Standard,9.5,0,https://static.prizepicks.com/images/players/NBA/Josh_Giddey_NBA_player_Eo2a2f7DY9A2ZP7U05U3zq8h.webp,,,,,OK,0
1630208,11016571,11016571,299512,140440,2026-04-01T20:00:00.000-04:00,,,Nick Richards,C,CHI,,9.5,Pts+Rebs+Asts,pra,Standard,9.5,0,https://static.prizepicks.com/images/manual/Nick_Richards.png,,,,,OK,0
1630200,11016579,11016579,228975,140440,2026-04-01T20:00:00.000-04:00,,,Tre Jones,G,CHI,,7.5,Points,pts,Standard,7.5,0,https://static.prizepicks.com/images/players/NBA/Tre_Jones_NBA_player_MKctZe7p9MBZTGzAv3GBDkxs.webp,,,,,OK,0
1630208,11016622,11016622,299512,140440,2026-04-01T20:00:00.000-04:00,,,Nick Richards,C,CHI,,4.5,Points,pts,Standard,4.5,0,https://static.prizepicks.com/images/manual/Nick_Richards.png,,,,,OK,0
1641705,11038085,11038085,173820,140694,2026-04-01T22:00:00.000-04:00,,,Victor Wembanyama,F-C,SAS,GSW,29.5,Fantasy Score,fantasy,Standard,29.5,0,https://static.prizepicks.com/images/players/NBA/Victor_Wembanyama_NBA_player_2EsUEdOt5xmywxPr6qxPdHNs.webp,,,,,OK,0
1641705,11011176,11011176,173820,140694,2026-04-01T22:00:00.000-04:00,,,Victor Wembanyama,F-C,SAS,GSW,21.5,Pts+Rebs+Asts,pra,Standard,21.5,0,https://static.prizepicks.com/images/players/NBA/Victor_Wembanyama_NBA_player_2EsUEdOt5xmywxPr6qxPdHNs.webp,,,,,OK,0
1642264,11038084,11038084,217805,140694,2026-04-01T22:00:00.000-04:00,,,Stephon Castle,G,SAS,GSW,19.5,Fantasy Score,fantasy,Standard,19.5,0,https://static.prizepicks.com/images/players/NBA/Stephon_Castle_NBA_player_3nImU3v39rqjCKdKG1wdfekq.webp,,,,,OK,0
1628368,11038079,11038079,226914,140694,2026-04-01T22:00:00.000-04:00,,,De'Aaron Fox,G,SAS,GSW,17.5,Fantasy Score,fantasy,Standard,17.5,0,https://static.prizepicks.com/images/players/NBA/De'Aaron_Fox_NBA_player_ey65igBBNutBRz0ibXh85IuZ.webp,,,,,OK,0
1642264,11011171,11011171,217805,140694,2026-04-01T22:00:00.000-04:00,,,Stephon Castle,G,SAS,GSW,16.5,Pts+Rebs+Asts,pra,Standard,16.5,0,https://static.prizepicks.com/images/players/NBA/Stephon_Castle_NBA_player_3nImU3v39rqjCKdKG1wdfekq.webp,,,,,OK,0
1641764,11038067,11038067,181477,140694,2026-04-01T22:00:00.000-04:00,,,Brandin Podziemski,G,GSW,SAS,16.5,Fantasy Score,fantasy,Standard,16.5,0,https://static.prizepicks.com/images/players/NBA/Brandin_Podziemski_NBA_player_xulwA1dAXTbxo9PLVFXHRYB6.webp,,,,,OK,0
1630611,11038074,11038074,225504,140694,2026-04-01T22:00:00.000-04:00,,,Gui Santos,F,GSW,SAS,15.5,Fantasy Score,fantasy,Standard,15.5,0,https://static.prizepicks.com/images/players/NBA/Gui_Santos_NBA_player_HA8Q21tgmTmAYPOMGFWKbNa8.webp,,,,,OK,0
1641764,11010570,11010570,181477,140694,2026-04-01T22:00:00.000-04:00,,,Brandin Podziemski,G,GSW,SAS,14.5,Pts+Rebs+Asts,pra,Standard,14.5,0,https://static.prizepicks.com/images/players/NBA/Brandin_Podziemski_NBA_player_xulwA1dAXTbxo9PLVFXHRYB6.webp,,,,,OK,0
1628368,11011146,11011146,226914,140694,2026-04-01T22:00:00.000-04:00,,,De'Aaron Fox,G,SAS,GSW,14.5,Pts+Rebs+Asts,pra,Standard,14.5,0,https://static.prizepicks.com/images/players/NBA/De'Aaron_Fox_NBA_player_ey65igBBNutBRz0ibXh85IuZ.webp,,,,,OK,0
1641705,11011174,11011174,173820,140694,2026-04-01T22:00:00.000-04:00,,,Victor Wembanyama,F-C,SAS,GSW,13.5,Points,pts,Standard,13.5,0,https://static.prizepicks.com/images/players/NBA/Victor_Wembanyama_NBA_player_2EsUEdOt5xmywxPr6qxPdHNs.webp,,,,,OK,0
203110,11038068,11038068,54825,140694,2026-04-01T22:00:00.000-04:00,,,Draymond Green,F,GSW,SAS,13.5,Fantasy Score,fantasy,Standard,13.5,0,https://static.prizepicks.com/images/players/NBA/Draymond_Green_NBA_player_1z7sEvTBX9wTfMTBZKi9b0L.webp,,,,,OK,0
56,11038071,11038071,57330,140694,2026-04-01T22:00:00.000-04:00,,,Gary Payton,G,GSW,SAS,13.5,Fantasy Score,fantasy,Standard,13.5,0,https://static.prizepicks.com/images/players/NBA/Gary_Payton_NBA_player_4ZxhTCJZFDSyzegFARO2ZNE.webp,,,,,OK,0
1642844,11038081,11038081,271984,140694,2026-04-01T22:00:00.000-04:00,,,Dylan Harper,G,SAS,GSW,13.5,Fantasy Score,fantasy,Standard,13.5,0,https://static.prizepicks.com/images/manual/DylanHarper.png,,,,,OK,0
1630611,11010582,11010582,225504,140694,2026-04-01T22:00:00.000-04:00,,,Gui Santos,F,GSW,SAS,13.0,Pts+Rebs+Asts,pra,Standard,13.0,0,https://static.prizepicks.com/images/players/NBA/Gui_Santos_NBA_player_HA8Q21tgmTmAYPOMGFWKbNa8.webp,,,,,OK,0
1630170,11038080,11038080,56348,140694,2026-04-01T22:00:00.000-04:00,,,Devin Vassell,G-F,SAS,GSW,12.0,Fantasy Score,fantasy,Standard,12.0,0,https://static.prizepicks.com/images/players/NBA/Devin_Vassell_NBA_player_1FsPF0NOGQH4fepI0eeG7MYw.webp,,,,,OK,0
1629640,11038083,11038083,55148,140694,2026-04-01T22:00:00.000-04:00,,,Keldon Johnson,F-G,SAS,GSW,11.5,Fantasy Score,fantasy,Standard,11.5,0,https://static.prizepicks.com/images/players/NBA/Keldon_Johnson_NBA_player_ytnN6jT7zYkcukGvVWoYp2zk.webp,,,,,OK,0
1642844,11011159,11011159,271984,140694,2026-04-01T22:00:00.000-04:00,,,Dylan Harper,G,SAS,GSW,11.0,Pts+Rebs+Asts,pra,Standard,11.0,0,https://static.prizepicks.com/images/manual/DylanHarper.png,,,,,OK,0
203110,11010574,11010574,54825,140694,2026-04-01T22:00:00.000-04:00,,,Draymond Green,F,GSW,SAS,10.5,Pts+Rebs+Asts,pra,Standard,10.5,0,https://static.prizepicks.com/images/players/NBA/Draymond_Green_NBA_player_1z7sEvTBX9wTfMTBZKi9b0L.webp,,,,,OK,0
1630170,11011154,11011154,56348,140694,2026-04-01T22:00:00.000-04:00,,,Devin Vassell,G-F,SAS,GSW,10.5,Pts+Rebs+Asts,pra,Standard,10.5,0,https://static.prizepicks.com/images/players/NBA/Devin_Vassell_NBA_player_1FsPF0NOGQH4fepI0eeG7MYw.webp,,,,,OK,0
56,11016007,11016007,57330,140694,2026-04-01T22:00:00.000-04:00,,,Gary Payton,G,GSW,SAS,10.5,Pts+Rebs+Asts,pra,Standard,10.5,0,https://static.prizepicks.com/images/players/NBA/Gary_Payton_NBA_player_4ZxhTCJZFDSyzegFARO2ZNE.webp,,,,,OK,0
1630311,11038076,11038076,281206,140694,2026-04-01T22:00:00.000-04:00,,,Pat Spencer,G,GSW,SAS,10.5,Fantasy Score,fantasy,Standard,10.5,0,https://static.prizepicks.com/images/players/NBA/Pat_Spencer_NBA_player_K9soSALlLFS3B52SaWl56LlH.webp,,,,,OK,0
1628368,11011144,11011144,226914,140694,2026-04-01T22:00:00.000-04:00,,,De'Aaron Fox,G,SAS,GSW,9.5,Points,pts,Standard,9.5,0,https://static.prizepicks.com/images/players/NBA/De'Aaron_Fox_NBA_player_ey65igBBNutBRz0ibXh85IuZ.webp,,,,,OK,0
1629640,11011166,11011166,55148,140694,2026-04-01T22:00:00.000-04:00,,,Keldon Johnson,F-G,SAS,GSW,9.5,Pts+Rebs+Asts,pra,Standard,9.5,0,https://static.prizepicks.com/images/players/NBA/Keldon_Johnson_NBA_player_ytnN6jT7zYkcukGvVWoYp2zk.webp,,,,,OK,0
1642264,11011169,11011169,217805,140694,2026-04-01T22:00:00.000-04:00,,,Stephon Castle,G,SAS,GSW,9.5,Points,pts,Standard,9.5,0,https://static.prizepicks.com/images/players/NBA/Stephon_Castle_NBA_player_3nImU3v39rqjCKdKG1wdfekq.webp,,,,,OK,0
1641764,11010568,11010568,181477,140694,2026-04-01T22:00:00.000-04:00,,,Brandin Podziemski,G,GSW,SAS,8.5,Points,pts,Standard,8.5,0,https://static.prizepicks.com/images/players/NBA/Brandin_Podziemski_NBA_player_xulwA1dAXTbxo9PLVFXHRYB6.webp,,,,,OK,0
1630611,11010580,11010580,225504,140694,2026-04-01T22:00:00.000-04:00,,,Gui Santos,F,GSW,SAS,8.5,Points,pts,Standard,8.5,0,https://static.prizepicks.com/images/players/NBA/Gui_Santos_NBA_player_HA8Q21tgmTmAYPOMGFWKbNa8.webp,,,,,OK,0
1630311,11010589,11010589,281206,140694,2026-04-01T22:00:00.000-04:00,,,Pat Spencer,G,GSW,SAS,8.5,Pts+Rebs+Asts,pra,Standard,8.5,0,https://static.prizepicks.com/images/players/NBA/Pat_Spencer_NBA_player_K9soSALlLFS3B52SaWl56LlH.webp,,,,,OK,0
56,11010577,11010577,57330,140694,2026-04-01T22:00:00.000-04:00,,,Gary Payton,G,GSW,SAS,6.5,Points,pts,Standard,6.5,0,https://static.prizepicks.com/images/players/NBA/Gary_Payton_NBA_player_4ZxhTCJZFDSyzegFARO2ZNE.webp,,,,,OK,0
1630170,11011152,11011152,56348,140694,2026-04-01T22:00:00.000-04:00,,,Devin Vassell,G-F,SAS,GSW,6.5,Points,pts,Standard,6.5,0,https://static.prizepicks.com/images/players/NBA/Devin_Vassell_NBA_player_1FsPF0NOGQH4fepI0eeG7MYw.webp,,,,,OK,0
1642844,11011157,11011157,271984,140694,2026-04-01T22:00:00.000-04:00,,,Dylan Harper,G,SAS,GSW,6.5,Points,pts,Standard,6.5,0,https://static.prizepicks.com/images/manual/DylanHarper.png,,,,,OK,0
1629640,11011164,11011164,55148,140694,2026-04-01T22:00:00.000-04:00,,,Keldon Johnson,F-G,SAS,GSW,6.5,Points,pts,Standard,6.5,0,https://static.prizepicks.com/images/players/NBA/Keldon_Johnson_NBA_player_ytnN6jT7zYkcukGvVWoYp2zk.webp,,,,,OK,0
1630311,11011707,11011707,281206,140694,2026-04-01T22:00:00.000-04:00,,,Pat Spencer,G,GSW,SAS,4.5,Points,pts,Standard,4.5,0,https://static.prizepicks.com/images/players/NBA/Pat_Spencer_NBA_player_K9soSALlLFS3B52SaWl56LlH.webp,,,,,OK,0
203110,11015956,11015956,54825,140694,2026-04-01T22:00:00.000-04:00,,,Draymond Green,F,GSW,SAS,4.5,Points,pts,Standard,4.5,0,https://static.prizepicks.com/images/players/NBA/Draymond_Green_NBA_player_1z7sEvTBX9wTfMTBZKi9b0L.webp,,,,,OK,0
