nba_player_id,projection_id,pp_projection_id,player_id,pp_game_id,start_time,pp_home_team,pp_away_team,player,pos,team,opp_team,line,prop_type,prop_norm,pick_type,standard_line,deviation_level,image_url,player_1,player_2,team_1,team_2,id_status,is_combo_player,OPP_PTS,OPP_FGA,OPP_FGM,OPP_FG3A,OPP_FG3M,OPP_FTA,OPP_TOV,OPP_2PA,OPP_2PM,OPP_2PTS,OPP_PTS_RANK,OPP_FG3M_RANK,OPP_FG3A_RANK,OPP_FGA_RANK,OPP_FGM_RANK,OPP_2PA_RANK,OPP_2PM_RANK,OPP_2PTS_RANK,OPP_FTA_RANK,OPP_TOV_FORCED_RANK,OVERALL_DEF_SCORE,OVERALL_DEF_RANK,DEF_TIER,ESPN_ATHLETE_ID,data_source,stat_g1,stat_g2,stat_g3,stat_g4,stat_g5,stat_g6,stat_g7,stat_g8,stat_g9,stat_g10,stat_last5_avg,stat_last10_avg,stat_season_avg,last5_over,last5_under,last5_push,last5_hit_rate,line_hit_rate_over_ou_5,line_hit_rate_under_ou_5,line_hit_rate_over_ou_10,line_hit_rate_under_ou_10,stat_status,min_last5_avg
203954,11035442,11035442,55123,140434,2026-04-01T19:00:00.000-04:00,,,Joel Embiid,C-F,PHI,,24.5,Fantasy Score,fantasy,Standard,24.5,0,https://static.prizepicks.com/images/players/NBA/Joel_Embiid_NBA_player_UhZzicEIsGHhbOqDDZRX5V6V.webp,,,,,OK,0,,,,,,,,,,,,,,,,,,,,,,,,3059318,insufficient_1h_history,,,,,,,,,,,,,,,,,,,,,,NO_DATA,
1630178,11035449,11035449,55127,140434,2026-04-01T19:00:00.000-04:00,,,Tyrese Maxey,G,PHI,,24.0,Fantasy Score,fantasy,Standard,24.0,0,https://static.prizepicks.com/images/players/NBA/Tyrese_Maxey_NBA_player_2Em7ba9RgTz4wL2vdHJo0xwR.webp,,,,,OK,0,,,,,,,,,,,,,,,,,,,,,,,,4431678,insufficient_1h_history,,,,,,,,,,,,,,,,,,,,,,NO_DATA,
203954,11013925,11013925,55123,140434,2026-04-01T19:00:00.000-04:00,,,Joel Embiid,C-F,PHI,,22.0,Pts+Rebs+Asts,pra,Standard,22.0,0,https://static.prizepicks.com/images/players/NBA/Joel_Embiid_NBA_player_UhZzicEIsGHhbOqDDZRX5V6V.webp,,,,,OK,0,,,,,,,,,,,,,,,,,,,,,,,,3059318,nba1h_db,21,26,27,26,27,24,,,,,25.4,25.167,25.167,4,1,0,0.8,0.8,0.2,0.833,0.167,OK,
1630178,11013940,11013940,55127,140434,2026-04-01T19:00:00.000-04:00,,,Tyrese Maxey,G,PHI,,19.5,Pts+Rebs+Asts,pra,Standard,19.5,0,https://static.prizepicks.com/images/players/NBA/Tyrese_Maxey_NBA_player_2Em7ba9RgTz4wL2vdHJo0xwR.webp,,,,,OK,0,,,,,,,,,,,,,,,,,,,,,,,,4431678,nba1h_db,15,23,28,30,22,,,,,,23.6,23.6,23.6,4,1,0,0.8,0.8,0.2,0.8,0.2,OK,
202331,11035445,11035445,218021,140434,2026-04-01T19:00:00.000-04:00,,,Paul George,F,PHI,,19.5,Fantasy Score,fantasy,Standard,19.5,0,https://static.prizepicks.com/images/players/NBA/Paul_George_NBA_player_H4SFculbifsDYkJeMUCIHqCm.webp,,,,,OK,0,,,,,,,,,,,,,,,,,,,,,,,,4251,insufficient_1h_history,,,,,,,,,,,,,,,,,,,,,,NO_DATA,
1642845,11035452,11035452,271939,140434,2026-04-01T19:00:00.000-04:00,,,VJ Edgecombe,G,PHI,,16.5,Fantasy Score,fantasy,Standard,16.5,0,https://static.prizepicks.com/images/manual/VJ_Edgecomb.png,,,,,OK,0,,,,,,,,,,,,,,,,,,,,,,,,5124612,insufficient_1h_history,,,,,,,,,,,,,,,,,,,,,,NO_DATA,
203954,11013923,11013923,55123,140434,2026-04-01T19:00:00.000-04:00,,,Joel Embiid,C-F,PHI,,15.5,Points,pts,Standard,15.5,0,https://static.prizepicks.com/images/players/NBA/Joel_Embiid_NBA_player_UhZzicEIsGHhbOqDDZRX5V6V.webp,,,,,OK,0,,,,,,,,,,,,,,,,,,,,,,,,3059318,nba1h_db,14,21,23,21,20,17,,,,,19.8,19.333,19.333,4,1,0,0.8,0.8,0.2,0.833,0.167,OK,
202331,11013930,11013930,218021,140434,2026-04-01T19:00:00.000-04:00,,,Paul George,F,PHI,,14.5,Pts+Rebs+Asts,pra,Standard,14.5,0,https://static.prizepicks.com/images/players/NBA/Paul_George_NBA_player_H4SFculbifsDYkJeMUCIHqCm.webp,,,,,OK,0,,,,,,,,,,,,,,,,,,,,,,,,4251,nba1h_db,19,16,12,,,,,,,,15.667,15.667,15.667,2,1,0,0.667,0.667,0.333,0.667,0.333,OK,
1630178,11013938,11013938,55127,140434,2026-04-01T19:00:00.000-04:00,,,Tyrese Maxey,G,PHI,,13.5,Points,pts,Standard,13.5,0,https://static.prizepicks.com/images/players/NBA/Tyrese_Maxey_NBA_player_2Em7ba9RgTz4wL2vdHJo0xwR.webp,,,,,OK,0,,,,,,,,,,,,,,,,,,,,,,,,4431678,nba1h_db,9,17,20,18,14,,,,,,15.6,15.6,15.6,4,1,0,0.8,0.8,0.2,0.8,0.2,OK,
1642845,11013945,11013945,271939,140434,2026-04-01T19:00:00.000-04:00,,,VJ Edgecombe,G,PHI,,12.5,Pts+Rebs+Asts,pra,Standard,12.5,0,https://static.prizepicks.com/images/manual/VJ_Edgecomb.png,,,,,OK,0,,,,,,,,,,,,,,,,,,,,,,,,5124612,nba1h_db,8,22,21,19,19,20,8,,,,17.8,16.714,16.714,4,1,0,0.8,0.8,0.2,0.714,0.286,OK,
1626162,11035444,11035444,174596,140434,2026-04-01T19:00:00.000-04:00,,,Kelly Oubre,F-G,PHI,,12.5,Fantasy Score,fantasy,Standard,12.5,0,https://static.prizepicks.com/images/players/NBA/Kelly_Oubre_Jr._NBA_player_XUGImHjsqxeRtcBiPgSDXMYm.webp,,,,,OK,0,,,,,,,,,,,,,,,,,,,,,,,,3133603,insufficient_1h_history,,,,,,,,,,,,,,,,,,,,,,NO_DATA,
1629656,11035446,11035446,228007,140434,2026-04-01T19:00:00.000-04:00,,,Quentin Grimes,G,PHI,,12.5,Fantasy Score,fantasy,Standard,12.5,0,https://static.prizepicks.com/images/manual/Quentin_Grimes.png,,,,,OK,0,,,,,,,,,,,,,,,,,,,,,,,,4397014,insufficient_1h_history,,,,,,,,,,,,,,,,,,,,,,NO_DATA,
1626162,11014390,11014390,174596,140434,2026-04-01T19:00:00.000-04:00,,,Kelly Oubre,F-G,PHI,,10.5,Pts+Rebs+Asts,pra,Standard,10.5,0,https://static.prizepicks.com/images/players/NBA/Kelly_Oubre_Jr._NBA_player_XUGImHjsqxeRtcBiPgSDXMYm.webp,,,,,OK,0,,,,,,,,,,,,,,,,,,,,,,,,3133603,insufficient_1h_history,,,,,,,,,,,,,,,,,,,,,,NO_DATA,
202331,11013928,11013928,218021,140434,2026-04-01T19:00:00.000-04:00,,,Paul George,F,PHI,,9.5,Points,pts,Standard,9.5,0,https://static.prizepicks.com/images/players/NBA/Paul_George_NBA_player_H4SFculbifsDYkJeMUCIHqCm.webp,,,,,OK,0,,,,,,,,,,,,,,,,,,,,,,,,4251,nba1h_db,14,12,5,,,,,,,,10.333,10.333,10.333,2,1,0,0.667,0.667,0.333,0.667,0.333,OK,
1629656,11014395,11014395,228007,140434,2026-04-01T19:00:00.000-04:00,,,Quentin Grimes,G,PHI,,9.5,Pts+Rebs+Asts,pra,Standard,9.5,0,https://static.prizepicks.com/images/manual/Quentin_Grimes.png,,,,,OK,0,,,,,,,,,,,,,,,,,,,,,,,,4397014,nba1h_db,8,9,13,16,13,10,,,,,11.8,11.5,11.5,3,2,0,0.6,0.6,0.4,0.667,0.333,OK,
1642845,11013943,11013943,271939,140434,2026-04-01T19:00:00.000-04:00,,,VJ Edgecombe,G,PHI,,7.5,Points,pts,Standard,7.5,0,https://static.prizepicks.com/images/manual/VJ_Edgecomb.png,,,,,OK,0,,,,,,,,,,,,,,,,,,,,,,,,5124612,nba1h_db,11,3,14,13,12,12,14,2,,,10.6,10.125,10.125,4,1,0,0.8,0.8,0.2,0.75,0.25,OK,
1626162,11016619,11016619,174596,140434,2026-04-01T19:00:00.000-04:00,,,Kelly Oubre,F-G,PHI,,6.5,Points,pts,Standard,6.5,0,https://static.prizepicks.com/images/players/NBA/Kelly_Oubre_Jr._NBA_player_XUGImHjsqxeRtcBiPgSDXMYm.webp,,,,,OK,0,,,,,,,,,,,,,,,,,,,,,,,,3133603,insufficient_1h_history,,,,,,,,,,,,,,,,,,,,,,NO_DATA,
1629656,11014393,11014393,228007,140434,2026-04-01T19:00:00.000-04:00,,,Quentin Grimes,G,PHI,,5.5,Points,pts,Standard,5.5,0,https://static.prizepicks.com/images/manual/Quentin_Grimes.png,,,,,OK,0,,,,,,,,,,,,,,,,,,,,,,,,4397014,nba1h_db,5,5,5,12,6,11,6,,,,6.6,7.143,7.143,2,3,0,0.4,0.4,0.6,0.571,0.429,OK,
1630552,11035590,11035590,92981,140435,2026-04-01T19:00:00.000-04:00,,,Jalen Johnson,F,ATL,ORL,23.5,Fantasy Score,fantasy,Standard,23.5,0,https://static.prizepicks.com/images/manual/JalenJohnson_headshot.png,,,,,OK,0,115.1,87.6,41.8,33.9,12.0,25.0,14.7,53.699999999999996,29.799999999999997,59.599999999999994,14,2,3,8,14,22,25,25,25,13,14.784946236559138,15,Avg,4701230,insufficient_1h_history,,,,,,,,,,,,,,,,,,,,,,NO_DATA,
1631094,11035600,11035600,87329,140435,2026-04-01T19:00:00.000-04:00,,,Paolo Banchero,F,ORL,ATL,21.5,Fantasy Score,fantasy,Standard,21.5,0,https://static.prizepicks.com/images/players/NBA/Paolo_Banchero_NBA_player_cSms4hTTjMfoXUcRKPQkTQDA.webp,,,,,OK,0,116.2,89.6,42.4,36.6,13.1,23.3,16.1,52.99999999999999,29.299999999999997,58.599999999999994,18,14,14,19,19,21,17,17,14,4,17.387096774193548,20,Avg,4432573,insufficient_1h_history,,,,,,,,,,,,,,,,,,,,,,NO_DATA,
1630552,11018394,11018394,92981,140435,2026-04-01T19:00:00.000-04:00,,,Jalen Johnson,F,ATL,ORL,19.5,Pts+Rebs+Asts,pra,Standard,19.5,0,https://static.prizepicks.com/images/manual/JalenJohnson_headshot.png,,,,,OK,0,115.1,87.6,41.8,33.9,12.0,25.0,14.7,53.699999999999996,29.799999999999997,59.599999999999994,14,2,3,8,14,22,25,25,25,13,14.784946236559138,15,Avg,4701230,nba1h_db,16,22,24,28,18,15,,,,,21.6,20.5,20.5,3,2,0,0.6,0.6,0.4,0.5,0.5,OK,
1631094,11018408,11018408,87329,140435,2026-04-01T19:00:00.000-04:00,,,Paolo Banchero,F,ORL,ATL,18.5,Pts+Rebs+Asts,pra,Standard,18.5,0,https://static.prizepicks.com/images/players/NBA/Paolo_Banchero_NBA_player_cSms4hTTjMfoXUcRKPQkTQDA.webp,,,,,OK,0,116.2,89.6,42.4,36.6,13.1,23.3,16.1,52.99999999999999,29.299999999999997,58.599999999999994,18,14,14,19,19,21,17,17,14,4,17.387096774193548,20,Avg,4432573,nba1h_db,19,13,25,26,25,11,17,23,21,,21.6,20,20,4,1,0,0.8,0.8,0.2,0.667,0.333,OK,
1630217,11035595,11035595,271922,140435,2026-04-01T19:00:00.000-04:00,,,Desmond Bane,G,ORL,ATL,17.5,Fantasy Score,fantasy,Standard,17.5,0,https://static.prizepicks.com/images/players/NBA/Desmond_Bane_NBA_player_9SEjqOvpojg4UyUy0gX8SNQS.webp,,,,,OK,0,116.2,89.6,42.4,36.6,13.1,23.3,16.1,52.99999999999999,29.299999999999997,58.599999999999994,18,14,14,19,19,21,17,17,14,4,17.387096774193548,20,Avg,4066320,insufficient_1h_history,,,,,,,,,,,,,,,,,,,,,,NO_DATA,
1630700,11035587,11035587,216876,140435,2026-04-01T19:00:00.000-04:00,,,Dyson Daniels,G,ATL,ORL,16.5,Fantasy Score,fantasy,Standard,16.5,0,https://static.prizepicks.com/images/manual/DysonDaniels_Headshot.png,,,,,OK,0,115.1,87.6,41.8,33.9,12.0,25.0,14.7,53.699999999999996,29.799999999999997,59.599999999999994,14,2,3,8,14,22,25,25,25,13,14.784946236559138,15,Avg,4869342,insufficient_1h_history,,,,,,,,,,,,,,,,,,,,,,NO_DATA,
1629638,11035591,11035591,271934,140435,2026-04-01T19:00:00.000-04:00,,,Nickeil Alexander-Walker,G,ATL,ORL,16.5,Fantasy Score,fantasy,Standard,16.5,0,https://static.prizepicks.com/images/players/NBA/Nickeil_Alexander-Walker_NBA_player_YFx1QPxW6uUn3vtjVF70XcO1.webp,,,,,OK,0,115.1,87.6,41.8,33.9,12.0,25.0,14.7,53.699999999999996,29.799999999999997,59.599999999999994,14,2,3,8,14,22,25,25,25,13,14.784946236559138,15,Avg,4278039,insufficient_1h_history,,,,,,,,,,,,,,,,,,,,,,NO_DATA,
1630168,11035592,11035592,57450,140435,2026-04-01T19:00:00.000-04:00,,,Onyeka Okongwu,F-C,ATL,ORL,16.5,Fantasy Score,fantasy,Standard,16.5,0,https://static.prizepicks.com/images/players/NBA/Onyeka_Okongwu_NBA_player_d0l501drVfcgmWVkhmKBfdVW.webp,,,,,OK,0,115.1,87.6,41.8,33.9,12.0,25.0,14.7,53.699999999999996,29.799999999999997,59.599999999999994,14,2,3,8,14,22,25,25,25,13,14.784946236559138,15,Avg,4431680,insufficient_1h_history,,,,,,,,,,,,,,,,,,,,,,NO_DATA,
1630591,11035596,11035596,55147,140435,2026-04-01T19:00:00.000-04:00,,,Jalen Suggs,G,ORL,ATL,16.5,Fantasy Score,fantasy,Standard,16.5,0,https://static.prizepicks.com/images/players/NBA/Jalen_Suggs_NBA_player_I7jpOaNuORX9n8iyAuZi5K2s.webp,,,,,OK,0,116.2,89.6,42.4,36.6,13.1,23.3,16.1,52.99999999999999,29.299999999999997,58.599999999999994,18,14,14,19,19,21,17,17,14,4,17.387096774193548,20,Avg,4432165,insufficient_1h_history,,,,,,,,,,,,,,,,,,,,,,NO_DATA,
1630217,11018387,11018387,271922,140435,2026-04-01T19:00:00.000-04:00,,,Desmond Bane,G,ORL,ATL,14.5,Pts+Rebs+Asts,pra,Standard,14.5,0,https://static.prizepicks.com/images/players/NBA/Desmond_Bane_NBA_player_9SEjqOvpojg4UyUy0gX8SNQS.webp,,,,,OK,0,116.2,89.6,42.4,36.6,13.1,23.3,16.1,52.99999999999999,29.299999999999997,58.599999999999994,18,14,14,19,19,21,17,17,14,4,17.387096774193548,20,Avg,4066320,nba1h_db,15,14,16,6,12,22,12,,,,12.6,13.857,13.857,2,3,0,0.4,0.4,0.6,0.429,0.571,OK,
203468,11035584,11035584,291779,140435,2026-04-01T19:00:00.000-04:00,,,CJ McCollum,G,ATL,ORL,14.5,Fantasy Score,fantasy,Standard,14.5,0,https://static.prizepicks.com/images/manual/CJ_McCollum-.png,,,,,OK,0,115.1,87.6,41.8,33.9,12.0,25.0,14.7,53.699999999999996,29.799999999999997,59.599999999999994,14,2,3,8,14,22,25,25,25,13,14.784946236559138,15,Avg,2490149,insufficient_1h_history,,,,,,,,,,,,,,,,,,,,,,NO_DATA,
1629638,11018398,11018398,271934,140435,2026-04-01T19:00:00.000-04:00,,,Nickeil Alexander-Walker,G,ATL,ORL,13.5,Pts+Rebs+Asts,pra,Standard,13.5,0,https://static.prizepicks.com/images/players/NBA/Nickeil_Alexander-Walker_NBA_player_YFx1QPxW6uUn3vtjVF70XcO1.webp,,,,,OK,0,115.1,87.6,41.8,33.9,12.0,25.0,14.7,53.699999999999996,29.799999999999997,59.599999999999994,14,2,3,8,14,22,25,25,25,13,14.784946236559138,15,Avg,4278039,nba1h_db,20,16,17,27,9,,,,,,17.8,17.8,17.8,4,1,0,0.8,0.8,0.2,0.8,0.2,OK,
1628976,11035602,11035602,55143,140435,2026-04-01T19:00:00.000-04:00,,,Wendell Carter,C-F,ORL,ATL,13.5,Fantasy Score,fantasy,Standard,13.5,0,https://static.prizepicks.com/images/players/NBA/Wendell_Carter_NBA_player_D8fHvKLdHu6fJ37Fbvf4voGd.webp,,,,,OK,0,116.2,89.6,42.4,36.6,13.1,23.3,16.1,52.99999999999999,29.299999999999997,58.599999999999994,18,14,14,19,19,21,17,17,14,4,17.387096774193548,20,Avg,4277847,insufficient_1h_history,,,,,,,,,,,,,,,,,,,,,,NO_DATA,
203468,11018382,11018382,291779,140435,2026-04-01T19:00:00.000-04:00,,,CJ McCollum,G,ATL,ORL,12.5,Pts+Rebs+Asts,pra,Standard,12.5,0,https://static.prizepicks.com/images/manual/CJ_McCollum-.png,,,,,OK,0,115.1,87.6,41.8,33.9,12.0,25.0,14.7,53.699999999999996,29.799999999999997,59.599999999999994,14,2,3,8,14,22,25,25,25,13,14.784946236559138,15,Avg,2490149,nba1h_db,15,15,18,14,26,10,,,,,17.6,16.333,16.333,5,0,0,1,1,0,0.833,0.167,OK,
1630591,11018396,11018396,55147,140435,2026-04-01T19:00:00.000-04:00,,,Jalen Suggs,G,ORL,ATL,12.5,Pts+Rebs+Asts,pra,Standard,12.5,0,https://static.prizepicks.com/images/players/NBA/Jalen_Suggs_NBA_player_I7jpOaNuORX9n8iyAuZi5K2s.webp,,,,,OK,0,116.2,89.6,42.4,36.6,13.1,23.3,16.1,52.99999999999999,29.299999999999997,58.599999999999994,18,14,14,19,19,21,17,17,14,4,17.387096774193548,20,Avg,4432165,nba1h_db,21,17,7,15,10,,,,,,14,14,14,3,2,0,0.6,0.6,0.4,0.6,0.4,OK,
1630168,11018403,11018403,57450,140435,2026-04-01T19:00:00.000-04:00,,,Onyeka Okongwu,F-C,ATL,ORL,12.5,Pts+Rebs+Asts,pra,Standard,12.5,0,https://static.prizepicks.com/images/players/NBA/Onyeka_Okongwu_NBA_player_d0l501drVfcgmWVkhmKBfdVW.webp,,,,,OK,0,115.1,87.6,41.8,33.9,12.0,25.0,14.7,53.699999999999996,29.799999999999997,59.599999999999994,14,2,3,8,14,22,25,25,25,13,14.784946236559138,15,Avg,4431680,nba1h_db,14,11,11,6,12,12,15,,,,10.8,11.571,11.571,1,4,0,0.2,0.2,0.8,0.286,0.714,OK,
1630700,11018389,11018389,216876,140435,2026-04-01T19:00:00.000-04:00,,,Dyson Daniels,G,ATL,ORL,11.5,Pts+Rebs+Asts,pra,Standard,11.5,0,https://static.prizepicks.com/images/manual/DysonDaniels_Headshot.png,,,,,OK,0,115.1,87.6,41.8,33.9,12.0,25.0,14.7,53.699999999999996,29.799999999999997,59.599999999999994,14,2,3,8,14,22,25,25,25,13,14.784946236559138,15,Avg,4869342,nba1h_db,8,15,15,23,7,20,11,9,,,13.6,13.5,13.5,3,2,0,0.6,0.6,0.4,0.5,0.5,OK,
1630552,11018392,11018392,92981,140435,2026-04-01T19:00:00.000-04:00,,,Jalen Johnson,F,ATL,ORL,11.5,Points,pts,Standard,11.5,0,https://static.prizepicks.com/images/manual/JalenJohnson_headshot.png,,,,,OK,0,115.1,87.6,41.8,33.9,12.0,25.0,14.7,53.699999999999996,29.799999999999997,59.599999999999994,14,2,3,8,14,22,25,25,25,13,14.784946236559138,15,Avg,4701230,nba1h_db,10,13,19,17,14,5,6,,,,14.6,12,12,4,1,0,0.8,0.8,0.2,0.571,0.429,OK,
1631094,11018406,11018406,87329,140435,2026-04-01T19:00:00.000-04:00,,,Paolo Banchero,F,ORL,ATL,11.5,Points,pts,Standard,11.5,0,https://static.prizepicks.com/images/players/NBA/Paolo_Banchero_NBA_player_cSms4hTTjMfoXUcRKPQkTQDA.webp,,,,,OK,0,116.2,89.6,42.4,36.6,13.1,23.3,16.1,52.99999999999999,29.299999999999997,58.599999999999994,18,14,14,19,19,21,17,17,14,4,17.387096774193548,20,Avg,4432573,nba1h_db,9,7,18,21,22,6,8,14,13,,15.4,13.111,13.111,3,2,0,0.6,0.6,0.4,0.556,0.444,OK,
1630217,11018385,11018385,271922,140435,2026-04-01T19:00:00.000-04:00,,,Desmond Bane,G,ORL,ATL,10.5,Points,pts,Standard,10.5,0,https://static.prizepicks.com/images/players/NBA/Desmond_Bane_NBA_player_9SEjqOvpojg4UyUy0gX8SNQS.webp,,,,,OK,0,116.2,89.6,42.4,36.6,13.1,23.3,16.1,52.99999999999999,29.299999999999997,58.599999999999994,18,14,14,19,19,21,17,17,14,4,17.387096774193548,20,Avg,4066320,nba1h_db,9,10,5,11,3,7,17,8,9,,7.6,8.778,8.778,1,4,0,0.2,0.2,0.8,0.222,0.778,OK,
1628976,11025208,11025208,55143,140435,2026-04-01T19:00:00.000-04:00,,,Wendell Carter,C-F,ORL,ATL,10.5,Pts+Rebs+Asts,pra,Standard,10.5,0,https://static.prizepicks.com/images/players/NBA/Wendell_Carter_NBA_player_D8fHvKLdHu6fJ37Fbvf4voGd.webp,,,,,OK,0,116.2,89.6,42.4,36.6,13.1,23.3,16.1,52.99999999999999,29.299999999999997,58.599999999999994,18,14,14,19,19,21,17,17,14,4,17.387096774193548,20,Avg,4277847,insufficient_1h_history,,,,,,,,,,,,,,,,,,,,,,NO_DATA,
203468,11018380,11018380,291779,140435,2026-04-01T19:00:00.000-04:00,,,CJ McCollum,G,ATL,ORL,9.5,Points,pts,Standard,9.5,0,https://static.prizepicks.com/images/manual/CJ_McCollum-.png,,,,,OK,0,115.1,87.6,41.8,33.9,12.0,25.0,14.7,53.699999999999996,29.799999999999997,59.599999999999994,14,2,3,8,14,22,25,25,25,13,14.784946236559138,15,Avg,2490149,nba1h_db,5,9,10,11,7,8,11,22,8,10,8.4,10.1,10.1,2,3,0,0.4,0.4,0.6,0.5,0.5,OK,
1629638,11019464,11019464,271934,140435,2026-04-01T19:00:00.000-04:00,,,Nickeil Alexander-Walker,G,ATL,ORL,9.5,Points,pts,Standard,9.5,0,https://static.prizepicks.com/images/players/NBA/Nickeil_Alexander-Walker_NBA_player_YFx1QPxW6uUn3vtjVF70XcO1.webp,,,,,OK,0,115.1,87.6,41.8,33.9,12.0,25.0,14.7,53.699999999999996,29.799999999999997,59.599999999999994,14,2,3,8,14,22,25,25,25,13,14.784946236559138,15,Avg,4278039,nba1h_db,8,13,10,14,22,7,14,9,3,,13.4,11.111,11.111,4,1,0,0.8,0.8,0.2,0.556,0.444,OK,
1630591,11021698,11021698,55147,140435,2026-04-01T19:00:00.000-04:00,,,Jalen Suggs,G,ORL,ATL,7.5,Points,pts,Standard,7.5,0,https://static.prizepicks.com/images/players/NBA/Jalen_Suggs_NBA_player_I7jpOaNuORX9n8iyAuZi5K2s.webp,,,,,OK,0,116.2,89.6,42.4,36.6,13.1,23.3,16.1,52.99999999999999,29.299999999999997,58.599999999999994,18,14,14,19,19,21,17,17,14,4,17.387096774193548,20,Avg,4432165,nba1h_db,13,13,3,10,3,5,,,,,8.4,7.833,7.833,3,2,0,0.6,0.6,0.4,0.5,0.5,OK,
1630168,11018401,11018401,57450,140435,2026-04-01T19:00:00.000-04:00,,,Onyeka Okongwu,F-C,ATL,ORL,6.5,Points,pts,Standard,6.5,0,https://static.prizepicks.com/images/players/NBA/Onyeka_Okongwu_NBA_player_d0l501drVfcgmWVkhmKBfdVW.webp,,,,,OK,0,115.1,87.6,41.8,33.9,12.0,25.0,14.7,53.699999999999996,29.799999999999997,59.599999999999994,14,2,3,8,14,22,25,25,25,13,14.784946236559138,15,Avg,4431680,nba1h_db,6,4,11,5,2,4,6,5,10,,5.6,5.889,5.889,1,4,0,0.2,0.2,0.8,0.222,0.778,OK,
1628976,11018414,11018414,55143,140435,2026-04-01T19:00:00.000-04:00,,,Wendell Carter,C-F,ORL,ATL,5.5,Points,pts,Standard,5.5,0,https://static.prizepicks.com/images/players/NBA/Wendell_Carter_NBA_player_D8fHvKLdHu6fJ37Fbvf4voGd.webp,,,,,OK,0,116.2,89.6,42.4,36.6,13.1,23.3,16.1,52.99999999999999,29.299999999999997,58.599999999999994,18,14,14,19,19,21,17,17,14,4,17.387096774193548,20,Avg,4277847,insufficient_1h_history,,,,,,,,,,,,,,,,,,,,,,NO_DATA,
1630700,11019461,11019461,216876,140435,2026-04-01T19:00:00.000-04:00,,,Dyson Daniels,G,ATL,ORL,5.5,Points,pts,Standard,5.5,0,https://static.prizepicks.com/images/manual/DysonDaniels_Headshot.png,,,,,OK,0,115.1,87.6,41.8,33.9,12.0,25.0,14.7,53.699999999999996,29.799999999999997,59.599999999999994,14,2,3,8,14,22,25,25,25,13,14.784946236559138,15,Avg,4869342,nba1h_db,11,2,8,9,19,3,10,2,4,,9.8,7.556,7.556,4,1,0,0.8,0.8,0.2,0.556,0.444,OK,
1627759,11035712,11035712,55076,140436,2026-04-01T19:30:00.000-04:00,,,Jaylen Brown,G-F,BOS,MIA,22.5,Fantasy Score,fantasy,Standard,22.5,0,https://static.prizepicks.com/images/players/NBA/Jaylen_Brown_NBA_player_utxCqIIRlnJz1PvPg4Ljnl44.webp,,,,,OK,0,117.8,92.9,42.9,39.2,13.8,22.5,15.3,53.7,29.099999999999998,58.199999999999996,22,21,26,28,22,24,15,15,10,10,20.376344086021504,22,Avg,3917376,insufficient_1h_history,,,,,,,,,,,,,,,,,,,,,,NO_DATA,
1628369,11035714,11035714,55074,140436,2026-04-01T19:30:00.000-04:00,,,Jayson Tatum,F-G,BOS,MIA,21.5,Fantasy Score,fantasy,Standard,21.5,0,https://static.prizepicks.com/images/players/NBA/Jayson_Tatum_NBA_player_m62yMQl0xSxuv8M28c75TQG0.webp,,,,,OK,0,117.8,92.9,42.9,39.2,13.8,22.5,15.3,53.7,29.099999999999998,58.199999999999996,22,21,26,28,22,24,15,15,10,10,20.376344086021504,22,Avg,4065648,insufficient_1h_history,,,,,,,,,,,,,,,,,,,,,,NO_DATA,
1627759,11007059,11007059,55076,140436,2026-04-01T19:30:00.000-04:00,,,Jaylen Brown,G-F,BOS,MIA,20.5,Pts+Rebs+Asts,pra,Standard,20.5,0,https://static.prizepicks.com/images/players/NBA/Jaylen_Brown_NBA_player_utxCqIIRlnJz1PvPg4Ljnl44.webp,,,,,OK,0,117.8,92.9,42.9,39.2,13.8,22.5,15.3,53.7,29.099999999999998,58.199999999999996,22,21,26,28,22,24,15,15,10,10,20.376344086021504,22,Avg,3917376,nba1h_db,17,14,21,23,,,,,,,18.75,18.75,18.75,2,2,0,0.5,0.5,0.5,0.5,0.5,OK,
1628389,11035721,11035721,55283,140436,2026-04-01T19:30:00.000-04:00,,,Bam Adebayo,C-F,MIA,BOS,20.5,Fantasy Score,fantasy,Standard,20.5,0,https://static.prizepicks.com/images/players/NBA/Bam_Adebayo_NBA_player_k5AKrt98DD5x7VKXQ6GPiPz1.webp,,,,,OK,0,106.9,86.6,38.2,39.1,13.9,21.3,12.4,47.49999999999999,24.300000000000004,48.60000000000001,1,23,25,6,2,1,2,2,4,29,4.53763440860215,1,Elite,4066261,insufficient_1h_history,,,,,,,,,,,,,,,,,,,,,,NO_DATA,
1628369,11007064,11007064,55074,140436,2026-04-01T19:30:00.000-04:00,,,Jayson Tatum,F-G,BOS,MIA,18.5,Pts+Rebs+Asts,pra,Standard,18.5,0,https://static.prizepicks.com/images/players/NBA/Jayson_Tatum_NBA_player_m62yMQl0xSxuv8M28c75TQG0.webp,,,,,OK,0,117.8,92.9,42.9,39.2,13.8,22.5,15.3,53.7,29.099999999999998,58.199999999999996,22,21,26,28,22,24,15,15,10,10,20.376344086021504,22,Avg,4065648,nba1h_db,25,15,21,,,,,,,,20.333,20.333,20.333,2,1,0,0.667,0.667,0.333,0.667,0.333,OK,
1628389,11007481,11007481,55283,140436,2026-04-01T19:30:00.000-04:00,,,Bam Adebayo,C-F,MIA,BOS,17.5,Pts+Rebs+Asts,pra,Standard,17.5,0,https://static.prizepicks.com/images/players/NBA/Bam_Adebayo_NBA_player_k5AKrt98DD5x7VKXQ6GPiPz1.webp,,,,,OK,0,106.9,86.6,38.2,39.1,13.9,21.3,12.4,47.49999999999999,24.300000000000004,48.60000000000001,1,23,25,6,2,1,2,2,4,29,4.53763440860215,1,Elite,4066261,nba1h_db,23,15,17,13,14,35,28,9,,,16.4,19.25,19.25,1,4,0,0.2,0.2,0.8,0.375,0.625,OK,
1628401,11035710,11035710,60022,140436,2026-04-01T19:30:00.000-04:00,,,Derrick White,G,BOS,MIA,17.5,Fantasy Score,fantasy,Standard,17.5,0,https://static.prizepicks.com/images/players/NBA/Derrick_White_NBA_player_j31gwnz7z94eWcwKbT1RB8J.webp,,,,,OK,0,117.8,92.9,42.9,39.2,13.8,22.5,15.3,53.7,29.099999999999998,58.199999999999996,22,21,26,28,22,24,15,15,10,10,20.376344086021504,22,Avg,3078576,insufficient_1h_history,,,,,,,,,,,,,,,,,,,,,,NO_DATA,
1629639,11035724,11035724,55298,140436,2026-04-01T19:30:00.000-04:00,,,Tyler Herro,G,MIA,BOS,17.5,Fantasy Score,fantasy,Standard,17.5,0,https://static.prizepicks.com/images/players/NBA/Tyler_Herro_NBA_player_Bz7r2msPv6LxaUBsQ7Zgi8st.webp,,,,,OK,0,106.9,86.6,38.2,39.1,13.9,21.3,12.4,47.49999999999999,24.300000000000004,48.60000000000001,1,23,25,6,2,1,2,2,4,29,4.53763440860215,1,Elite,4395725,insufficient_1h_history,,,,,,,,,,,,,,,,,,,,,,NO_DATA,
1629639,11007501,11007501,55298,140436,2026-04-01T19:30:00.000-04:00,,,Tyler Herro,G,MIA,BOS,15.5,Pts+Rebs+Asts,pra,Standard,15.5,0,https://static.prizepicks.com/images/players/NBA/Tyler_Herro_NBA_player_Bz7r2msPv6LxaUBsQ7Zgi8st.webp,,,,,OK,0,106.9,86.6,38.2,39.1,13.9,21.3,12.4,47.49999999999999,24.300000000000004,48.60000000000001,1,23,25,6,2,1,2,2,4,29,4.53763440860215,1,Elite,4395725,nba1h_db,15,27,9,15,16,14,12,13,,,16.4,15.125,15.125,2,3,0,0.4,0.4,0.6,0.25,0.75,OK,
1629674,11035716,11035716,219171,140436,2026-04-01T19:30:00.000-04:00,,,Neemias Queta,C,BOS,MIA,15.5,Fantasy Score,fantasy,Standard,15.5,0,https://static.prizepicks.com/images/players/NBA/Neemias_Queta_NBA_player_PrhzuamNgCHm5kczjwO8Rg6q.webp,,,,,OK,0,117.8,92.9,42.9,39.2,13.8,22.5,15.3,53.7,29.099999999999998,58.199999999999996,22,21,26,28,22,24,15,15,10,10,20.376344086021504,22,Avg,4397424,insufficient_1h_history,,,,,,,,,,,,,,,,,,,,,,NO_DATA,
1630202,11035719,11035719,57559,140436,2026-04-01T19:30:00.000-04:00,,,Payton Pritchard,G,BOS,MIA,14.5,Fantasy Score,fantasy,Standard,14.5,0,https://static.prizepicks.com/images/players/NBA/Payton_Pritchard_NBA_player_mETqObZeSRGUv7JuHzL8Roy.webp,,,,,OK,0,117.8,92.9,42.9,39.2,13.8,22.5,15.3,53.7,29.099999999999998,58.199999999999996,22,21,26,28,22,24,15,15,10,10,20.376344086021504,22,Avg,4066354,insufficient_1h_history,,,,,,,,,,,,,,,,,,,,,,NO_DATA,
203952,11035720,11035720,227726,140436,2026-04-01T19:30:00.000-04:00,,,Andrew Wiggins,F,MIA,BOS,14.5,Fantasy Score,fantasy,Standard,14.5,0,https://static.prizepicks.com/images/players/NBA/Andrew_Wiggins_NBA_player_yKQK0gmYfGjWuANzVD4ek19k.webp,,,,,OK,0,106.9,86.6,38.2,39.1,13.9,21.3,12.4,47.49999999999999,24.300000000000004,48.60000000000001,1,23,25,6,2,1,2,2,4,29,4.53763440860215,1,Elite,3059319,insufficient_1h_history,,,,,,,,,,,,,,,,,,,,,,NO_DATA,
1627759,11007057,11007057,55076,140436,2026-04-01T19:30:00.000-04:00,,,Jaylen Brown,G-F,BOS,MIA,13.5,Points,pts,Standard,13.5,0,https://static.prizepicks.com/images/players/NBA/Jaylen_Brown_NBA_player_utxCqIIRlnJz1PvPg4Ljnl44.webp,,,,,OK,0,117.8,92.9,42.9,39.2,13.8,22.5,15.3,53.7,29.099999999999998,58.199999999999996,22,21,26,28,22,24,15,15,10,10,20.376344086021504,22,Avg,3917376,nba1h_db,6,7,17,16,,,,,,,11.5,11.5,11.5,2,2,0,0.5,0.5,0.5,0.5,0.5,OK,
1628401,11007054,11007054,60022,140436,2026-04-01T19:30:00.000-04:00,,,Derrick White,G,BOS,MIA,12.5,Pts+Rebs+Asts,pra,Standard,12.5,0,https://static.prizepicks.com/images/players/NBA/Derrick_White_NBA_player_j31gwnz7z94eWcwKbT1RB8J.webp,,,,,OK,0,117.8,92.9,42.9,39.2,13.8,22.5,15.3,53.7,29.099999999999998,58.199999999999996,22,21,26,28,22,24,15,15,10,10,20.376344086021504,22,Avg,3078576,nba1h_db,13,10,12,12,25,,,,,,14.4,14.4,14.4,2,3,0,0.4,0.4,0.6,0.4,0.6,OK,
1630202,11007068,11007068,57559,140436,2026-04-01T19:30:00.000-04:00,,,Payton Pritchard,G,BOS,MIA,12.5,Pts+Rebs+Asts,pra,Standard,12.5,0,https://static.prizepicks.com/images/players/NBA/Payton_Pritchard_NBA_player_mETqObZeSRGUv7JuHzL8Roy.webp,,,,,OK,0,117.8,92.9,42.9,39.2,13.8,22.5,15.3,53.7,29.099999999999998,58.199999999999996,22,21,26,28,22,24,15,15,10,10,20.376344086021504,22,Avg,4066354,nba1h_db,18,24,18,11,,,,,,,17.75,17.75,17.75,3,1,0,0.75,0.75,0.25,0.75,0.25,OK,
1630558,11035722,11035722,228081,140436,2026-04-01T19:30:00.000-04:00,,,Davion Mitchell,G,MIA,BOS,12.0,Fantasy Score,fantasy,Standard,12.0,0,https://static.prizepicks.com/images/players/NBA/Davion_Mitchell_NBA_player_ZoDFOmDX207i6ik62UoG3uK.webp,,,,,OK,0,106.9,86.6,38.2,39.1,13.9,21.3,12.4,47.49999999999999,24.300000000000004,48.60000000000001,1,23,25,6,2,1,2,2,4,29,4.53763440860215,1,Elite,4278053,insufficient_1h_history,,,,,,,,,,,,,,,,,,,,,,NO_DATA,
1628369,11007062,11007062,55074,140436,2026-04-01T19:30:00.000-04:00,,,Jayson Tatum,F-G,BOS,MIA,11.5,Points,pts,Standard,11.5,0,https://static.prizepicks.com/images/players/NBA/Jayson_Tatum_NBA_player_m62yMQl0xSxuv8M28c75TQG0.webp,,,,,OK,0,117.8,92.9,42.9,39.2,13.8,22.5,15.3,53.7,29.099999999999998,58.199999999999996,22,21,26,28,22,24,15,15,10,10,20.376344086021504,22,Avg,4065648,nba1h_db,20,5,12,5,,,,,,,10.5,10.5,10.5,2,2,0,0.5,0.5,0.5,0.5,0.5,OK,
1629674,11007066,11007066,219171,140436,2026-04-01T19:30:00.000-04:00,,,Neemias Queta,C,BOS,MIA,11.5,Pts+Rebs+Asts,pra,Standard,11.5,0,https://static.prizepicks.com/images/players/NBA/Neemias_Queta_NBA_player_PrhzuamNgCHm5kczjwO8Rg6q.webp,,,,,OK,0,117.8,92.9,42.9,39.2,13.8,22.5,15.3,53.7,29.099999999999998,58.199999999999996,22,21,26,28,22,24,15,15,10,10,20.376344086021504,22,Avg,4397424,nba1h_db,7,18,16,,,,,,,,13.667,13.667,13.667,2,1,0,0.667,0.667,0.333,0.667,0.333,OK,
1629639,11007499,11007499,55298,140436,2026-04-01T19:30:00.000-04:00,,,Tyler Herro,G,MIA,BOS,11.5,Points,pts,Standard,11.5,0,https://static.prizepicks.com/images/players/NBA/Tyler_Herro_NBA_player_Bz7r2msPv6LxaUBsQ7Zgi8st.webp,,,,,OK,0,106.9,86.6,38.2,39.1,13.9,21.3,12.4,47.49999999999999,24.300000000000004,48.60000000000001,1,23,25,6,2,1,2,2,4,29,4.53763440860215,1,Elite,4395725,nba1h_db,12,23,4,11,13,11,10,8,,,12.6,11.5,11.5,3,2,0,0.6,0.6,0.4,0.375,0.625,OK,
1641796,11035723,11035723,233792,140436,2026-04-01T19:30:00.000-04:00,,,Pelle Larsson,G,MIA,BOS,11.5,Fantasy Score,fantasy,Standard,11.5,0,https://static.prizepicks.com/images/players/NBA/Pelle_Larsson_NBA_player_Jx5ZqeLyqZECGQziJT6zXdNr.webp,,,,,OK,0,106.9,86.6,38.2,39.1,13.9,21.3,12.4,47.49999999999999,24.300000000000004,48.60000000000001,1,23,25,6,2,1,2,2,4,29,4.53763440860215,1,Elite,4601025,insufficient_1h_history,,,,,,,,,,,,,,,,,,,,,,NO_DATA,
203952,11007476,11007476,227726,140436,2026-04-01T19:30:00.000-04:00,,,Andrew Wiggins,F,MIA,BOS,10.5,Pts+Rebs+Asts,pra,Standard,10.5,0,https://static.prizepicks.com/images/players/NBA/Andrew_Wiggins_NBA_player_yKQK0gmYfGjWuANzVD4ek19k.webp,,,,,OK,0,106.9,86.6,38.2,39.1,13.9,21.3,12.4,47.49999999999999,24.300000000000004,48.60000000000001,1,23,25,6,2,1,2,2,4,29,4.53763440860215,1,Elite,3059319,nba1h_db,10,13,13,12,15,,,,,,12.6,12.6,12.6,4,1,0,0.8,0.8,0.2,0.8,0.2,OK,
1628389,11007479,11007479,55283,140436,2026-04-01T19:30:00.000-04:00,,,Bam Adebayo,C-F,MIA,BOS,10.5,Points,pts,Standard,10.5,0,https://static.prizepicks.com/images/players/NBA/Bam_Adebayo_NBA_player_k5AKrt98DD5x7VKXQ6GPiPz1.webp,,,,,OK,0,106.9,86.6,38.2,39.1,13.9,21.3,12.4,47.49999999999999,24.300000000000004,48.60000000000001,1,23,25,6,2,1,2,2,4,29,4.53763440860215,1,Elite,4066261,nba1h_db,12,7,7,2,10,20,16,6,,,7.6,10,10,1,4,0,0.2,0.2,0.8,0.375,0.625,OK,
1630558,11007486,11007486,228081,140436,2026-04-01T19:30:00.000-04:00,,,Davion Mitchell,G,MIA,BOS,9.5,Pts+Rebs+Asts,pra,Standard,9.5,0,https://static.prizepicks.com/images/players/NBA/Davion_Mitchell_NBA_player_ZoDFOmDX207i6ik62UoG3uK.webp,,,,,OK,0,106.9,86.6,38.2,39.1,13.9,21.3,12.4,47.49999999999999,24.300000000000004,48.60000000000001,1,23,25,6,2,1,2,2,4,29,4.53763440860215,1,Elite,4278053,nba1h_db,14,13,8,5,6,13,,,,,9.2,9.833,9.833,2,3,0,0.4,0.4,0.6,0.5,0.5,OK,
1641796,11007496,11007496,233792,140436,2026-04-01T19:30:00.000-04:00,,,Pelle Larsson,G,MIA,BOS,9.5,Pts+Rebs+Asts,pra,Standard,9.5,0,https://static.prizepicks.com/images/players/NBA/Pelle_Larsson_NBA_player_Jx5ZqeLyqZECGQziJT6zXdNr.webp,,,,,OK,0,106.9,86.6,38.2,39.1,13.9,21.3,12.4,47.49999999999999,24.300000000000004,48.60000000000001,1,23,25,6,2,1,2,2,4,29,4.53763440860215,1,Elite,4601025,nba1h_db,15,13,8,15,6,8,,,,,11.4,10.833,10.833,3,2,0,0.6,0.6,0.4,0.5,0.5,OK,
1628401,11007052,11007052,60022,140436,2026-04-01T19:30:00.000-04:00,,,Derrick White,G,BOS,MIA,7.5,Points,pts,Standard,7.5,0,https://static.prizepicks.com/images/players/NBA/Derrick_White_NBA_player_j31gwnz7z94eWcwKbT1RB8J.webp,,,,,OK,0,117.8,92.9,42.9,39.2,13.8,22.5,15.3,53.7,29.099999999999998,58.199999999999996,22,21,26,28,22,24,15,15,10,10,20.376344086021504,22,Avg,3078576,nba1h_db,7,5,8,9,3,18,,,,,6.4,8.333,8.333,2,3,0,0.4,0.4,0.6,0.5,0.5,OK,
203952,11007474,11007474,227726,140436,2026-04-01T19:30:00.000-04:00,,,Andrew Wiggins,F,MIA,BOS,7.5,Points,pts,Standard,7.5,0,https://static.prizepicks.com/images/players/NBA/Andrew_Wiggins_NBA_player_yKQK0gmYfGjWuANzVD4ek19k.webp,,,,,OK,0,106.9,86.6,38.2,39.1,13.9,21.3,12.4,47.49999999999999,24.300000000000004,48.60000000000001,1,23,25,6,2,1,2,2,4,29,4.53763440860215,1,Elite,3059319,nba1h_db,7,7,4,10,9,9,11,,,,7.4,8.143,8.143,2,3,0,0.4,0.4,0.6,0.571,0.429,OK,
1630202,11013951,11013951,57559,140436,2026-04-01T19:30:00.000-04:00,,,Payton Pritchard,G,BOS,MIA,7.5,Points,pts,Standard,7.5,0,https://static.prizepicks.com/images/players/NBA/Payton_Pritchard_NBA_player_mETqObZeSRGUv7JuHzL8Roy.webp,,,,,OK,0,117.8,92.9,42.9,39.2,13.8,22.5,15.3,53.7,29.099999999999998,58.199999999999996,22,21,26,28,22,24,15,15,10,10,20.376344086021504,22,Avg,4066354,nba1h_db,13,13,19,6,4,12,6,,,,11,10.429,10.429,3,2,0,0.6,0.6,0.4,0.571,0.429,OK,
1641796,11007494,11007494,233792,140436,2026-04-01T19:30:00.000-04:00,,,Pelle Larsson,G,MIA,BOS,5.5,Points,pts,Standard,5.5,0,https://static.prizepicks.com/images/players/NBA/Pelle_Larsson_NBA_player_Jx5ZqeLyqZECGQziJT6zXdNr.webp,,,,,OK,0,106.9,86.6,38.2,39.1,13.9,21.3,12.4,47.49999999999999,24.300000000000004,48.60000000000001,1,23,25,6,2,1,2,2,4,29,4.53763440860215,1,Elite,4601025,nba1h_db,10,9,4,5,7,10,3,2,,,7,6.25,6.25,3,2,0,0.6,0.6,0.4,0.5,0.5,OK,
1629674,11013948,11013948,219171,140436,2026-04-01T19:30:00.000-04:00,,,Neemias Queta,C,BOS,MIA,5.5,Points,pts,Standard,5.5,0,https://static.prizepicks.com/images/players/NBA/Neemias_Queta_NBA_player_PrhzuamNgCHm5kczjwO8Rg6q.webp,,,,,OK,0,117.8,92.9,42.9,39.2,13.8,22.5,15.3,53.7,29.099999999999998,58.199999999999996,22,21,26,28,22,24,15,15,10,10,20.376344086021504,22,Avg,4397424,nba1h_db,7,2,5,4,10,10,,,,,5.6,6.333,6.333,2,3,0,0.4,0.4,0.6,0.5,0.5,OK,
1630558,11007484,11007484,228081,140436,2026-04-01T19:30:00.000-04:00,,,Davion Mitchell,G,MIA,BOS,4.5,Points,pts,Standard,4.5,0,https://static.prizepicks.com/images/players/NBA/Davion_Mitchell_NBA_player_ZoDFOmDX207i6ik62UoG3uK.webp,,,,,OK,0,106.9,86.6,38.2,39.1,13.9,21.3,12.4,47.49999999999999,24.300000000000004,48.60000000000001,1,23,25,6,2,1,2,2,4,29,4.53763440860215,1,Elite,4278053,nba1h_db,5,7,2,9,2,8,3,6,,,5,5.25,5.25,3,2,0,0.6,0.6,0.4,0.625,0.375,OK,
1628973,11036122,11036122,87377,140437,2026-04-01T20:00:00.000-04:00,,,Jalen Brunson,G,NYK,,21.5,Fantasy Score,fantasy,Standard,21.5,0,https://static.prizepicks.com/images/players/NBA/Jalen_Brunson_NBA_player_yiwlT8GHgktYu1WBoRvjpRr8.webp,,,,,OK,0,,,,,,,,,,,,,,,,,,,,,,,,3934672,insufficient_1h_history,,,,,,,,,,,,,,,,,,,,,,NO_DATA,
1626157,11036127,11036127,216407,140437,2026-04-01T20:00:00.000-04:00,,,Karl-Anthony Towns,C-F,NYK,,21.5,Fantasy Score,fantasy,Standard,21.5,0,https://static.prizepicks.com/images/players/NBA/Karl-Anthony_Towns_NBA_player_qsD13lWREH4SgwkL0ZD1D8gt.webp,,,,,OK,0,,,,,,,,,,,,,,,,,,,,,,,,3136195,insufficient_1h_history,,,,,,,,,,,,,,,,,,,,,,NO_DATA,
1628973,11018814,11018814,87377,140437,2026-04-01T20:00:00.000-04:00,,,Jalen Brunson,G,NYK,,18.5,Pts+Rebs+Asts,pra,Standard,18.5,0,https://static.prizepicks.com/images/players/NBA/Jalen_Brunson_NBA_player_yiwlT8GHgktYu1WBoRvjpRr8.webp,,,,,OK,0,,,,,,,,,,,,,,,,,,,,,,,,3934672,nba1h_db,13,25,27,11,,,,,,,19,19,19,2,2,0,0.5,0.5,0.5,0.5,0.5,OK,
1626157,11018819,11018819,216407,140437,2026-04-01T20:00:00.000-04:00,,,Karl-Anthony Towns,C-F,NYK,,18.5,Pts+Rebs+Asts,pra,Standard,18.5,0,https://static.prizepicks.com/images/players/NBA/Karl-Anthony_Towns_NBA_player_qsD13lWREH4SgwkL0ZD1D8gt.webp,,,,,OK,0,,,,,,,,,,,,,,,,,,,,,,,,3136195,nba1h_db,9,14,5,15,27,18,,,,,14,14.667,14.667,1,4,0,0.2,0.2,0.8,0.167,0.833,OK,
1628404,11036126,11036126,123698,140437,2026-04-01T20:00:00.000-04:00,,,Josh Hart,G,NYK,,17.5,Fantasy Score,fantasy,Standard,17.5,0,https://static.prizepicks.com/images/players/NBA/Josh_Hart_NBA_player_H4eKetTATQuBYqjr3k7PBmJd.webp,,,,,OK,0,,,,,,,,,,,,,,,,,,,,,,,,3062679,insufficient_1h_history,,,,,,,,,,,,,,,,,,,,,,NO_DATA,
1628384,11036129,11036129,183160,140437,2026-04-01T20:00:00.000-04:00,,,OG Anunoby,F-G,NYK,,16.5,Fantasy Score,fantasy,Standard,16.5,0,https://static.prizepicks.com/images/players/NBA/OG_Anunoby_NBA_player_7g4oOE9EMB4tFkaOcu1UCAZ0.webp,,,,,OK,0,,,,,,,,,,,,,,,,,,,,,,,,3934719,insufficient_1h_history,,,,,,,,,,,,,,,,,,,,,,NO_DATA,
1628969,11036128,11036128,216406,140437,2026-04-01T20:00:00.000-04:00,,,Mikal Bridges,G-F,NYK,,15.5,Fantasy Score,fantasy,Standard,15.5,0,https://static.prizepicks.com/images/players/NBA/Mikal_Bridges_NBA_player_GWFvIk1UqZwpQez5aYd322k.webp,,,,,OK,0,,,,,,,,,,,,,,,,,,,,,,,,3147657,insufficient_1h_history,,,,,,,,,,,,,,,,,,,,,,NO_DATA,
1628404,11019479,11019479,123698,140437,2026-04-01T20:00:00.000-04:00,,,Josh Hart,G,NYK,,14.5,Pts+Rebs+Asts,pra,Standard,14.5,0,https://static.prizepicks.com/images/players/NBA/Josh_Hart_NBA_player_H4eKetTATQuBYqjr3k7PBmJd.webp,,,,,OK,0,,,,,,,,,,,,,,,,,,,,,,,,3062679,nba1h_db,11,12,6,7,19,14,,,,,11,11.5,11.5,1,4,0,0.2,0.2,0.8,0.167,0.833,OK,
1628973,11018812,11018812,87377,140437,2026-04-01T20:00:00.000-04:00,,,Jalen Brunson,G,NYK,,13.5,Points,pts,Standard,13.5,0,https://static.prizepicks.com/images/players/NBA/Jalen_Brunson_NBA_player_yiwlT8GHgktYu1WBoRvjpRr8.webp,,,,,OK,0,,,,,,,,,,,,,,,,,,,,,,,,3934672,nba1h_db,7,16,17,13,14,6,13,,,,13.4,12.286,12.286,3,2,0,0.6,0.6,0.4,0.429,0.571,OK,
1628384,11019489,11019489,183160,140437,2026-04-01T20:00:00.000-04:00,,,OG Anunoby,F-G,NYK,,12.5,Pts+Rebs+Asts,pra,Standard,12.5,0,https://static.prizepicks.com/images/players/NBA/OG_Anunoby_NBA_player_7g4oOE9EMB4tFkaOcu1UCAZ0.webp,,,,,OK,0,,,,,,,,,,,,,,,,,,,,,,,,3934719,nba1h_db,25,6,,,,,,,,,15.5,15.5,15.5,1,1,0,0.5,0.5,0.5,0.5,0.5,OK,
1626157,11018817,11018817,216407,140437,2026-04-01T20:00:00.000-04:00,,,Karl-Anthony Towns,C-F,NYK,,11.5,Points,pts,Standard,11.5,0,https://static.prizepicks.com/images/players/NBA/Karl-Anthony_Towns_NBA_player_qsD13lWREH4SgwkL0ZD1D8gt.webp,,,,,OK,0,,,,,,,,,,,,,,,,,,,,,,,,3136195,nba1h_db,4,4,2,9,15,13,11,,,,6.8,8.286,8.286,1,4,0,0.2,0.2,0.8,0.286,0.714,OK,
1628969,11019484,11019484,216406,140437,2026-04-01T20:00:00.000-04:00,,,Mikal Bridges,G-F,NYK,,11.5,Pts+Rebs+Asts,pra,Standard,11.5,0,https://static.prizepicks.com/images/players/NBA/Mikal_Bridges_NBA_player_GWFvIk1UqZwpQez5aYd322k.webp,,,,,OK,0,,,,,,,,,,,,,,,,,,,,,,,,3147657,nba1h_db,9,16,10,12,,,,,,,11.75,11.75,11.75,2,2,0,0.5,0.5,0.5,0.5,0.5,OK,
1628384,11019487,11019487,183160,140437,2026-04-01T20:00:00.000-04:00,,,OG Anunoby,F-G,NYK,,8.5,Points,pts,Standard,8.5,0,https://static.prizepicks.com/images/players/NBA/OG_Anunoby_NBA_player_7g4oOE9EMB4tFkaOcu1UCAZ0.webp,,,,,OK,0,,,,,,,,,,,,,,,,,,,,,,,,3934719,nba1h_db,5,7,14,18,7,3,2,,,,10.2,8,8,2,3,0,0.4,0.4,0.6,0.286,0.714,OK,
1628404,11019477,11019477,123698,140437,2026-04-01T20:00:00.000-04:00,,,Josh Hart,G,NYK,,7.5,Points,pts,Standard,7.5,0,https://static.prizepicks.com/images/players/NBA/Josh_Hart_NBA_player_H4eKetTATQuBYqjr3k7PBmJd.webp,,,,,OK,0,,,,,,,,,,,,,,,,,,,,,,,,3062679,nba1h_db,7,9,2,2,10,7,,,,,6,6.167,6.167,2,3,0,0.4,0.4,0.6,0.333,0.667,OK,
1628969,11019482,11019482,216406,140437,2026-04-01T20:00:00.000-04:00,,,Mikal Bridges,G-F,NYK,,7.5,Points,pts,Standard,7.5,0,https://static.prizepicks.com/images/players/NBA/Mikal_Bridges_NBA_player_GWFvIk1UqZwpQez5aYd322k.webp,,,,,OK,0,,,,,,,,,,,,,,,,,,,,,,,,3147657,nba1h_db,5,10,5,11,11,7,10,,,,8.4,8.429,8.429,3,2,0,0.6,0.6,0.4,0.571,0.429,OK,
1630567,11036383,11036383,55062,140438,2026-04-01T20:00:00.000-04:00,,,Scottie Barnes,F-G,TOR,,22.5,Fantasy Score,fantasy,Standard,22.5,0,https://static.prizepicks.com/images/players/NBA/Scottie_Barnes_NBA_player_CA6jRIM1PBTqp5mxIeLVkhys.webp,,,,,OK,0,,,,,,,,,,,,,,,,,,,,,,,,4433134,insufficient_1h_history,,,,,,,,,,,,,,,,,,,,,,NO_DATA,
1627742,11036380,11036380,271928,140438,2026-04-01T20:00:00.000-04:00,,,Brandon Ingram,F,TOR,,18.5,Fantasy Score,fantasy,Standard,18.5,0,https://static.prizepicks.com/images/players/NBA/Brandon_Ingram_NBA_player_wQKmpzeMNkdFc6r8uKMWcPCq.webp,,,,,OK,0,,,,,,,,,,,,,,,,,,,,,,,,3913176,insufficient_1h_history,,,,,,,,,,,,,,,,,,,,,,NO_DATA,
1629628,11036381,11036381,183186,140438,2026-04-01T20:00:00.000-04:00,,,RJ Barrett,F-G,TOR,,18.5,Fantasy Score,fantasy,Standard,18.5,0,https://static.prizepicks.com/images/players/NBA/R.J._Barrett_NBA_player_Xqi7opqaKQcXtcUIWPhwOB6j.webp,,,,,OK,0,,,,,,,,,,,,,,,,,,,,,,,,4395625,insufficient_1h_history,,,,,,,,,,,,,,,,,,,,,,NO_DATA,
1630567,11023970,11023970,55062,140438,2026-04-01T20:00:00.000-04:00,,,Scottie Barnes,F-G,TOR,,17.5,Pts+Rebs+Asts,pra,Standard,17.5,0,https://static.prizepicks.com/images/players/NBA/Scottie_Barnes_NBA_player_CA6jRIM1PBTqp5mxIeLVkhys.webp,,,,,OK,0,,,,,,,,,,,,,,,,,,,,,,,,4433134,nba1h_db,9,25,19,12,25,22,16,16,,,18,18,18,3,2,0,0.6,0.6,0.4,0.5,0.5,OK,
1627742,11023912,11023912,271928,140438,2026-04-01T20:00:00.000-04:00,,,Brandon Ingram,F,TOR,,15.5,Pts+Rebs+Asts,pra,Standard,15.5,0,https://static.prizepicks.com/images/players/NBA/Brandon_Ingram_NBA_player_wQKmpzeMNkdFc6r8uKMWcPCq.webp,,,,,OK,0,,,,,,,,,,,,,,,,,,,,,,,,3913176,nba1h_db,14,11,4,8,10,,,,,,9.4,9.4,9.4,0,5,0,0,0,1,0,1,OK,
1629628,11023962,11023962,183186,140438,2026-04-01T20:00:00.000-04:00,,,RJ Barrett,F-G,TOR,,15.5,Pts+Rebs+Asts,pra,Standard,15.5,0,https://static.prizepicks.com/images/players/NBA/R.J._Barrett_NBA_player_Xqi7opqaKQcXtcUIWPhwOB6j.webp,,,,,OK,0,,,,,,,,,,,,,,,,,,,,,,,,4395625,nba1h_db,24,16,17,14,14,11,13,19,,,17,16,16,3,2,0,0.6,0.6,0.4,0.5,0.5,OK,
1627742,11023910,11023910,271928,140438,2026-04-01T20:00:00.000-04:00,,,Brandon Ingram,F,TOR,,11.5,Points,pts,Standard,11.5,0,https://static.prizepicks.com/images/players/NBA/Brandon_Ingram_NBA_player_wQKmpzeMNkdFc6r8uKMWcPCq.webp,,,,,OK,0,,,,,,,,,,,,,,,,,,,,,,,,3913176,nba1h_db,8,8,6,2,4,6,,,,,5.6,5.667,5.667,0,5,0,0,0,1,0,1,OK,
1629628,11023960,11023960,183186,140438,2026-04-01T20:00:00.000-04:00,,,RJ Barrett,F-G,TOR,,11.5,Points,pts,Standard,11.5,0,https://static.prizepicks.com/images/players/NBA/R.J._Barrett_NBA_player_Xqi7opqaKQcXtcUIWPhwOB6j.webp,,,,,OK,0,,,,,,,,,,,,,,,,,,,,,,,,4395625,nba1h_db,18,12,10,9,9,7,9,13,,,11.6,10.875,10.875,2,3,0,0.4,0.4,0.6,0.375,0.625,OK,
1630567,11023968,11023968,55062,140438,2026-04-01T20:00:00.000-04:00,,,Scottie Barnes,F-G,TOR,,9.5,Points,pts,Standard,9.5,0,https://static.prizepicks.com/images/players/NBA/Scottie_Barnes_NBA_player_CA6jRIM1PBTqp5mxIeLVkhys.webp,,,,,OK,0,,,,,,,,,,,,,,,,,,,,,,,,4433134,nba1h_db,1,16,8,4,15,13,7,11,,,8.8,9.375,9.375,2,3,0,0.4,0.4,0.6,0.5,0.5,OK,
1630581,11037426,11037426,216748,140440,2026-04-01T20:00:00.000-04:00,,,Josh Giddey,G,CHI,,23.5,Fantasy Score,fantasy,Standard,23.5,0,https://static.prizepicks.com/images/players/NBA/Josh_Giddey_NBA_player_Eo2a2f7DY9A2ZP7U05U3zq8h.webp,,,,,OK,0,,,,,,,,,,,,,,,,,,,,,,,,4871145,insufficient_1h_history,,,,,,,,,,,,,,,,,,,,,,NO_DATA,
1630581,11016564,11016564,216748,140440,2026-04-01T20:00:00.000-04:00,,,Josh Giddey,G,CHI,,19.5,Pts+Rebs+Asts,pra,Standard,19.5,0,https://static.prizepicks.com/images/players/NBA/Josh_Giddey_NBA_player_Eo2a2f7DY9A2ZP7U05U3zq8h.webp,,,,,OK,0,,,,,,,,,,,,,,,,,,,,,,,,4871145,nba1h_db,18,24,13,24,14,15,9,,,,18.6,16.714,16.714,2,3,0,0.4,0.4,0.6,0.286,0.714,OK,
1641824,11037429,11037429,221320,140440,2026-04-01T20:00:00.000-04:00,,,Matas Buzelis,F,CHI,,19.5,Fantasy Score,fantasy,Standard,19.5,0,https://static.prizepicks.com/images/players/NBA/Matas_Buzelis_NBA_player_XvNO17DQRNhYtRc2NCRX2D0O.webp,,,,,OK,0,,,,,,,,,,,,,,,,,,,,,,,,4711294,insufficient_1h_history,,,,,,,,,,,,,,,,,,,,,,NO_DATA,
1641824,11016569,11016569,221320,140440,2026-04-01T20:00:00.000-04:00,,,Matas Buzelis,F,CHI,,15.5,Pts+Rebs+Asts,pra,Standard,15.5,0,https://static.prizepicks.com/images/players/NBA/Matas_Buzelis_NBA_player_XvNO17DQRNhYtRc2NCRX2D0O.webp,,,,,OK,0,,,,,,,,,,,,,,,,,,,,,,,,4711294,nba1h_db,7,18,13,7,16,20,,,,,12.2,13.5,13.5,2,3,0,0.4,0.4,0.6,0.5,0.5,OK,
1630200,11037433,11037433,228975,140440,2026-04-01T20:00:00.000-04:00,,,Tre Jones,G,CHI,,14.5,Fantasy Score,fantasy,Standard,14.5,0,https://static.prizepicks.com/images/players/NBA/Tre_Jones_NBA_player_MKctZe7p9MBZTGzAv3GBDkxs.webp,,,,,OK,0,,,,,,,,,,,,,,,,,,,,,,,,4395626,insufficient_1h_history,,,,,,,,,,,,,,,,,,,,,,NO_DATA,
1630200,11016581,11016581,228975,140440,2026-04-01T20:00:00.000-04:00,,,Tre Jones,G,CHI,,12.5,Pts+Rebs+Asts,pra,Standard,12.5,0,https://static.prizepicks.com/images/players/NBA/Tre_Jones_NBA_player_MKctZe7p9MBZTGzAv3GBDkxs.webp,,,,,OK,0,,,,,,,,,,,,,,,,,,,,,,,,4395626,nba1h_db,13,15,12,13,,,,,,,13.25,13.25,13.25,3,1,0,0.75,0.75,0.25,0.75,0.25,OK,
1630208,11037431,11037431,299512,140440,2026-04-01T20:00:00.000-04:00,,,Nick Richards,C,CHI,,11.5,Fantasy Score,fantasy,Standard,11.5,0,https://static.prizepicks.com/images/manual/Nick_Richards.png,,,,,OK,0,,,,,,,,,,,,,,,,,,,,,,,,4278076,insufficient_1h_history,,,,,,,,,,,,,,,,,,,,,,NO_DATA,
1641824,11016567,11016567,221320,140440,2026-04-01T20:00:00.000-04:00,,,Matas Buzelis,F,CHI,,10.5,Points,pts,Standard,10.5,0,https://static.prizepicks.com/images/players/NBA/Matas_Buzelis_NBA_player_XvNO17DQRNhYtRc2NCRX2D0O.webp,,,,,OK,0,,,,,,,,,,,,,,,,,,,,,,,,4711294,nba1h_db,2,12,9,8,5,13,16,10,,,7.2,9.375,9.375,1,4,0,0.2,0.2,0.8,0.375,0.625,OK,
1630581,11016562,11016562,216748,140440,2026-04-01T20:00:00.000-04:00,,,Josh Giddey,G,CHI,,9.5,Points,pts,Standard,9.5,0,https://static.prizepicks.com/images/players/NBA/Josh_Giddey_NBA_player_Eo2a2f7DY9A2ZP7U05U3zq8h.webp,,,,,OK,0,,,,,,,,,,,,,,,,,,,,,,,,4871145,nba1h_db,9,8,3,16,5,6,6,,,,8.2,7.571,7.571,1,4,0,0.2,0.2,0.8,0.143,0.857,OK,
1630208,11016571,11016571,299512,140440,2026-04-01T20:00:00.000-04:00,,,Nick Richards,C,CHI,,9.5,Pts+Rebs+Asts,pra,Standard,9.5,0,https://static.prizepicks.com/images/manual/Nick_Richards.png,,,,,OK,0,,,,,,,,,,,,,,,,,,,,,,,,4278076,insufficient_1h_history,8,,,,,,,,,,8,8,8,0,1,0,0,0,1,0,1,INSUFFICIENT_GAMES,
1630200,11016579,11016579,228975,140440,2026-04-01T20:00:00.000-04:00,,,Tre Jones,G,CHI,,7.5,Points,pts,Standard,7.5,0,https://static.prizepicks.com/images/players/NBA/Tre_Jones_NBA_player_MKctZe7p9MBZTGzAv3GBDkxs.webp,,,,,OK,0,,,,,,,,,,,,,,,,,,,,,,,,4395626,nba1h_db,9,7,3,9,4,15,3,,,,6.4,7.143,7.143,2,3,0,0.4,0.4,0.6,0.429,0.571,OK,
1630208,11016622,11016622,299512,140440,2026-04-01T20:00:00.000-04:00,,,Nick Richards,C,CHI,,4.5,Points,pts,Standard,4.5,0,https://static.prizepicks.com/images/manual/Nick_Richards.png,,,,,OK,0,,,,,,,,,,,,,,,,,,,,,,,,4278076,nba1h_db,2,4,2,2,8,,,,,,3.6,3.6,3.6,1,4,0,0.2,0.2,0.8,0.2,0.8,OK,
1641705,11038085,11038085,173820,140694,2026-04-01T22:00:00.000-04:00,,,Victor Wembanyama,F-C,SAS,GSW,29.5,Fantasy Score,fantasy,Standard,29.5,0,https://static.prizepicks.com/images/players/NBA/Victor_Wembanyama_NBA_player_2EsUEdOt5xmywxPr6qxPdHNs.webp,,,,,OK,0,114.9,88.5,42.3,35.8,12.8,21.8,16.0,52.7,29.499999999999996,58.99999999999999,13,11,9,14,18,18,23,23,6,6,14.978494623655912,16,Avg,5104157,insufficient_1h_history,,,,,,,,,,,,,,,,,,,,,,NO_DATA,
1641705,11011176,11011176,173820,140694,2026-04-01T22:00:00.000-04:00,,,Victor Wembanyama,F-C,SAS,GSW,21.5,Pts+Rebs+Asts,pra,Standard,21.5,0,https://static.prizepicks.com/images/players/NBA/Victor_Wembanyama_NBA_player_2EsUEdOt5xmywxPr6qxPdHNs.webp,,,,,OK,0,114.9,88.5,42.3,35.8,12.8,21.8,16.0,52.7,29.499999999999996,58.99999999999999,13,11,9,14,18,18,23,23,6,6,14.978494623655912,16,Avg,5104157,nba1h_db,35,14,19,21,15,15,,,,,20.8,19.833,19.833,1,4,0,0.2,0.2,0.8,0.167,0.833,OK,
1642264,11038084,11038084,217805,140694,2026-04-01T22:00:00.000-04:00,,,Stephon Castle,G,SAS,GSW,19.5,Fantasy Score,fantasy,Standard,19.5,0,https://static.prizepicks.com/images/players/NBA/Stephon_Castle_NBA_player_3nImU3v39rqjCKdKG1wdfekq.webp,,,,,OK,0,114.9,88.5,42.3,35.8,12.8,21.8,16.0,52.7,29.499999999999996,58.99999999999999,13,11,9,14,18,18,23,23,6,6,14.978494623655912,16,Avg,4845367,insufficient_1h_history,,,,,,,,,,,,,,,,,,,,,,NO_DATA,
1628368,11038079,11038079,226914,140694,2026-04-01T22:00:00.000-04:00,,,De'Aaron Fox,G,SAS,GSW,17.5,Fantasy Score,fantasy,Standard,17.5,0,https://static.prizepicks.com/images/players/NBA/De'Aaron_Fox_NBA_player_ey65igBBNutBRz0ibXh85IuZ.webp,,,,,OK,0,114.9,88.5,42.3,35.8,12.8,21.8,16.0,52.7,29.499999999999996,58.99999999999999,13,11,9,14,18,18,23,23,6,6,14.978494623655912,16,Avg,4066259,insufficient_1h_history,,,,,,,,,,,,,,,,,,,,,,NO_DATA,
1642264,11011171,11011171,217805,140694,2026-04-01T22:00:00.000-04:00,,,Stephon Castle,G,SAS,GSW,16.5,Pts+Rebs+Asts,pra,Standard,16.5,0,https://static.prizepicks.com/images/players/NBA/Stephon_Castle_NBA_player_3nImU3v39rqjCKdKG1wdfekq.webp,,,,,OK,0,114.9,88.5,42.3,35.8,12.8,21.8,16.0,52.7,29.499999999999996,58.99999999999999,13,11,9,14,18,18,23,23,6,6,14.978494623655912,16,Avg,4845367,nba1h_db,23,27,20,25,33,,,,,,25.6,25.6,25.6,5,0,0,1,1,0,1,0,OK,
1641764,11038067,11038067,181477,140694,2026-04-01T22:00:00.000-04:00,,,Brandin Podziemski,G,GSW,SAS,16.5,Fantasy Score,fantasy,Standard,16.5,0,https://static.prizepicks.com/images/players/NBA/Brandin_Podziemski_NBA_player_xulwA1dAXTbxo9PLVFXHRYB6.webp,,,,,OK,0,111.3,90.8,40.9,37.1,13.1,20.9,13.1,53.699999999999996,27.799999999999997,55.599999999999994,7,14,17,23,8,22,9,9,2,26,9.580645161290322,10,Above Avg,4709138,insufficient_1h_history,,,,,,,,,,,,,,,,,,,,,,NO_DATA,
1630611,11038074,11038074,225504,140694,2026-04-01T22:00:00.000-04:00,,,Gui Santos,F,GSW,SAS,15.5,Fantasy Score,fantasy,Standard,15.5,0,https://static.prizepicks.com/images/players/NBA/Gui_Santos_NBA_player_HA8Q21tgmTmAYPOMGFWKbNa8.webp,,,,,OK,0,111.3,90.8,40.9,37.1,13.1,20.9,13.1,53.699999999999996,27.799999999999997,55.599999999999994,7,14,17,23,8,22,9,9,2,26,9.580645161290322,10,Above Avg,4997536,insufficient_1h_history,,,,,,,,,,,,,,,,,,,,,,NO_DATA,
1641764,11010570,11010570,181477,140694,2026-04-01T22:00:00.000-04:00,,,Brandin Podziemski,G,GSW,SAS,14.5,Pts+Rebs+Asts,pra,Standard,14.5,0,https://static.prizepicks.com/images/players/NBA/Brandin_Podziemski_NBA_player_xulwA1dAXTbxo9PLVFXHRYB6.webp,,,,,OK,0,111.3,90.8,40.9,37.1,13.1,20.9,13.1,53.699999999999996,27.799999999999997,55.599999999999994,7,14,17,23,8,22,9,9,2,26,9.580645161290322,10,Above Avg,4709138,nba1h_db,15,21,15,18,12,14,,,,,16.2,15.833,15.833,4,1,0,0.8,0.8,0.2,0.667,0.333,OK,
1628368,11011146,11011146,226914,140694,2026-04-01T22:00:00.000-04:00,,,De'Aaron Fox,G,SAS,GSW,14.5,Pts+Rebs+Asts,pra,Standard,14.5,0,https://static.prizepicks.com/images/players/NBA/De'Aaron_Fox_NBA_player_ey65igBBNutBRz0ibXh85IuZ.webp,,,,,OK,0,114.9,88.5,42.3,35.8,12.8,21.8,16.0,52.7,29.499999999999996,58.99999999999999,13,11,9,14,18,18,23,23,6,6,14.978494623655912,16,Avg,4066259,nba1h_db,7,10,15,12,10,,,,,,10.8,10.8,10.8,1,4,0,0.2,0.2,0.8,0.2,0.8,OK,
1641705,11011174,11011174,173820,140694,2026-04-01T22:00:00.000-04:00,,,Victor Wembanyama,F-C,SAS,GSW,13.5,Points,pts,Standard,13.5,0,https://static.prizepicks.com/images/players/NBA/Victor_Wembanyama_NBA_player_2EsUEdOt5xmywxPr6qxPdHNs.webp,,,,,OK,0,114.9,88.5,42.3,35.8,12.8,21.8,16.0,52.7,29.499999999999996,58.99999999999999,13,11,9,14,18,18,23,23,6,6,14.978494623655912,16,Avg,5104157,nba1h_db,21,7,8,13,6,8,12,,,,11,10.714,10.714,1,4,0,0.2,0.2,0.8,0.143,0.857,OK,
203110,11038068,11038068,54825,140694,2026-04-01T22:00:00.000-04:00,,,Draymond Green,F,GSW,SAS,13.5,Fantasy Score,fantasy,Standard,13.5,0,https://static.prizepicks.com/images/players/NBA/Draymond_Green_NBA_player_1z7sEvTBX9wTfMTBZKi9b0L.webp,,,,,OK,0,111.3,90.8,40.9,37.1,13.1,20.9,13.1,53.699999999999996,27.799999999999997,55.599999999999994,7,14,17,23,8,22,9,9,2,26,9.580645161290322,10,Above Avg,6589,insufficient_1h_history,,,,,,,,,,,,,,,,,,,,,,NO_DATA,
56,11038071,11038071,57330,140694,2026-04-01T22:00:00.000-04:00,,,Gary Payton,G,GSW,SAS,13.5,Fantasy Score,fantasy,Standard,13.5,0,https://static.prizepicks.com/images/players/NBA/Gary_Payton_NBA_player_4ZxhTCJZFDSyzegFARO2ZNE.webp,,,,,OK,0,111.3,90.8,40.9,37.1,13.1,20.9,13.1,53.699999999999996,27.799999999999997,55.599999999999994,7,14,17,23,8,22,9,9,2,26,9.580645161290322,10,Above Avg,3134903,insufficient_1h_history,,,,,,,,,,,,,,,,,,,,,,NO_DATA,
1642844,11038081,11038081,271984,140694,2026-04-01T22:00:00.000-04:00,,,Dylan Harper,G,SAS,GSW,13.5,Fantasy Score,fantasy,Standard,13.5,0,https://static.prizepicks.com/images/manual/DylanHarper.png,,,,,OK,0,114.9,88.5,42.3,35.8,12.8,21.8,16.0,52.7,29.499999999999996,58.99999999999999,13,11,9,14,18,18,23,23,6,6,14.978494623655912,16,Avg,5037871,insufficient_1h_history,,,,,,,,,,,,,,,,,,,,,,NO_DATA,
1630611,11010582,11010582,225504,140694,2026-04-01T22:00:00.000-04:00,,,Gui Santos,F,GSW,SAS,13.0,Pts+Rebs+Asts,pra,Standard,13.0,0,https://static.prizepicks.com/images/players/NBA/Gui_Santos_NBA_player_HA8Q21tgmTmAYPOMGFWKbNa8.webp,,,,,OK,0,111.3,90.8,40.9,37.1,13.1,20.9,13.1,53.699999999999996,27.799999999999997,55.599999999999994,7,14,17,23,8,22,9,9,2,26,9.580645161290322,10,Above Avg,4997536,nba1h_db,11,19,13,9,5,,,,,,11.4,11.4,11.4,1,3,1,0.2,0.25,0.75,0.25,0.75,OK,
1630170,11038080,11038080,56348,140694,2026-04-01T22:00:00.000-04:00,,,Devin Vassell,G-F,SAS,GSW,12.0,Fantasy Score,fantasy,Standard,12.0,0,https://static.prizepicks.com/images/players/NBA/Devin_Vassell_NBA_player_1FsPF0NOGQH4fepI0eeG7MYw.webp,,,,,OK,0,114.9,88.5,42.3,35.8,12.8,21.8,16.0,52.7,29.499999999999996,58.99999999999999,13,11,9,14,18,18,23,23,6,6,14.978494623655912,16,Avg,4395630,insufficient_1h_history,,,,,,,,,,,,,,,,,,,,,,NO_DATA,
1629640,11038083,11038083,55148,140694,2026-04-01T22:00:00.000-04:00,,,Keldon Johnson,F-G,SAS,GSW,11.5,Fantasy Score,fantasy,Standard,11.5,0,https://static.prizepicks.com/images/players/NBA/Keldon_Johnson_NBA_player_ytnN6jT7zYkcukGvVWoYp2zk.webp,,,,,OK,0,114.9,88.5,42.3,35.8,12.8,21.8,16.0,52.7,29.499999999999996,58.99999999999999,13,11,9,14,18,18,23,23,6,6,14.978494623655912,16,Avg,4395723,insufficient_1h_history,,,,,,,,,,,,,,,,,,,,,,NO_DATA,
1642844,11011159,11011159,271984,140694,2026-04-01T22:00:00.000-04:00,,,Dylan Harper,G,SAS,GSW,11.0,Pts+Rebs+Asts,pra,Standard,11.0,0,https://static.prizepicks.com/images/manual/DylanHarper.png,,,,,OK,0,114.9,88.5,42.3,35.8,12.8,21.8,16.0,52.7,29.499999999999996,58.99999999999999,13,11,9,14,18,18,23,23,6,6,14.978494623655912,16,Avg,5037871,nba1h_db,13,18,13,14,10,,,,,,13.6,13.6,13.6,4,1,0,0.8,0.8,0.2,0.8,0.2,OK,
203110,11010574,11010574,54825,140694,2026-04-01T22:00:00.000-04:00,,,Draymond Green,F,GSW,SAS,10.5,Pts+Rebs+Asts,pra,Standard,10.5,0,https://static.prizepicks.com/images/players/NBA/Draymond_Green_NBA_player_1z7sEvTBX9wTfMTBZKi9b0L.webp,,,,,OK,0,111.3,90.8,40.9,37.1,13.1,20.9,13.1,53.699999999999996,27.799999999999997,55.599999999999994,7,14,17,23,8,22,9,9,2,26,9.580645161290322,10,Above Avg,6589,nba1h_db,16,9,12,15,11,8,,,,,12.6,11.833,11.833,4,1,0,0.8,0.8,0.2,0.667,0.333,OK,
1630170,11011154,11011154,56348,140694,2026-04-01T22:00:00.000-04:00,,,Devin Vassell,G-F,SAS,GSW,10.5,Pts+Rebs+Asts,pra,Standard,10.5,0,https://static.prizepicks.com/images/players/NBA/Devin_Vassell_NBA_player_1FsPF0NOGQH4fepI0eeG7MYw.webp,,,,,OK,0,114.9,88.5,42.3,35.8,12.8,21.8,16.0,52.7,29.499999999999996,58.99999999999999,13,11,9,14,18,18,23,23,6,6,14.978494623655912,16,Avg,4395630,nba1h_db,19,7,13,23,,,,,,,15.5,15.5,15.5,3,1,0,0.75,0.75,0.25,0.75,0.25,OK,
56,11016007,11016007,57330,140694,2026-04-01T22:00:00.000-04:00,,,Gary Payton,G,GSW,SAS,10.5,Pts+Rebs+Asts,pra,Standard,10.5,0,https://static.prizepicks.com/images/players/NBA/Gary_Payton_NBA_player_4ZxhTCJZFDSyzegFARO2ZNE.webp,,,,,OK,0,111.3,90.8,40.9,37.1,13.1,20.9,13.1,53.699999999999996,27.799999999999997,55.599999999999994,7,14,17,23,8,22,9,9,2,26,9.580645161290322,10,Above Avg,3134903,insufficient_1h_history,,,,,,,,,,,,,,,,,,,,,,NO_DATA,
1630311,11038076,11038076,281206,140694,2026-04-01T22:00:00.000-04:00,,,Pat Spencer,G,GSW,SAS,10.5,Fantasy Score,fantasy,Standard,10.5,0,https://static.prizepicks.com/images/players/NBA/Pat_Spencer_NBA_player_K9soSALlLFS3B52SaWl56LlH.webp,,,,,OK,0,111.3,90.8,40.9,37.1,13.1,20.9,13.1,53.699999999999996,27.799999999999997,55.599999999999994,7,14,17,23,8,22,9,9,2,26,9.580645161290322,10,Above Avg,4592714,insufficient_1h_history,,,,,,,,,,,,,,,,,,,,,,NO_DATA,
1628368,11011144,11011144,226914,140694,2026-04-01T22:00:00.000-04:00,,,De'Aaron Fox,G,SAS,GSW,9.5,Points,pts,Standard,9.5,0,https://static.prizepicks.com/images/players/NBA/De'Aaron_Fox_NBA_player_ey65igBBNutBRz0ibXh85IuZ.webp,,,,,OK,0,114.9,88.5,42.3,35.8,12.8,21.8,16.0,52.7,29.499999999999996,58.99999999999999,13,11,9,14,18,18,23,23,6,6,14.978494623655912,16,Avg,4066259,nba1h_db,4,6,12,5,2,4,,,,,5.8,5.5,5.5,1,4,0,0.2,0.2,0.8,0.167,0.833,OK,
1629640,11011166,11011166,55148,140694,2026-04-01T22:00:00.000-04:00,,,Keldon Johnson,F-G,SAS,GSW,9.5,Pts+Rebs+Asts,pra,Standard,9.5,0,https://static.prizepicks.com/images/players/NBA/Keldon_Johnson_NBA_player_ytnN6jT7zYkcukGvVWoYp2zk.webp,,,,,OK,0,114.9,88.5,42.3,35.8,12.8,21.8,16.0,52.7,29.499999999999996,58.99999999999999,13,11,9,14,18,18,23,23,6,6,14.978494623655912,16,Avg,4395723,nba1h_db,10,22,,,,,,,,,16,16,16,2,0,0,1,1,0,1,0,OK,
1642264,11011169,11011169,217805,140694,2026-04-01T22:00:00.000-04:00,,,Stephon Castle,G,SAS,GSW,9.5,Points,pts,Standard,9.5,0,https://static.prizepicks.com/images/players/NBA/Stephon_Castle_NBA_player_3nImU3v39rqjCKdKG1wdfekq.webp,,,,,OK,0,114.9,88.5,42.3,35.8,12.8,21.8,16.0,52.7,29.499999999999996,58.99999999999999,13,11,9,14,18,18,23,23,6,6,14.978494623655912,16,Avg,4845367,nba1h_db,13,15,12,13,15,21,,,,,13.6,14.833,14.833,5,0,0,1,1,0,1,0,OK,
1641764,11010568,11010568,181477,140694,2026-04-01T22:00:00.000-04:00,,,Brandin Podziemski,G,GSW,SAS,8.5,Points,pts,Standard,8.5,0,https://static.prizepicks.com/images/players/NBA/Brandin_Podziemski_NBA_player_xulwA1dAXTbxo9PLVFXHRYB6.webp,,,,,OK,0,111.3,90.8,40.9,37.1,13.1,20.9,13.1,53.699999999999996,27.799999999999997,55.599999999999994,7,14,17,23,8,22,9,9,2,26,9.580645161290322,10,Above Avg,4709138,nba1h_db,9,9,10,10,3,8,5,9,,,8.2,7.875,7.875,4,1,0,0.8,0.8,0.2,0.625,0.375,OK,
1630611,11010580,11010580,225504,140694,2026-04-01T22:00:00.000-04:00,,,Gui Santos,F,GSW,SAS,8.5,Points,pts,Standard,8.5,0,https://static.prizepicks.com/images/players/NBA/Gui_Santos_NBA_player_HA8Q21tgmTmAYPOMGFWKbNa8.webp,,,,,OK,0,111.3,90.8,40.9,37.1,13.1,20.9,13.1,53.699999999999996,27.799999999999997,55.599999999999994,7,14,17,23,8,22,9,9,2,26,9.580645161290322,10,Above Avg,4997536,nba1h_db,7,14,10,2,2,7,,,,,7,7,7,2,3,0,0.4,0.4,0.6,0.333,0.667,OK,
1630311,11010589,11010589,281206,140694,2026-04-01T22:00:00.000-04:00,,,Pat Spencer,G,GSW,SAS,8.5,Pts+Rebs+Asts,pra,Standard,8.5,0,https://static.prizepicks.com/images/players/NBA/Pat_Spencer_NBA_player_K9soSALlLFS3B52SaWl56LlH.webp,,,,,OK,0,111.3,90.8,40.9,37.1,13.1,20.9,13.1,53.699999999999996,27.799999999999997,55.599999999999994,7,14,17,23,8,22,9,9,2,26,9.580645161290322,10,Above Avg,4592714,nba1h_db,13,12,8,4,7,5,16,,,,8.8,9.286,9.286,2,3,0,0.4,0.4,0.6,0.429,0.571,OK,
56,11010577,11010577,57330,140694,2026-04-01T22:00:00.000-04:00,,,Gary Payton,G,GSW,SAS,6.5,Points,pts,Standard,6.5,0,https://static.prizepicks.com/images/players/NBA/Gary_Payton_NBA_player_4ZxhTCJZFDSyzegFARO2ZNE.webp,,,,,OK,0,111.3,90.8,40.9,37.1,13.1,20.9,13.1,53.699999999999996,27.799999999999997,55.599999999999994,7,14,17,23,8,22,9,9,2,26,9.580645161290322,10,Above Avg,3134903,insufficient_1h_history,,,,,,,,,,,,,,,,,,,,,,NO_DATA,
1630170,11011152,11011152,56348,140694,2026-04-01T22:00:00.000-04:00,,,Devin Vassell,G-F,SAS,GSW,6.5,Points,pts,Standard,6.5,0,https://static.prizepicks.com/images/players/NBA/Devin_Vassell_NBA_player_1FsPF0NOGQH4fepI0eeG7MYw.webp,,,,,OK,0,114.9,88.5,42.3,35.8,12.8,21.8,16.0,52.7,29.499999999999996,58.99999999999999,13,11,9,14,18,18,23,23,6,6,14.978494623655912,16,Avg,4395630,nba1h_db,10,10,3,9,15,,,,,,9.4,9.4,9.4,4,1,0,0.8,0.8,0.2,0.8,0.2,OK,
1642844,11011157,11011157,271984,140694,2026-04-01T22:00:00.000-04:00,,,Dylan Harper,G,SAS,GSW,6.5,Points,pts,Standard,6.5,0,https://static.prizepicks.com/images/manual/DylanHarper.png,,,,,OK,0,114.9,88.5,42.3,35.8,12.8,21.8,16.0,52.7,29.499999999999996,58.99999999999999,13,11,9,14,18,18,23,23,6,6,14.978494623655912,16,Avg,5037871,nba1h_db,7,10,10,9,8,8,4,,,,8.8,8,8,5,0,0,1,1,0,0.857,0.143,OK,
1629640,11011164,11011164,55148,140694,2026-04-01T22:00:00.000-04:00,,,Keldon Johnson,F-G,SAS,GSW,6.5,Points,pts,Standard,6.5,0,https://static.prizepicks.com/images/players/NBA/Keldon_Johnson_NBA_player_ytnN6jT7zYkcukGvVWoYp2zk.webp,,,,,OK,0,114.9,88.5,42.3,35.8,12.8,21.8,16.0,52.7,29.499999999999996,58.99999999999999,13,11,9,14,18,18,23,23,6,6,14.978494623655912,16,Avg,4395723,nba1h_db,7,9,5,12,16,6,2,,,,9.8,8.143,8.143,4,1,0,0.8,0.8,0.2,0.571,0.429,OK,
1630311,11011707,11011707,281206,140694,2026-04-01T22:00:00.000-04:00,,,Pat Spencer,G,GSW,SAS,4.5,Points,pts,Standard,4.5,0,https://static.prizepicks.com/images/players/NBA/Pat_Spencer_NBA_player_K9soSALlLFS3B52SaWl56LlH.webp,,,,,OK,0,111.3,90.8,40.9,37.1,13.1,20.9,13.1,53.699999999999996,27.799999999999997,55.599999999999994,7,14,17,23,8,22,9,9,2,26,9.580645161290322,10,Above Avg,4592714,nba1h_db,4,9,4,2,8,4,2,9,,,5.4,5.25,5.25,2,3,0,0.4,0.4,0.6,0.375,0.625,OK,
203110,11015956,11015956,54825,140694,2026-04-01T22:00:00.000-04:00,,,Draymond Green,F,GSW,SAS,4.5,Points,pts,Standard,4.5,0,https://static.prizepicks.com/images/players/NBA/Draymond_Green_NBA_player_1z7sEvTBX9wTfMTBZKi9b0L.webp,,,,,OK,0,111.3,90.8,40.9,37.1,13.1,20.9,13.1,53.699999999999996,27.799999999999997,55.599999999999994,7,14,17,23,8,22,9,9,2,26,9.580645161290322,10,Above Avg,6589,nba1h_db,10,2,2,8,9,5,1,,,,6.2,5.286,5.286,3,2,0,0.6,0.6,0.4,0.571,0.429,OK,
