nba_player_id,projection_id,pp_projection_id,player_id,pp_game_id,start_time,pp_home_team,pp_away_team,player,pos,team,opp_team,line,prop_type,prop_norm,pick_type,standard_line,deviation_level,image_url,player_1,player_2,team_1,team_2,id_status,is_combo_player,OPP_PTS,OPP_FGA,OPP_FGM,OPP_FG3A,OPP_FG3M,OPP_FTA,OPP_TOV,OPP_2PA,OPP_2PM,OPP_2PTS,OPP_PTS_RANK,OPP_FG3M_RANK,OPP_FG3A_RANK,OPP_FGA_RANK,OPP_FGM_RANK,OPP_2PA_RANK,OPP_2PM_RANK,OPP_2PTS_RANK,OPP_FTA_RANK,OPP_TOV_FORCED_RANK,OVERALL_DEF_SCORE,OVERALL_DEF_RANK,DEF_TIER,ESPN_ATHLETE_ID,data_source,stat_g1,stat_g2,stat_g3,stat_g4,stat_g5,stat_g6,stat_g7,stat_g8,stat_g9,stat_g10,stat_last5_avg,stat_last10_avg,stat_season_avg,last5_over,last5_under,last5_push,last5_hit_rate,line_hit_rate_over_ou_5,line_hit_rate_under_ou_5,line_hit_rate_over_ou_10,line_hit_rate_under_ou_10,stat_status,min_last5_avg,hit_rate_status,line_games_played_5,line_hits_over_5,line_hits_under_5,line_hits_push_5,line_hit_rate_over_5,line_hit_rate_under_5
1631105,11065007,11065007,91832,140695,2026-04-02T19:00:00.000-04:00,,,Jalen Duren,C,DET,MIN,22.5,Fantasy Score,fantasy,Standard,22.5,0,https://static.prizepicks.com/images/players/NBA/Jalen_Duren_NBA_player_BGtA2SxfIEpqaOA2zn9FJZhp.webp,,,,,OK,0,114.1,89.7,41.1,34.6,12.3,25.1,15.0,55.1,28.8,57.6,11,4,4,20,11,26,14,14,25,12,12.903225806451612,11,Above Avg,4433621,insufficient_1h_history,,,,,,,,,,,,,,,,,,,,,,NO_DATA,,MISSING_STAT_VALUES,,,,,,
1630162,11064991,11064991,55112,140695,2026-04-02T19:00:00.000-04:00,,,Anthony Edwards,G,MIN,DET,19.5,Fantasy Score,fantasy,Standard,19.5,0,https://static.prizepicks.com/images/players/NBA/Anthony_Edwards_NBA_player_rhlEP3GCAg5LDJD8uChjFU81.webp,,,,,OK,0,109.6,85.2,37.8,36.4,12.6,27.3,17.0,48.8,25.2,50.39999999999999,3,7,12,2,1,4,3,3,30,1,5.21505376344086,2,Elite,4594268,insufficient_1h_history,,,,,,,,,,,,,,,,,,,,,,NO_DATA,,MISSING_STAT_VALUES,,,,,,
1631105,11056487,11056487,91832,140695,2026-04-02T19:00:00.000-04:00,,,Jalen Duren,C,DET,MIN,18.5,Pts+Rebs+Asts,pra,Standard,18.5,0,https://static.prizepicks.com/images/players/NBA/Jalen_Duren_NBA_player_BGtA2SxfIEpqaOA2zn9FJZhp.webp,,,,,OK,0,114.1,89.7,41.1,34.6,12.3,25.1,15.0,55.1,28.8,57.6,11,4,4,20,11,26,14,14,25,12,12.903225806451612,11,Above Avg,4433621,nba1h_db,23.0,10.0,27.0,17.0,16.0,,,,,,18.6,18.6,18.6,2.0,3.0,0.0,0.4,0.4,0.6,0.4,0.6,OK,,OK,5.0,2.0,3.0,0.0,0.4,0.6
1630162,11056462,11056462,55112,140695,2026-04-02T19:00:00.000-04:00,,,Anthony Edwards,G,MIN,DET,17.5,Pts+Rebs+Asts,pra,Standard,17.5,0,https://static.prizepicks.com/images/players/NBA/Anthony_Edwards_NBA_player_rhlEP3GCAg5LDJD8uChjFU81.webp,,,,,OK,0,109.6,85.2,37.8,36.4,12.6,27.3,17.0,48.8,25.2,50.39999999999999,3,7,12,2,1,4,3,3,30,1,5.21505376344086,2,Elite,4594268,nba1h_db,11.0,16.0,31.0,,,,,,,,19.333,19.333,19.333,1.0,2.0,0.0,0.333,0.3333333333333333,0.6666666666666666,0.333,0.667,OK,,OK,3.0,1.0,2.0,0.0,0.3333333333333333,0.6666666666666666
203944,11065009,11065009,216423,140695,2026-04-02T19:00:00.000-04:00,,,Julius Randle,F-C,MIN,DET,17.5,Fantasy Score,fantasy,Standard,17.5,0,https://static.prizepicks.com/images/players/NBA/Julius_Randle_NBA_player_wdsPCeOajEY6c6aD3jSNasmp.webp,,,,,OK,0,109.6,85.2,37.8,36.4,12.6,27.3,17.0,48.8,25.2,50.39999999999999,3,7,12,2,1,4,3,3,30,1,5.21505376344086,2,Elite,3064514,insufficient_1h_history,,,,,,,,,,,,,,,,,,,,,,NO_DATA,,MISSING_STAT_VALUES,,,,,,
1642450,11064999,11064999,279583,140695,2026-04-02T19:00:00.000-04:00,,,Daniss Jenkins,G,DET,MIN,16.5,Fantasy Score,fantasy,Standard,16.5,0,https://static.prizepicks.com/images/players/NBA/Daniss_Jenkins_NBA_player_gomI5shGs9qQrrpbBB8lXZ43.webp,,,,,OK,0,114.1,89.7,41.1,34.6,12.3,25.1,15.0,55.1,28.8,57.6,11,4,4,20,11,26,14,14,25,12,12.903225806451612,11,Above Avg,5107199,insufficient_1h_history,,,,,,,,,,,,,,,,,,,,,,NO_DATA,,MISSING_STAT_VALUES,,,,,,
203497,11065013,11065013,87388,140695,2026-04-02T19:00:00.000-04:00,,,Rudy Gobert,C,MIN,DET,16.0,Fantasy Score,fantasy,Standard,16.0,0,https://static.prizepicks.com/images/players/NBA/Rudy_Gobert_NBA_player_2ozGrrcD59T4wVpCbCelKQUm.webp,,,,,OK,0,109.6,85.2,37.8,36.4,12.6,27.3,17.0,48.8,25.2,50.39999999999999,3,7,12,2,1,4,3,3,30,1,5.21505376344086,2,Elite,3032976,insufficient_1h_history,,,,,,,,,,,,,,,,,,,,,,NO_DATA,,MISSING_STAT_VALUES,,,,,,
1630245,11064997,11064997,299534,140695,2026-04-02T19:00:00.000-04:00,,,Ayo Dosunmu,G,MIN,DET,15.5,Fantasy Score,fantasy,Standard,15.5,0,https://static.prizepicks.com/images/manual/Ayo DosunmuMIN.png,,,,,OK,0,109.6,85.2,37.8,36.4,12.6,27.3,17.0,48.8,25.2,50.39999999999999,3,7,12,2,1,4,3,3,30,1,5.21505376344086,2,Elite,4397002,insufficient_1h_history,,,,,,,,,,,,,,,,,,,,,,NO_DATA,,MISSING_STAT_VALUES,,,,,,
1641709,11064995,11064995,173790,140695,2026-04-02T19:00:00.000-04:00,,,Ausar Thompson,G-F,DET,MIN,15.0,Fantasy Score,fantasy,Standard,15.0,0,https://static.prizepicks.com/images/players/NBA/Ausar_Thompson_NBA_player_7Obr7GoiKRNtF8Nj1LYUn3gX.webp,,,,,OK,0,114.1,89.7,41.1,34.6,12.3,25.1,15.0,55.1,28.8,57.6,11,4,4,20,11,26,14,14,25,12,12.903225806451612,11,Above Avg,4684742,insufficient_1h_history,,,,,,,,,,,,,,,,,,,,,,NO_DATA,,MISSING_STAT_VALUES,,,,,,
203944,11056492,11056492,216423,140695,2026-04-02T19:00:00.000-04:00,,,Julius Randle,F-C,MIN,DET,14.5,Pts+Rebs+Asts,pra,Standard,14.5,0,https://static.prizepicks.com/images/players/NBA/Julius_Randle_NBA_player_wdsPCeOajEY6c6aD3jSNasmp.webp,,,,,OK,0,109.6,85.2,37.8,36.4,12.6,27.3,17.0,48.8,25.2,50.39999999999999,3,7,12,2,1,4,3,3,30,1,5.21505376344086,2,Elite,3064514,nba1h_db,18.0,17.0,13.0,6.0,14.0,8.0,9.0,,,,13.6,12.143,12.143,2.0,3.0,0.0,0.4,0.4,0.6,0.286,0.714,OK,,OK,5.0,2.0,3.0,0.0,0.4,0.6
202699,11065014,11065014,216581,140695,2026-04-02T19:00:00.000-04:00,,,Tobias Harris,F,DET,MIN,14.0,Fantasy Score,fantasy,Standard,14.0,0,https://static.prizepicks.com/images/players/NBA/Tobias_Harris_NBA_player_tGwMomg94AAFiXYjH5vFThKq.webp,,,,,OK,0,114.1,89.7,41.1,34.6,12.3,25.1,15.0,55.1,28.8,57.6,11,4,4,20,11,26,14,14,25,12,12.903225806451612,11,Above Avg,6440,insufficient_1h_history,,,,,,,,,,,,,,,,,,,,,,NO_DATA,,MISSING_STAT_VALUES,,,,,,
1630162,11056460,11056460,55112,140695,2026-04-02T19:00:00.000-04:00,,,Anthony Edwards,G,MIN,DET,13.5,Points,pts,Standard,13.5,0,https://static.prizepicks.com/images/players/NBA/Anthony_Edwards_NBA_player_rhlEP3GCAg5LDJD8uChjFU81.webp,,,,,OK,0,109.6,85.2,37.8,36.4,12.6,27.3,17.0,48.8,25.2,50.39999999999999,3,7,12,2,1,4,3,3,30,1,5.21505376344086,2,Elite,4594268,nba1h_db,7.0,11.0,25.0,,,,,,,,14.333,14.333,14.333,1.0,2.0,0.0,0.333,0.3333333333333333,0.6666666666666666,0.333,0.667,OK,,OK,3.0,1.0,2.0,0.0,0.3333333333333333,0.6666666666666666
1642450,11056477,11056477,279583,140695,2026-04-02T19:00:00.000-04:00,,,Daniss Jenkins,G,DET,MIN,13.5,Pts+Rebs+Asts,pra,Standard,13.5,0,https://static.prizepicks.com/images/players/NBA/Daniss_Jenkins_NBA_player_gomI5shGs9qQrrpbBB8lXZ43.webp,,,,,OK,0,114.1,89.7,41.1,34.6,12.3,25.1,15.0,55.1,28.8,57.6,11,4,4,20,11,26,14,14,25,12,12.903225806451612,11,Above Avg,5107199,nba1h_db,14.0,13.0,10.0,17.0,13.0,23.0,17.0,,,,13.4,15.286,15.286,2.0,3.0,0.0,0.4,0.4,0.6,0.571,0.429,OK,,OK,5.0,2.0,3.0,0.0,0.4,0.6
1629675,11065010,11065010,56962,140695,2026-04-02T19:00:00.000-04:00,,,Naz Reid,C-F,MIN,DET,13.0,Fantasy Score,fantasy,Standard,13.0,0,https://static.prizepicks.com/images/players/NBA/Naz_Reid_NBA_player_aXWF5rxMP0McOCw8Jq9XpFvp.webp,,,,,OK,0,109.6,85.2,37.8,36.4,12.6,27.3,17.0,48.8,25.2,50.39999999999999,3,7,12,2,1,4,3,3,30,1,5.21505376344086,2,Elite,4396971,insufficient_1h_history,,,,,,,,,,,,,,,,,,,,,,NO_DATA,,MISSING_STAT_VALUES,,,,,,
1630245,11056472,11056472,299534,140695,2026-04-02T19:00:00.000-04:00,,,Ayo Dosunmu,G,MIN,DET,12.5,Pts+Rebs+Asts,pra,Standard,12.5,0,https://static.prizepicks.com/images/manual/Ayo DosunmuMIN.png,,,,,OK,0,109.6,85.2,37.8,36.4,12.6,27.3,17.0,48.8,25.2,50.39999999999999,3,7,12,2,1,4,3,3,30,1,5.21505376344086,2,Elite,4397002,nba1h_db,20.0,14.0,17.0,7.0,6.0,,,,,,12.8,12.8,12.8,3.0,2.0,0.0,0.6,0.6,0.4,0.6,0.4,OK,,OK,5.0,3.0,2.0,0.0,0.6,0.4
1631105,11056485,11056485,91832,140695,2026-04-02T19:00:00.000-04:00,,,Jalen Duren,C,DET,MIN,11.5,Points,pts,Standard,11.5,0,https://static.prizepicks.com/images/players/NBA/Jalen_Duren_NBA_player_BGtA2SxfIEpqaOA2zn9FJZhp.webp,,,,,OK,0,114.1,89.7,41.1,34.6,12.3,25.1,15.0,55.1,28.8,57.6,11,4,4,20,11,26,14,14,25,12,12.903225806451612,11,Above Avg,4433621,nba1h_db,17.0,4.0,17.0,12.0,10.0,10.0,,,,,12.0,11.667,11.667,3.0,2.0,0.0,0.6,0.6,0.4,0.5,0.5,OK,,OK,5.0,3.0,2.0,0.0,0.6,0.4
203497,11056502,11056502,87388,140695,2026-04-02T19:00:00.000-04:00,,,Rudy Gobert,C,MIN,DET,11.5,Pts+Rebs+Asts,pra,Standard,11.5,0,https://static.prizepicks.com/images/players/NBA/Rudy_Gobert_NBA_player_2ozGrrcD59T4wVpCbCelKQUm.webp,,,,,OK,0,109.6,85.2,37.8,36.4,12.6,27.3,17.0,48.8,25.2,50.39999999999999,3,7,12,2,1,4,3,3,30,1,5.21505376344086,2,Elite,3032976,nba1h_db,17.0,18.0,17.0,13.0,,,,,,,16.25,16.25,16.25,4.0,0.0,0.0,1.0,1.0,0.0,1.0,0.0,OK,,OK,4.0,4.0,0.0,0.0,1.0,0.0
202699,11056507,11056507,216581,140695,2026-04-02T19:00:00.000-04:00,,,Tobias Harris,F,DET,MIN,11.5,Pts+Rebs+Asts,pra,Standard,11.5,0,https://static.prizepicks.com/images/players/NBA/Tobias_Harris_NBA_player_tGwMomg94AAFiXYjH5vFThKq.webp,,,,,OK,0,114.1,89.7,41.1,34.6,12.3,25.1,15.0,55.1,28.8,57.6,11,4,4,20,11,26,14,14,25,12,12.903225806451612,11,Above Avg,6440,nba1h_db,13.0,18.0,12.0,13.0,14.0,,,,,,14.0,14.0,14.0,5.0,0.0,0.0,1.0,1.0,0.0,1.0,0.0,OK,,OK,5.0,5.0,0.0,0.0,1.0,0.0
1628978,11065002,11065002,216659,140695,2026-04-02T19:00:00.000-04:00,,,Donte DiVincenzo,G,MIN,DET,11.5,Fantasy Score,fantasy,Standard,11.5,0,https://static.prizepicks.com/images/players/NBA/Donte_DiVincenzo_NBA_player_yXBAHP7fATIDud1ZbDMnkxXH.webp,,,,,OK,0,109.6,85.2,37.8,36.4,12.6,27.3,17.0,48.8,25.2,50.39999999999999,3,7,12,2,1,4,3,3,30,1,5.21505376344086,2,Elite,3934673,insufficient_1h_history,,,,,,,,,,,,,,,,,,,,,,NO_DATA,,MISSING_STAT_VALUES,,,,,,
1629130,11065006,11065006,272051,140695,2026-04-02T19:00:00.000-04:00,,,Duncan Robinson,F,DET,MIN,10.5,Fantasy Score,fantasy,Standard,10.5,0,https://static.prizepicks.com/images/players/NBA/Duncan_Robinson_NBA_player_xpPTHBlF6nW6owrrx6sg4Hes.webp,,,,,OK,0,114.1,89.7,41.1,34.6,12.3,25.1,15.0,55.1,28.8,57.6,11,4,4,20,11,26,14,14,25,12,12.903225806451612,11,Above Avg,3157465,insufficient_1h_history,,,,,,,,,,,,,,,,,,,,,,NO_DATA,,MISSING_STAT_VALUES,,,,,,
1641709,11056467,11056467,173790,140695,2026-04-02T19:00:00.000-04:00,,,Ausar Thompson,G-F,DET,MIN,9.5,Pts+Rebs+Asts,pra,Standard,9.5,0,https://static.prizepicks.com/images/players/NBA/Ausar_Thompson_NBA_player_7Obr7GoiKRNtF8Nj1LYUn3gX.webp,,,,,OK,0,114.1,89.7,41.1,34.6,12.3,25.1,15.0,55.1,28.8,57.6,11,4,4,20,11,26,14,14,25,12,12.903225806451612,11,Above Avg,4684742,nba1h_db,11.0,11.0,8.0,7.0,,,,,,,9.25,9.25,9.25,2.0,2.0,0.0,0.5,0.5,0.5,0.5,0.5,OK,,OK,4.0,2.0,2.0,0.0,0.5,0.5
203944,11056490,11056490,216423,140695,2026-04-02T19:00:00.000-04:00,,,Julius Randle,F-C,MIN,DET,9.5,Points,pts,Standard,9.5,0,https://static.prizepicks.com/images/players/NBA/Julius_Randle_NBA_player_wdsPCeOajEY6c6aD3jSNasmp.webp,,,,,OK,0,109.6,85.2,37.8,36.4,12.6,27.3,17.0,48.8,25.2,50.39999999999999,3,7,12,2,1,4,3,3,30,1,5.21505376344086,2,Elite,3064514,nba1h_db,14.0,7.0,6.0,2.0,7.0,4.0,3.0,,,,7.2,6.143,6.143,1.0,4.0,0.0,0.2,0.2,0.8,0.143,0.857,OK,,OK,5.0,1.0,4.0,0.0,0.2,0.8
1629675,11056497,11056497,56962,140695,2026-04-02T19:00:00.000-04:00,,,Naz Reid,C-F,MIN,DET,9.5,Pts+Rebs+Asts,pra,Standard,9.5,0,https://static.prizepicks.com/images/players/NBA/Naz_Reid_NBA_player_aXWF5rxMP0McOCw8Jq9XpFvp.webp,,,,,OK,0,109.6,85.2,37.8,36.4,12.6,27.3,17.0,48.8,25.2,50.39999999999999,3,7,12,2,1,4,3,3,30,1,5.21505376344086,2,Elite,4396971,insufficient_1h_history,6.0,,,,,,,,,,6.0,6.0,6.0,0.0,1.0,0.0,0.0,0.0,1.0,0.0,1.0,INSUFFICIENT_GAMES,,OK,1.0,0.0,1.0,0.0,0.0,1.0
1642450,11056475,11056475,279583,140695,2026-04-02T19:00:00.000-04:00,,,Daniss Jenkins,G,DET,MIN,8.5,Points,pts,Standard,8.5,0,https://static.prizepicks.com/images/players/NBA/Daniss_Jenkins_NBA_player_gomI5shGs9qQrrpbBB8lXZ43.webp,,,,,OK,0,114.1,89.7,41.1,34.6,12.3,25.1,15.0,55.1,28.8,57.6,11,4,4,20,11,26,14,14,25,12,12.903225806451612,11,Above Avg,5107199,nba1h_db,9.0,8.0,2.0,11.0,5.0,15.0,8.0,,,,7.0,8.286,8.286,2.0,3.0,0.0,0.4,0.4,0.6,0.429,0.571,OK,,OK,5.0,2.0,3.0,0.0,0.4,0.6
1628978,11056479,11056479,216659,140695,2026-04-02T19:00:00.000-04:00,,,Donte DiVincenzo,G,MIN,DET,8.5,Pts+Rebs+Asts,pra,Standard,8.5,0,https://static.prizepicks.com/images/players/NBA/Donte_DiVincenzo_NBA_player_yXBAHP7fATIDud1ZbDMnkxXH.webp,,,,,OK,0,109.6,85.2,37.8,36.4,12.6,27.3,17.0,48.8,25.2,50.39999999999999,3,7,12,2,1,4,3,3,30,1,5.21505376344086,2,Elite,3934673,nba1h_db,12.0,15.0,,,,,,,,,13.5,13.5,13.5,2.0,0.0,0.0,1.0,1.0,0.0,1.0,0.0,OK,,OK,2.0,2.0,0.0,0.0,1.0,0.0
1629130,11056615,11056615,272051,140695,2026-04-02T19:00:00.000-04:00,,,Duncan Robinson,F,DET,MIN,8.5,Pts+Rebs+Asts,pra,Standard,8.5,0,https://static.prizepicks.com/images/players/NBA/Duncan_Robinson_NBA_player_xpPTHBlF6nW6owrrx6sg4Hes.webp,,,,,OK,0,114.1,89.7,41.1,34.6,12.3,25.1,15.0,55.1,28.8,57.6,11,4,4,20,11,26,14,14,25,12,12.903225806451612,11,Above Avg,3157465,nba1h_db,11.0,10.0,11.0,13.0,,,,,,,11.25,11.25,11.25,4.0,0.0,0.0,1.0,1.0,0.0,1.0,0.0,OK,,OK,4.0,4.0,0.0,0.0,1.0,0.0
1630245,11056470,11056470,299534,140695,2026-04-02T19:00:00.000-04:00,,,Ayo Dosunmu,G,MIN,DET,7.5,Points,pts,Standard,7.5,0,https://static.prizepicks.com/images/manual/Ayo DosunmuMIN.png,,,,,OK,0,109.6,85.2,37.8,36.4,12.6,27.3,17.0,48.8,25.2,50.39999999999999,3,7,12,2,1,4,3,3,30,1,5.21505376344086,2,Elite,4397002,nba1h_db,9.0,10.0,5.0,5.0,4.0,,,,,,6.6,6.6,6.6,2.0,3.0,0.0,0.4,0.4,0.6,0.4,0.6,OK,,OK,5.0,2.0,3.0,0.0,0.4,0.6
202699,11056505,11056505,216581,140695,2026-04-02T19:00:00.000-04:00,,,Tobias Harris,F,DET,MIN,6.5,Points,pts,Standard,6.5,0,https://static.prizepicks.com/images/players/NBA/Tobias_Harris_NBA_player_tGwMomg94AAFiXYjH5vFThKq.webp,,,,,OK,0,114.1,89.7,41.1,34.6,12.3,25.1,15.0,55.1,28.8,57.6,11,4,4,20,11,26,14,14,25,12,12.903225806451612,11,Above Avg,6440,nba1h_db,6.0,11.0,7.0,8.0,6.0,9.0,,,,,7.6,7.833,7.833,3.0,2.0,0.0,0.6,0.6,0.4,0.667,0.333,OK,,OK,5.0,3.0,2.0,0.0,0.6,0.4
1629130,11056482,11056482,272051,140695,2026-04-02T19:00:00.000-04:00,,,Duncan Robinson,F,DET,MIN,5.5,Points,pts,Standard,5.5,0,https://static.prizepicks.com/images/players/NBA/Duncan_Robinson_NBA_player_xpPTHBlF6nW6owrrx6sg4Hes.webp,,,,,OK,0,114.1,89.7,41.1,34.6,12.3,25.1,15.0,55.1,28.8,57.6,11,4,4,20,11,26,14,14,25,12,12.903225806451612,11,Above Avg,3157465,nba1h_db,8.0,7.0,9.0,6.0,11.0,,,,,,8.2,8.2,8.2,5.0,0.0,0.0,1.0,1.0,0.0,1.0,0.0,OK,,OK,5.0,5.0,0.0,0.0,1.0,0.0
1629675,11056495,11056495,56962,140695,2026-04-02T19:00:00.000-04:00,,,Naz Reid,C-F,MIN,DET,5.5,Points,pts,Standard,5.5,0,https://static.prizepicks.com/images/players/NBA/Naz_Reid_NBA_player_aXWF5rxMP0McOCw8Jq9XpFvp.webp,,,,,OK,0,109.6,85.2,37.8,36.4,12.6,27.3,17.0,48.8,25.2,50.39999999999999,3,7,12,2,1,4,3,3,30,1,5.21505376344086,2,Elite,4396971,nba1h_db,5.0,2.0,9.0,3.0,2.0,,,,,,4.2,4.2,4.2,1.0,4.0,0.0,0.2,0.2,0.8,0.2,0.8,OK,,OK,5.0,1.0,4.0,0.0,0.2,0.8
203497,11056500,11056500,87388,140695,2026-04-02T19:00:00.000-04:00,,,Rudy Gobert,C,MIN,DET,5.5,Points,pts,Standard,5.5,0,https://static.prizepicks.com/images/players/NBA/Rudy_Gobert_NBA_player_2ozGrrcD59T4wVpCbCelKQUm.webp,,,,,OK,0,109.6,85.2,37.8,36.4,12.6,27.3,17.0,48.8,25.2,50.39999999999999,3,7,12,2,1,4,3,3,30,1,5.21505376344086,2,Elite,3032976,nba1h_db,8.0,10.0,8.0,5.0,11.0,3.0,,,,,8.4,7.5,7.5,4.0,1.0,0.0,0.8,0.8,0.2,0.667,0.333,OK,,OK,5.0,4.0,1.0,0.0,0.8,0.2
1628978,11056688,11056688,216659,140695,2026-04-02T19:00:00.000-04:00,,,Donte DiVincenzo,G,MIN,DET,5.5,Points,pts,Standard,5.5,0,https://static.prizepicks.com/images/players/NBA/Donte_DiVincenzo_NBA_player_yXBAHP7fATIDud1ZbDMnkxXH.webp,,,,,OK,0,109.6,85.2,37.8,36.4,12.6,27.3,17.0,48.8,25.2,50.39999999999999,3,7,12,2,1,4,3,3,30,1,5.21505376344086,2,Elite,3934673,nba1h_db,6.0,10.0,6.0,8.0,8.0,12.0,11.0,,,,7.6,8.714,8.714,5.0,0.0,0.0,1.0,1.0,0.0,1.0,0.0,OK,,OK,5.0,5.0,0.0,0.0,1.0,0.0
1641709,11056465,11056465,173790,140695,2026-04-02T19:00:00.000-04:00,,,Ausar Thompson,G-F,DET,MIN,4.5,Points,pts,Standard,4.5,0,https://static.prizepicks.com/images/players/NBA/Ausar_Thompson_NBA_player_7Obr7GoiKRNtF8Nj1LYUn3gX.webp,,,,,OK,0,114.1,89.7,41.1,34.6,12.3,25.1,15.0,55.1,28.8,57.6,11,4,4,20,11,26,14,14,25,12,12.903225806451612,11,Above Avg,4684742,nba1h_db,3.0,6.0,8.0,4.0,2.0,,,,,,4.6,4.6,4.6,2.0,3.0,0.0,0.4,0.4,0.6,0.4,0.6,OK,,OK,5.0,2.0,3.0,0.0,0.4,0.6
1626164,11065494,11065494,55176,140696,2026-04-02T19:00:00.000-04:00,,,Devin Booker,G,PHX,CHA,20.0,Fantasy Score,fantasy,Standard,20.0,0,https://static.prizepicks.com/images/players/NBA/Devin_Booker_NBA_player_hFxfQ4HSfTF5eG5yhA81zf4O.webp,,,,,OK,0,111.4,87.8,41.0,35.6,12.7,20.8,12.6,52.2,28.3,56.6,8,8,8,9,9,16,12,12,1,28,8.365591397849462,7,Elite,3136193,insufficient_1h_history,,,,,,,,,,,,,,,,,,,,,,NO_DATA,,MISSING_STAT_VALUES,,,,,,
1630163,11065502,11065502,55027,140696,2026-04-02T19:00:00.000-04:00,,,LaMelo Ball,G,CHA,PHX,18.5,Fantasy Score,fantasy,Standard,18.5,0,https://static.prizepicks.com/images/players/NBA/LaMelo_Ball_NBA_player_vSSpDQXCeqiNwRWls7uAuty.webp,,,,,OK,0,111.1,85.2,40.1,34.8,12.1,24.0,16.4,50.400000000000006,28.0,56.0,6,3,5,2,5,8,10,10,18,3,6.709677419354838,4,Elite,4432816,insufficient_1h_history,,,,,,,,,,,,,,,,,,,,,,NO_DATA,,MISSING_STAT_VALUES,,,,,,
1626164,11050789,11050789,55176,140696,2026-04-02T19:00:00.000-04:00,,,Devin Booker,G,PHX,CHA,17.5,Pts+Rebs+Asts,pra,Standard,17.5,0,https://static.prizepicks.com/images/players/NBA/Devin_Booker_NBA_player_hFxfQ4HSfTF5eG5yhA81zf4O.webp,,,,,OK,0,111.4,87.8,41.0,35.6,12.7,20.8,12.6,52.2,28.3,56.6,8,8,8,9,9,16,12,12,1,28,8.365591397849462,7,Elite,3136193,nba1h_db,18.0,29.0,20.0,16.0,12.0,,,,,,19.0,19.0,19.0,3.0,2.0,0.0,0.6,0.6,0.4,0.6,0.4,OK,,OK,5.0,3.0,2.0,0.0,0.6,0.4
1641706,11065488,11065488,174281,140696,2026-04-02T19:00:00.000-04:00,,,Brandon Miller,F,CHA,PHX,17.0,Fantasy Score,fantasy,Standard,17.0,0,https://static.prizepicks.com/images/players/NBA/Brandon_Miller_NBA_player_9WQeuljz80xiUpTgVMGct8zK.webp,,,,,OK,0,111.1,85.2,40.1,34.8,12.1,24.0,16.4,50.400000000000006,28.0,56.0,6,3,5,2,5,8,10,10,18,3,6.709677419354838,4,Elite,4433287,insufficient_1h_history,,,,,,,,,,,,,,,,,,,,,,NO_DATA,,MISSING_STAT_VALUES,,,,,,
1630163,11050804,11050804,55027,140696,2026-04-02T19:00:00.000-04:00,,,LaMelo Ball,G,CHA,PHX,15.5,Pts+Rebs+Asts,pra,Standard,15.5,0,https://static.prizepicks.com/images/players/NBA/LaMelo_Ball_NBA_player_vSSpDQXCeqiNwRWls7uAuty.webp,,,,,OK,0,111.1,85.2,40.1,34.8,12.1,24.0,16.4,50.400000000000006,28.0,56.0,6,3,5,2,5,8,10,10,18,3,6.709677419354838,4,Elite,4432816,nba1h_db,19.0,10.0,15.0,18.0,23.0,17.0,23.0,16.0,11.0,,17.0,16.889,16.889,3.0,2.0,0.0,0.6,0.6,0.4,0.667,0.333,OK,,OK,5.0,3.0,2.0,0.0,0.6,0.4
1641706,11050774,11050774,174281,140696,2026-04-02T19:00:00.000-04:00,,,Brandon Miller,F,CHA,PHX,14.5,Pts+Rebs+Asts,pra,Standard,14.5,0,https://static.prizepicks.com/images/players/NBA/Brandon_Miller_NBA_player_9WQeuljz80xiUpTgVMGct8zK.webp,,,,,OK,0,111.1,85.2,40.1,34.8,12.1,24.0,16.4,50.400000000000006,28.0,56.0,6,3,5,2,5,8,10,10,18,3,6.709677419354838,4,Elite,4433287,nba1h_db,21.0,13.0,19.0,14.0,17.0,21.0,11.0,,,,16.8,16.571,16.571,3.0,2.0,0.0,0.6,0.6,0.4,0.571,0.429,OK,,OK,5.0,3.0,2.0,0.0,0.6,0.4
1642851,11065500,11065500,271907,140696,2026-04-02T19:00:00.000-04:00,,,Kon Knueppel,G-F,CHA,PHX,14.5,Fantasy Score,fantasy,Standard,14.5,0,https://static.prizepicks.com/images/manual/Kon_Knueppel.png,,,,,OK,0,111.1,85.2,40.1,34.8,12.1,24.0,16.4,50.400000000000006,28.0,56.0,6,3,5,2,5,8,10,10,18,3,6.709677419354838,4,Elite,5061575,insufficient_1h_history,,,,,,,,,,,,,,,,,,,,,,NO_DATA,,MISSING_STAT_VALUES,,,,,,
1626164,11050787,11050787,55176,140696,2026-04-02T19:00:00.000-04:00,,,Devin Booker,G,PHX,CHA,13.5,Points,pts,Standard,13.5,0,https://static.prizepicks.com/images/players/NBA/Devin_Booker_NBA_player_hFxfQ4HSfTF5eG5yhA81zf4O.webp,,,,,OK,0,111.4,87.8,41.0,35.6,12.7,20.8,12.6,52.2,28.3,56.6,8,8,8,9,9,16,12,12,1,28,8.365591397849462,7,Elite,3136193,nba1h_db,14.0,23.0,14.0,6.0,11.0,5.0,7.0,,,,13.6,11.429,11.429,3.0,2.0,0.0,0.6,0.6,0.4,0.429,0.571,OK,,OK,5.0,3.0,2.0,0.0,0.6,0.4
1630224,11065499,11065499,274094,140696,2026-04-02T19:00:00.000-04:00,,,Jalen Green,G,PHX,CHA,13.0,Fantasy Score,fantasy,Standard,13.0,0,https://static.prizepicks.com/images/players/NBA/Jalen_Green_NBA_player_dgDzs8capbSfm3XqiXDKFCSw.webp,,,,,OK,0,111.4,87.8,41.0,35.6,12.7,20.8,12.6,52.2,28.3,56.6,8,8,8,9,9,16,12,12,1,28,8.365591397849462,7,Elite,4437244,insufficient_1h_history,,,,,,,,,,,,,,,,,,,,,,NO_DATA,,MISSING_STAT_VALUES,,,,,,
1631217,11065504,11065504,227549,140696,2026-04-02T19:00:00.000-04:00,,,Moussa Diabaté,F,CHA,PHX,13.0,Fantasy Score,fantasy,Standard,13.0,0,https://static.prizepicks.com/images/players/NBA/Moussa_Diabate_NBA_player_PX12w9abd1Sn5rkkzKRFcYOJ.webp,,,,,OK,0,111.1,85.2,40.1,34.8,12.1,24.0,16.4,50.400000000000006,28.0,56.0,6,3,5,2,5,8,10,10,18,3,6.709677419354838,4,Elite,4433249,insufficient_1h_history,,,,,,,,,,,,,,,,,,,,,,NO_DATA,,MISSING_STAT_VALUES,,,,,,
1642851,11050799,11050799,271907,140696,2026-04-02T19:00:00.000-04:00,,,Kon Knueppel,G-F,CHA,PHX,12.5,Pts+Rebs+Asts,pra,Standard,12.5,0,https://static.prizepicks.com/images/manual/Kon_Knueppel.png,,,,,OK,0,111.1,85.2,40.1,34.8,12.1,24.0,16.4,50.400000000000006,28.0,56.0,6,3,5,2,5,8,10,10,18,3,6.709677419354838,4,Elite,5061575,nba1h_db,11.0,15.0,20.0,9.0,7.0,23.0,,,,,12.4,14.167,14.167,2.0,3.0,0.0,0.4,0.4,0.6,0.5,0.5,OK,,OK,5.0,2.0,3.0,0.0,0.4,0.6
1629632,11065490,11065490,302624,140696,2026-04-02T19:00:00.000-04:00,,,Coby White,G,CHA,PHX,12.0,Fantasy Score,fantasy,Standard,12.0,0,https://static.prizepicks.com/images/manual/coby_white.png,,,,,OK,0,111.1,85.2,40.1,34.8,12.1,24.0,16.4,50.400000000000006,28.0,56.0,6,3,5,2,5,8,10,10,18,3,6.709677419354838,4,Elite,4395651,insufficient_1h_history,,,,,,,,,,,,,,,,,,,,,,NO_DATA,,MISSING_STAT_VALUES,,,,,,
1628970,11065503,11065503,55032,140696,2026-04-02T19:00:00.000-04:00,,,Miles Bridges,F,CHA,PHX,12.0,Fantasy Score,fantasy,Standard,12.0,0,https://static.prizepicks.com/images/players/NBA/Miles_Bridges_NBA_player_fauJ9jwCuF1qkviRJLIaP9Pl.webp,,,,,OK,0,111.1,85.2,40.1,34.8,12.1,24.0,16.4,50.400000000000006,28.0,56.0,6,3,5,2,5,8,10,10,18,3,6.709677419354838,4,Elite,4066383,insufficient_1h_history,,,,,,,,,,,,,,,,,,,,,,NO_DATA,,MISSING_STAT_VALUES,,,,,,
1630224,11057609,11057609,274094,140696,2026-04-02T19:00:00.000-04:00,,,Jalen Green,G,PHX,CHA,11.5,Pts+Rebs+Asts,pra,Standard,11.5,0,https://static.prizepicks.com/images/players/NBA/Jalen_Green_NBA_player_dgDzs8capbSfm3XqiXDKFCSw.webp,,,,,OK,0,111.4,87.8,41.0,35.6,12.7,20.8,12.6,52.2,28.3,56.6,8,8,8,9,9,16,12,12,1,28,8.365591397849462,7,Elite,4437244,nba1h_db,9.0,24.0,26.0,21.0,16.0,10.0,12.0,10.0,,,19.2,16.0,16.0,4.0,1.0,0.0,0.8,0.8,0.2,0.625,0.375,OK,,OK,5.0,4.0,1.0,0.0,0.8,0.2
1631221,11065492,11065492,233632,140696,2026-04-02T19:00:00.000-04:00,,,Collin Gillespie,G,PHX,CHA,11.5,Fantasy Score,fantasy,Standard,11.5,0,https://static.prizepicks.com/images/players/NBA/Collin_Gillespie_NBA_player_eBBN9xn1WET1RpK0ZIDTCG1a.webp,,,,,OK,0,111.4,87.8,41.0,35.6,12.7,20.8,12.6,52.2,28.3,56.6,8,8,8,9,9,16,12,12,1,28,8.365591397849462,7,Elite,4278585,insufficient_1h_history,,,,,,,,,,,,,,,,,,,,,,NO_DATA,,MISSING_STAT_VALUES,,,,,,
1628415,11065497,11065497,271996,140696,2026-04-02T19:00:00.000-04:00,,,Dillon Brooks,G-F,PHX,CHA,11.0,Fantasy Score,fantasy,Standard,11.0,0,https://static.prizepicks.com/images/players/NBA/Dillon_Brooks_NBA_player_doYyaSQoRd6hmm42xjHs1oP.webp,,,,,OK,0,111.4,87.8,41.0,35.6,12.7,20.8,12.6,52.2,28.3,56.6,8,8,8,9,9,16,12,12,1,28,8.365591397849462,7,Elite,3155526,insufficient_1h_history,,,,,,,,,,,,,,,,,,,,,,NO_DATA,,MISSING_STAT_VALUES,,,,,,
1629632,11050779,11050779,302624,140696,2026-04-02T19:00:00.000-04:00,,,Coby White,G,CHA,PHX,10.5,Pts+Rebs+Asts,pra,Standard,10.5,0,https://static.prizepicks.com/images/manual/coby_white.png,,,,,OK,0,111.1,85.2,40.1,34.8,12.1,24.0,16.4,50.400000000000006,28.0,56.0,6,3,5,2,5,8,10,10,18,3,6.709677419354838,4,Elite,4395651,nba1h_db,6.0,17.0,14.0,10.0,5.0,13.0,,,,,10.4,10.833,10.833,2.0,3.0,0.0,0.4,0.4,0.6,0.5,0.5,OK,,OK,5.0,2.0,3.0,0.0,0.4,0.6
1628970,11050809,11050809,55032,140696,2026-04-02T19:00:00.000-04:00,,,Miles Bridges,F,CHA,PHX,10.5,Pts+Rebs+Asts,pra,Standard,10.5,0,https://static.prizepicks.com/images/players/NBA/Miles_Bridges_NBA_player_fauJ9jwCuF1qkviRJLIaP9Pl.webp,,,,,OK,0,111.1,85.2,40.1,34.8,12.1,24.0,16.4,50.400000000000006,28.0,56.0,6,3,5,2,5,8,10,10,18,3,6.709677419354838,4,Elite,4066383,nba1h_db,12.0,12.0,10.0,18.0,9.0,7.0,,,,,12.2,11.333,11.333,3.0,2.0,0.0,0.6,0.6,0.4,0.5,0.5,OK,,OK,5.0,3.0,2.0,0.0,0.6,0.4
1630163,11050802,11050802,55027,140696,2026-04-02T19:00:00.000-04:00,,,LaMelo Ball,G,CHA,PHX,10.0,Points,pts,Standard,10.0,0,https://static.prizepicks.com/images/players/NBA/LaMelo_Ball_NBA_player_vSSpDQXCeqiNwRWls7uAuty.webp,,,,,OK,0,111.1,85.2,40.1,34.8,12.1,24.0,16.4,50.400000000000006,28.0,56.0,6,3,5,2,5,8,10,10,18,3,6.709677419354838,4,Elite,4432816,nba1h_db,9.0,7.0,10.0,12.0,14.0,12.0,14.0,8.0,5.0,,10.4,10.111,10.111,2.0,2.0,1.0,0.4,0.5,0.5,0.5,0.5,OK,,OK,5.0,2.0,2.0,1.0,0.4,0.4
1626220,11065505,11065505,189575,140696,2026-04-02T19:00:00.000-04:00,,,Royce O'Neale,F,PHX,CHA,10.0,Fantasy Score,fantasy,Standard,10.0,0,https://static.prizepicks.com/images/players/NBA/Royce_O'Neale_NBA_player_POlpCzduuIi15awCHudUOmmp.webp,,,,,OK,0,111.4,87.8,41.0,35.6,12.7,20.8,12.6,52.2,28.3,56.6,8,8,8,9,9,16,12,12,1,28,8.365591397849462,7,Elite,2583632,insufficient_1h_history,,,,,,,,,,,,,,,,,,,,,,NO_DATA,,MISSING_STAT_VALUES,,,,,,
1641706,11050772,11050772,174281,140696,2026-04-02T19:00:00.000-04:00,,,Brandon Miller,F,CHA,PHX,9.5,Points,pts,Standard,9.5,0,https://static.prizepicks.com/images/players/NBA/Brandon_Miller_NBA_player_9WQeuljz80xiUpTgVMGct8zK.webp,,,,,OK,0,111.1,85.2,40.1,34.8,12.1,24.0,16.4,50.400000000000006,28.0,56.0,6,3,5,2,5,8,10,10,18,3,6.709677419354838,4,Elite,4433287,nba1h_db,18.0,7.0,18.0,13.0,7.0,15.0,14.0,11.0,8.0,,12.6,12.333,12.333,3.0,2.0,0.0,0.6,0.6,0.4,0.667,0.333,OK,,OK,5.0,3.0,2.0,0.0,0.6,0.4
1631221,11050784,11050784,233632,140696,2026-04-02T19:00:00.000-04:00,,,Collin Gillespie,G,PHX,CHA,9.5,Pts+Rebs+Asts,pra,Standard,9.5,0,https://static.prizepicks.com/images/players/NBA/Collin_Gillespie_NBA_player_eBBN9xn1WET1RpK0ZIDTCG1a.webp,,,,,OK,0,111.4,87.8,41.0,35.6,12.7,20.8,12.6,52.2,28.3,56.6,8,8,8,9,9,16,12,12,1,28,8.365591397849462,7,Elite,4278585,nba1h_db,10.0,14.0,12.0,11.0,12.0,8.0,,,,,11.8,11.167,11.167,5.0,0.0,0.0,1.0,1.0,0.0,0.833,0.167,OK,,OK,5.0,5.0,0.0,0.0,1.0,0.0
1628415,11050794,11050794,271996,140696,2026-04-02T19:00:00.000-04:00,,,Dillon Brooks,G-F,PHX,CHA,9.5,Pts+Rebs+Asts,pra,Standard,9.5,0,https://static.prizepicks.com/images/players/NBA/Dillon_Brooks_NBA_player_doYyaSQoRd6hmm42xjHs1oP.webp,,,,,OK,0,111.4,87.8,41.0,35.6,12.7,20.8,12.6,52.2,28.3,56.6,8,8,8,9,9,16,12,12,1,28,8.365591397849462,7,Elite,3155526,insufficient_1h_history,,,,,,,,,,,,,,,,,,,,,,NO_DATA,,MISSING_STAT_VALUES,,,,,,
1631217,11050811,11050811,227549,140696,2026-04-02T19:00:00.000-04:00,,,Moussa Diabaté,F,CHA,PHX,9.5,Pts+Rebs+Asts,pra,Standard,9.5,0,https://static.prizepicks.com/images/players/NBA/Moussa_Diabate_NBA_player_PX12w9abd1Sn5rkkzKRFcYOJ.webp,,,,,OK,0,111.1,85.2,40.1,34.8,12.1,24.0,16.4,50.400000000000006,28.0,56.0,6,3,5,2,5,8,10,10,18,3,6.709677419354838,4,Elite,4433249,insufficient_1h_history,,,,,,,,,,,,,,,,,,,,,,NO_DATA,,MISSING_STAT_VALUES,,,,,,
1642851,11050797,11050797,271907,140696,2026-04-02T19:00:00.000-04:00,,,Kon Knueppel,G-F,CHA,PHX,8.5,Points,pts,Standard,8.5,0,https://static.prizepicks.com/images/manual/Kon_Knueppel.png,,,,,OK,0,111.1,85.2,40.1,34.8,12.1,24.0,16.4,50.400000000000006,28.0,56.0,6,3,5,2,5,8,10,10,18,3,6.709677419354838,4,Elite,5061575,nba1h_db,4.0,9.0,8.0,11.0,5.0,3.0,15.0,9.0,17.0,,7.4,9.0,9.0,2.0,3.0,0.0,0.4,0.4,0.6,0.556,0.444,OK,,OK,5.0,2.0,3.0,0.0,0.4,0.6
1630224,11057607,11057607,274094,140696,2026-04-02T19:00:00.000-04:00,,,Jalen Green,G,PHX,CHA,8.5,Points,pts,Standard,8.5,0,https://static.prizepicks.com/images/players/NBA/Jalen_Green_NBA_player_dgDzs8capbSfm3XqiXDKFCSw.webp,,,,,OK,0,111.4,87.8,41.0,35.6,12.7,20.8,12.6,52.2,28.3,56.6,8,8,8,9,9,16,12,12,1,28,8.365591397849462,7,Elite,4437244,nba1h_db,6.0,19.0,20.0,14.0,10.0,15.0,7.0,9.0,6.0,,13.8,11.778,11.778,4.0,1.0,0.0,0.8,0.8,0.2,0.667,0.333,OK,,OK,5.0,4.0,1.0,0.0,0.8,0.2
1629632,11050777,11050777,302624,140696,2026-04-02T19:00:00.000-04:00,,,Coby White,G,CHA,PHX,7.5,Points,pts,Standard,7.5,0,https://static.prizepicks.com/images/manual/coby_white.png,,,,,OK,0,111.1,85.2,40.1,34.8,12.1,24.0,16.4,50.400000000000006,28.0,56.0,6,3,5,2,5,8,10,10,18,3,6.709677419354838,4,Elite,4395651,nba1h_db,2.0,7.0,11.0,12.0,17.0,3.0,1.0,8.0,,,9.8,7.625,7.625,3.0,2.0,0.0,0.6,0.6,0.4,0.5,0.5,OK,,OK,5.0,3.0,2.0,0.0,0.6,0.4
1628415,11050792,11050792,271996,140696,2026-04-02T19:00:00.000-04:00,,,Dillon Brooks,G-F,PHX,CHA,7.5,Points,pts,Standard,7.5,0,https://static.prizepicks.com/images/players/NBA/Dillon_Brooks_NBA_player_doYyaSQoRd6hmm42xjHs1oP.webp,,,,,OK,0,111.4,87.8,41.0,35.6,12.7,20.8,12.6,52.2,28.3,56.6,8,8,8,9,9,16,12,12,1,28,8.365591397849462,7,Elite,3155526,nba1h_db,2.0,11.0,,,,,,,,,6.5,6.5,6.5,1.0,1.0,0.0,0.5,0.5,0.5,0.5,0.5,OK,,OK,2.0,1.0,1.0,0.0,0.5,0.5
1626220,11059090,11059090,189575,140696,2026-04-02T19:00:00.000-04:00,,,Royce O'Neale,F,PHX,CHA,7.5,Pts+Rebs+Asts,pra,Standard,7.5,0,https://static.prizepicks.com/images/players/NBA/Royce_O'Neale_NBA_player_POlpCzduuIi15awCHudUOmmp.webp,,,,,OK,0,111.4,87.8,41.0,35.6,12.7,20.8,12.6,52.2,28.3,56.6,8,8,8,9,9,16,12,12,1,28,8.365591397849462,7,Elite,2583632,nba1h_db,14.0,9.0,11.0,10.0,8.0,10.0,,,,,10.4,10.333,10.333,5.0,0.0,0.0,1.0,1.0,0.0,1.0,0.0,OK,,OK,5.0,5.0,0.0,0.0,1.0,0.0
1628970,11050807,11050807,55032,140696,2026-04-02T19:00:00.000-04:00,,,Miles Bridges,F,CHA,PHX,6.5,Points,pts,Standard,6.5,0,https://static.prizepicks.com/images/players/NBA/Miles_Bridges_NBA_player_fauJ9jwCuF1qkviRJLIaP9Pl.webp,,,,,OK,0,111.1,85.2,40.1,34.8,12.1,24.0,16.4,50.400000000000006,28.0,56.0,6,3,5,2,5,8,10,10,18,3,6.709677419354838,4,Elite,4066383,nba1h_db,10.0,10.0,6.0,13.0,2.0,4.0,5.0,10.0,11.0,,8.2,7.889,7.889,3.0,2.0,0.0,0.6,0.6,0.4,0.556,0.444,OK,,OK,5.0,3.0,2.0,0.0,0.6,0.4
1631221,11050782,11050782,233632,140696,2026-04-02T19:00:00.000-04:00,,,Collin Gillespie,G,PHX,CHA,5.5,Points,pts,Standard,5.5,0,https://static.prizepicks.com/images/players/NBA/Collin_Gillespie_NBA_player_eBBN9xn1WET1RpK0ZIDTCG1a.webp,,,,,OK,0,111.4,87.8,41.0,35.6,12.7,20.8,12.6,52.2,28.3,56.6,8,8,8,9,9,16,12,12,1,28,8.365591397849462,7,Elite,4278585,nba1h_db,7.0,10.0,11.0,8.0,8.0,8.0,3.0,,,,8.8,7.857,7.857,5.0,0.0,0.0,1.0,1.0,0.0,0.857,0.143,OK,,OK,5.0,5.0,0.0,0.0,1.0,0.0
1631217,11056721,11056721,227549,140696,2026-04-02T19:00:00.000-04:00,,,Moussa Diabaté,F,CHA,PHX,4.5,Points,pts,Standard,4.5,0,https://static.prizepicks.com/images/players/NBA/Moussa_Diabate_NBA_player_PX12w9abd1Sn5rkkzKRFcYOJ.webp,,,,,OK,0,111.1,85.2,40.1,34.8,12.1,24.0,16.4,50.400000000000006,28.0,56.0,6,3,5,2,5,8,10,10,18,3,6.709677419354838,4,Elite,4433249,insufficient_1h_history,,,,,,,,,,,,,,,,,,,,,,NO_DATA,,MISSING_STAT_VALUES,,,,,,
1626220,11057615,11057615,189575,140696,2026-04-02T19:00:00.000-04:00,,,Royce O'Neale,F,PHX,CHA,3.5,Points,pts,Standard,3.5,0,https://static.prizepicks.com/images/players/NBA/Royce_O'Neale_NBA_player_POlpCzduuIi15awCHudUOmmp.webp,,,,,OK,0,111.4,87.8,41.0,35.6,12.7,20.8,12.6,52.2,28.3,56.6,8,8,8,9,9,16,12,12,1,28,8.365591397849462,7,Elite,2583632,nba1h_db,8.0,6.0,6.0,6.0,6.0,9.0,5.0,,,,6.4,6.571,6.571,5.0,0.0,0.0,1.0,1.0,0.0,1.0,0.0,OK,,OK,5.0,5.0,0.0,0.0,1.0,0.0
1629029,11065821,11065821,227711,140941,2026-04-02T21:30:00.000-04:00,,,Luka Dončić,F-G,LAL,OKC,27.5,Fantasy Score,fantasy,Standard,27.5,0,https://static.prizepicks.com/images/players/NBA/Luka_Doncic_NBA_player_fKmR8FlizWoOkrLzqVJDKre3.webp,,,,,OK,0,107.6,88.4,38.4,39.2,14.4,22.1,16.8,49.2,24.0,48.0,2,28,25,13,3,5,1,1,9,2,6.634408602150537,3,Elite,3945274,insufficient_1h_history,,,,,,,,,,,,,,,,,,,,,,NO_DATA,,MISSING_STAT_VALUES,,,,,,
1628983,11065822,11065822,55157,140941,2026-04-02T21:30:00.000-04:00,,,Shai Gilgeous-Alexander,G,OKC,LAL,24.5,Fantasy Score,fantasy,Standard,24.5,0,https://static.prizepicks.com/images/players/NBA/Shai_Gilgeous-Alexander_NBA_player_Fgv3OHn53kz4MotyRUNiIyPx.webp,,,,,OK,0,114.7,88.0,42.5,36.4,12.8,21.2,14.6,51.6,29.7,59.4,12,11,12,11,20,12,24,24,3,14,14.666666666666666,14,Above Avg,4278073,insufficient_1h_history,,,,,,,,,,,,,,,,,,,,,,NO_DATA,,MISSING_STAT_VALUES,,,,,,
1629029,11052095,11052095,227711,140941,2026-04-02T21:30:00.000-04:00,,,Luka Dončić,F-G,LAL,OKC,24.0,Pts+Rebs+Asts,pra,Standard,24.0,0,https://static.prizepicks.com/images/players/NBA/Luka_Doncic_NBA_player_fKmR8FlizWoOkrLzqVJDKre3.webp,,,,,OK,0,107.6,88.4,38.4,39.2,14.4,22.1,16.8,49.2,24.0,48.0,2,28,25,13,3,5,1,1,9,2,6.634408602150537,3,Elite,3945274,insufficient_1h_history,,,,,,,,,,,,,,,,,,,,,,NO_DATA,,MISSING_STAT_VALUES,,,,,,
1628983,11051891,11051891,55157,140941,2026-04-02T21:30:00.000-04:00,,,Shai Gilgeous-Alexander,G,OKC,LAL,20.5,Pts+Rebs+Asts,pra,Standard,20.5,0,https://static.prizepicks.com/images/players/NBA/Shai_Gilgeous-Alexander_NBA_player_Fgv3OHn53kz4MotyRUNiIyPx.webp,,,,,OK,0,114.7,88.0,42.5,36.4,12.8,21.2,14.6,51.6,29.7,59.4,12,11,12,11,20,12,24,24,3,14,14.666666666666666,14,Above Avg,4278073,nba1h_db,16.0,16.0,17.0,14.0,25.0,,,,,,17.6,17.6,17.6,1.0,4.0,0.0,0.2,0.2,0.8,0.2,0.8,OK,,OK,5.0,1.0,4.0,0.0,0.2,0.8
2544,11065818,11065818,54824,140941,2026-04-02T21:30:00.000-04:00,,,LeBron James,F,LAL,OKC,18.0,Fantasy Score,fantasy,Standard,18.0,0,https://static.prizepicks.com/images/players/NBA/LeBron_James_NBA_player_LItcyUXdmrL8VccUHVupA0OC.webp,,,,,OK,0,107.6,88.4,38.4,39.2,14.4,22.1,16.8,49.2,24.0,48.0,2,28,25,13,3,5,1,1,9,2,6.634408602150537,3,Elite,1966,insufficient_1h_history,,,,,,,,,,,,,,,,,,,,,,NO_DATA,,MISSING_STAT_VALUES,,,,,,
1630559,11065809,11065809,55935,140941,2026-04-02T21:30:00.000-04:00,,,Austin Reaves,G,LAL,OKC,17.0,Fantasy Score,fantasy,Standard,17.0,0,https://static.prizepicks.com/images/players/NBA/Austin_Reaves_NBA_player_dbtdqki4v3xim48StrN2BdAW.webp,,,,,OK,0,107.6,88.4,38.4,39.2,14.4,22.1,16.8,49.2,24.0,48.0,2,28,25,13,3,5,1,1,9,2,6.634408602150537,3,Elite,4066457,insufficient_1h_history,,,,,,,,,,,,,,,,,,,,,,NO_DATA,,MISSING_STAT_VALUES,,,,,,
1631096,11065813,11065813,173638,140941,2026-04-02T21:30:00.000-04:00,,,Chet Holmgren,C-F,OKC,LAL,17.0,Fantasy Score,fantasy,Standard,17.0,0,https://static.prizepicks.com/images/players/NBA/Chet_Holmgren_NBA_player_vJ4nqK6iuXIrNmp4iJ5ZwfEC.webp,,,,,OK,0,114.7,88.0,42.5,36.4,12.8,21.2,14.6,51.6,29.7,59.4,12,11,12,11,20,12,24,24,3,14,14.666666666666666,14,Above Avg,4433255,insufficient_1h_history,,,,,,,,,,,,,,,,,,,,,,NO_DATA,,MISSING_STAT_VALUES,,,,,,
1629029,11052093,11052093,227711,140941,2026-04-02T21:30:00.000-04:00,,,Luka Dončić,F-G,LAL,OKC,16.5,Points,pts,Standard,16.5,0,https://static.prizepicks.com/images/players/NBA/Luka_Doncic_NBA_player_fKmR8FlizWoOkrLzqVJDKre3.webp,,,,,OK,0,107.6,88.4,38.4,39.2,14.4,22.1,16.8,49.2,24.0,48.0,2,28,25,13,3,5,1,1,9,2,6.634408602150537,3,Elite,3945274,insufficient_1h_history,,,,,,,,,,,,,,,,,,,,,,NO_DATA,,MISSING_STAT_VALUES,,,,,,
1631114,11065817,11065817,92605,140941,2026-04-02T21:30:00.000-04:00,,,Jalen Williams,G-F,OKC,LAL,16.0,Fantasy Score,fantasy,Standard,16.0,0,https://static.prizepicks.com/images/players/NBA/Jalen_Williams_NBA_player_Gy76x01bCh1JQzfiqKe7Luxi.webp,,,,,OK,0,114.7,88.0,42.5,36.4,12.8,21.2,14.6,51.6,29.7,59.4,12,11,12,11,20,12,24,24,3,14,14.666666666666666,14,Above Avg,4593803,insufficient_1h_history,,,,,,,,,,,,,,,,,,,,,,NO_DATA,,MISSING_STAT_VALUES,,,,,,
1628983,11051889,11051889,55157,140941,2026-04-02T21:30:00.000-04:00,,,Shai Gilgeous-Alexander,G,OKC,LAL,15.5,Points,pts,Standard,15.5,0,https://static.prizepicks.com/images/players/NBA/Shai_Gilgeous-Alexander_NBA_player_Fgv3OHn53kz4MotyRUNiIyPx.webp,,,,,OK,0,114.7,88.0,42.5,36.4,12.8,21.2,14.6,51.6,29.7,59.4,12,11,12,11,20,12,24,24,3,14,14.666666666666666,14,Above Avg,4278073,nba1h_db,16.0,12.0,11.0,12.0,10.0,20.0,,,,,12.2,13.5,13.5,1.0,4.0,0.0,0.2,0.2,0.8,0.333,0.667,OK,,OK,5.0,1.0,4.0,0.0,0.2,0.8
1630559,11052326,11052326,55935,140941,2026-04-02T21:30:00.000-04:00,,,Austin Reaves,G,LAL,OKC,14.5,Pts+Rebs+Asts,pra,Standard,14.5,0,https://static.prizepicks.com/images/players/NBA/Austin_Reaves_NBA_player_dbtdqki4v3xim48StrN2BdAW.webp,,,,,OK,0,107.6,88.4,38.4,39.2,14.4,22.1,16.8,49.2,24.0,48.0,2,28,25,13,3,5,1,1,9,2,6.634408602150537,3,Elite,4066457,nba1h_db,11.0,22.0,11.0,19.0,13.0,14.0,,,,,15.2,15.0,15.0,2.0,3.0,0.0,0.4,0.4,0.6,0.333,0.667,OK,,OK,5.0,2.0,3.0,0.0,0.4,0.6
2544,11052340,11052340,54824,140941,2026-04-02T21:30:00.000-04:00,,,LeBron James,F,LAL,OKC,14.5,Pts+Rebs+Asts,pra,Standard,14.5,0,https://static.prizepicks.com/images/players/NBA/LeBron_James_NBA_player_LItcyUXdmrL8VccUHVupA0OC.webp,,,,,OK,0,107.6,88.4,38.4,39.2,14.4,22.1,16.8,49.2,24.0,48.0,2,28,25,13,3,5,1,1,9,2,6.634408602150537,3,Elite,1966,nba1h_db,16.0,24.0,15.0,27.0,9.0,9.0,18.0,17.0,,,18.2,16.875,16.875,4.0,1.0,0.0,0.8,0.8,0.2,0.75,0.25,OK,,OK,5.0,4.0,1.0,0.0,0.8,0.2
1631114,11051883,11051883,92605,140941,2026-04-02T21:30:00.000-04:00,,,Jalen Williams,G-F,OKC,LAL,14.0,Pts+Rebs+Asts,pra,Standard,14.0,0,https://static.prizepicks.com/images/players/NBA/Jalen_Williams_NBA_player_Gy76x01bCh1JQzfiqKe7Luxi.webp,,,,,OK,0,114.7,88.0,42.5,36.4,12.8,21.2,14.6,51.6,29.7,59.4,12,11,12,11,20,12,24,24,3,14,14.666666666666666,14,Above Avg,4593803,nba1h_db,20.0,5.0,14.0,,,,,,,,13.0,13.0,13.0,1.0,1.0,1.0,0.333,0.5,0.5,0.5,0.5,OK,,OK,3.0,1.0,1.0,1.0,0.3333333333333333,0.3333333333333333
1631096,11053177,11053177,173638,140941,2026-04-02T21:30:00.000-04:00,,,Chet Holmgren,C-F,OKC,LAL,13.5,Pts+Rebs+Asts,pra,Standard,13.5,0,https://static.prizepicks.com/images/players/NBA/Chet_Holmgren_NBA_player_vJ4nqK6iuXIrNmp4iJ5ZwfEC.webp,,,,,OK,0,114.7,88.0,42.5,36.4,12.8,21.2,14.6,51.6,29.7,59.4,12,11,12,11,20,12,24,24,3,14,14.666666666666666,14,Above Avg,4433255,nba1h_db,19.0,10.0,17.0,11.0,,,,,,,14.25,14.25,14.25,2.0,2.0,0.0,0.5,0.5,0.5,0.5,0.5,OK,,OK,4.0,2.0,2.0,0.0,0.5,0.5
1628392,11065816,11065816,220421,140941,2026-04-02T21:30:00.000-04:00,,,Isaiah Hartenstein,C-F,OKC,LAL,13.0,Fantasy Score,fantasy,Standard,13.0,0,https://static.prizepicks.com/images/players/NBA/Isaiah_Hartenstein_NBA_player_KJNoOLzSw1JwBhgKPhrOe3s7.webp,,,,,OK,0,114.7,88.0,42.5,36.4,12.8,21.2,14.6,51.6,29.7,59.4,12,11,12,11,20,12,24,24,3,14,14.666666666666666,14,Above Avg,4222252,insufficient_1h_history,,,,,,,,,,,,,,,,,,,,,,NO_DATA,,MISSING_STAT_VALUES,,,,,,
1642349,11065806,11065806,272372,140941,2026-04-02T21:30:00.000-04:00,,,Ajay Mitchell,G,OKC,LAL,12.0,Fantasy Score,fantasy,Standard,12.0,0,https://static.prizepicks.com/images/players/NBA/Ajay_Mitchell_NBA_player_vJGrrqtDRCIpNNrHobZ0VENR.webp,,,,,OK,0,114.7,88.0,42.5,36.4,12.8,21.2,14.6,51.6,29.7,59.4,12,11,12,11,20,12,24,24,3,14,14.666666666666666,14,Above Avg,4900671,insufficient_1h_history,,,,,,,,,,,,,,,,,,,,,,NO_DATA,,MISSING_STAT_VALUES,,,,,,
1628392,11051881,11051881,220421,140941,2026-04-02T21:30:00.000-04:00,,,Isaiah Hartenstein,C-F,OKC,LAL,10.0,Pts+Rebs+Asts,pra,Standard,10.0,0,https://static.prizepicks.com/images/players/NBA/Isaiah_Hartenstein_NBA_player_KJNoOLzSw1JwBhgKPhrOe3s7.webp,,,,,OK,0,114.7,88.0,42.5,36.4,12.8,21.2,14.6,51.6,29.7,59.4,12,11,12,11,20,12,24,24,3,14,14.666666666666666,14,Above Avg,4222252,nba1h_db,6.0,15.0,17.0,,,,,,,,12.667,12.667,12.667,2.0,1.0,0.0,0.667,0.6666666666666666,0.3333333333333333,0.667,0.333,OK,,OK,3.0,2.0,1.0,0.0,0.6666666666666666,0.3333333333333333
1642349,11051989,11051989,272372,140941,2026-04-02T21:30:00.000-04:00,,,Ajay Mitchell,G,OKC,LAL,9.5,Pts+Rebs+Asts,pra,Standard,9.5,0,https://static.prizepicks.com/images/players/NBA/Ajay_Mitchell_NBA_player_vJGrrqtDRCIpNNrHobZ0VENR.webp,,,,,OK,0,114.7,88.0,42.5,36.4,12.8,21.2,14.6,51.6,29.7,59.4,12,11,12,11,20,12,24,24,3,14,14.666666666666666,14,Above Avg,4900671,nba1h_db,10.0,11.0,8.0,18.0,,,,,,,11.75,11.75,11.75,3.0,1.0,0.0,0.75,0.75,0.25,0.75,0.25,OK,,OK,4.0,3.0,1.0,0.0,0.75,0.25
1630559,11052324,11052324,55935,140941,2026-04-02T21:30:00.000-04:00,,,Austin Reaves,G,LAL,OKC,9.5,Points,pts,Standard,9.5,0,https://static.prizepicks.com/images/players/NBA/Austin_Reaves_NBA_player_dbtdqki4v3xim48StrN2BdAW.webp,,,,,OK,0,107.6,88.4,38.4,39.2,14.4,22.1,16.8,49.2,24.0,48.0,2,28,25,13,3,5,1,1,9,2,6.634408602150537,3,Elite,4066457,nba1h_db,7.0,11.0,4.0,6.0,8.0,12.0,9.0,3.0,,,7.2,7.5,7.5,1.0,4.0,0.0,0.2,0.2,0.8,0.25,0.75,OK,,OK,5.0,1.0,4.0,0.0,0.2,0.8
1631114,11053184,11053184,92605,140941,2026-04-02T21:30:00.000-04:00,,,Jalen Williams,G-F,OKC,LAL,9.5,Points,pts,Standard,9.5,0,https://static.prizepicks.com/images/players/NBA/Jalen_Williams_NBA_player_Gy76x01bCh1JQzfiqKe7Luxi.webp,,,,,OK,0,114.7,88.0,42.5,36.4,12.8,21.2,14.6,51.6,29.7,59.4,12,11,12,11,20,12,24,24,3,14,14.666666666666666,14,Above Avg,4593803,nba1h_db,13.0,11.0,2.0,8.0,,,,,,,8.5,8.5,8.5,2.0,2.0,0.0,0.5,0.5,0.5,0.5,0.5,OK,,OK,4.0,2.0,2.0,0.0,0.5,0.5
2544,11052338,11052338,54824,140941,2026-04-02T21:30:00.000-04:00,,,LeBron James,F,LAL,OKC,8.5,Points,pts,Standard,8.5,0,https://static.prizepicks.com/images/players/NBA/LeBron_James_NBA_player_LItcyUXdmrL8VccUHVupA0OC.webp,,,,,OK,0,107.6,88.4,38.4,39.2,14.4,22.1,16.8,49.2,24.0,48.0,2,28,25,13,3,5,1,1,9,2,6.634408602150537,3,Elite,1966,nba1h_db,9.0,14.0,11.0,15.0,4.0,5.0,12.0,7.0,,,10.6,9.625,9.625,4.0,1.0,0.0,0.8,0.8,0.2,0.625,0.375,OK,,OK,5.0,4.0,1.0,0.0,0.8,0.2
1631096,11051876,11051876,173638,140941,2026-04-02T21:30:00.000-04:00,,,Chet Holmgren,C-F,OKC,LAL,8.0,Points,pts,Standard,8.0,0,https://static.prizepicks.com/images/players/NBA/Chet_Holmgren_NBA_player_vJ4nqK6iuXIrNmp4iJ5ZwfEC.webp,,,,,OK,0,114.7,88.0,42.5,36.4,12.8,21.2,14.6,51.6,29.7,59.4,12,11,12,11,20,12,24,24,3,14,14.666666666666666,14,Above Avg,4433255,nba1h_db,13.0,5.0,5.0,7.0,6.0,5.0,10.0,,,,7.2,7.286,7.286,1.0,4.0,0.0,0.2,0.2,0.8,0.286,0.714,OK,,OK,5.0,1.0,4.0,0.0,0.2,0.8
1642349,11051987,11051987,272372,140941,2026-04-02T21:30:00.000-04:00,,,Ajay Mitchell,G,OKC,LAL,6.5,Points,pts,Standard,6.5,0,https://static.prizepicks.com/images/players/NBA/Ajay_Mitchell_NBA_player_vJGrrqtDRCIpNNrHobZ0VENR.webp,,,,,OK,0,114.7,88.0,42.5,36.4,12.8,21.2,14.6,51.6,29.7,59.4,12,11,12,11,20,12,24,24,3,14,14.666666666666666,14,Above Avg,4900671,nba1h_db,10.0,5.0,9.0,6.0,14.0,,,,,,8.8,8.8,8.8,3.0,2.0,0.0,0.6,0.6,0.4,0.6,0.4,OK,,OK,5.0,3.0,2.0,0.0,0.6,0.4
1628392,11051879,11051879,220421,140941,2026-04-02T21:30:00.000-04:00,,,Isaiah Hartenstein,C-F,OKC,LAL,3.5,Points,pts,Standard,3.5,0,https://static.prizepicks.com/images/players/NBA/Isaiah_Hartenstein_NBA_player_KJNoOLzSw1JwBhgKPhrOe3s7.webp,,,,,OK,0,114.7,88.0,42.5,36.4,12.8,21.2,14.6,51.6,29.7,59.4,12,11,12,11,20,12,24,24,3,14,14.666666666666666,14,Above Avg,4222252,nba1h_db,4.0,3.0,2.0,6.0,6.0,6.0,,,,,4.2,4.5,4.5,3.0,2.0,0.0,0.6,0.6,0.4,0.667,0.333,OK,,OK,5.0,3.0,2.0,0.0,0.6,0.4
1628378,11065573,11065573,87349,140942,2026-04-02T22:00:00.000-04:00,,,Donovan Mitchell,G,CLE,GSW,20.0,Fantasy Score,fantasy,Standard,20.0,0,https://static.prizepicks.com/images/players/NBA/Donovan_Mitchell_NBA_player_0rXe2XnXarwUqJPvhfPBDUy2.webp,,,,,OK,0,115.0,88.5,42.3,35.9,12.8,21.9,16.0,52.6,29.5,58.99999999999999,13,11,9,14,18,18,23,23,6,6,14.978494623655912,15,Avg,3908809,insufficient_1h_history,,,,,,,,,,,,,,,,,,,,,,NO_DATA,,MISSING_STAT_VALUES,,,,,,
201935,11065579,11065579,299376,140942,2026-04-02T22:00:00.000-04:00,,,James Harden,G,CLE,GSW,19.5,Fantasy Score,fantasy,Standard,19.5,0,https://static.prizepicks.com/images/manual/James Harden CLE.png,,,,,OK,0,115.0,88.5,42.3,35.9,12.8,21.9,16.0,52.6,29.5,58.99999999999999,13,11,9,14,18,18,23,23,6,6,14.978494623655912,15,Avg,3992,insufficient_1h_history,,,,,,,,,,,,,,,,,,,,,,NO_DATA,,MISSING_STAT_VALUES,,,,,,
1630596,11065577,11065577,55095,140942,2026-04-02T22:00:00.000-04:00,,,Evan Mobley,C,CLE,GSW,18.5,Fantasy Score,fantasy,Standard,18.5,0,https://static.prizepicks.com/images/players/NBA/Evan_Mobley_NBA_player_V3d2qMMdbw05huQpocNNRwVe.webp,,,,,OK,0,115.0,88.5,42.3,35.9,12.8,21.9,16.0,52.6,29.5,58.99999999999999,13,11,9,14,18,18,23,23,6,6,14.978494623655912,15,Avg,4432158,insufficient_1h_history,,,,,,,,,,,,,,,,,,,,,,NO_DATA,,MISSING_STAT_VALUES,,,,,,
1628378,11057627,11057627,87349,140942,2026-04-02T22:00:00.000-04:00,,,Donovan Mitchell,G,CLE,GSW,17.5,Pts+Rebs+Asts,pra,Standard,17.5,0,https://static.prizepicks.com/images/players/NBA/Donovan_Mitchell_NBA_player_0rXe2XnXarwUqJPvhfPBDUy2.webp,,,,,OK,0,115.0,88.5,42.3,35.9,12.8,21.9,16.0,52.6,29.5,58.99999999999999,13,11,9,14,18,18,23,23,6,6,14.978494623655912,15,Avg,3908809,nba1h_db,22.0,11.0,19.0,19.0,17.0,,,,,,17.6,17.6,17.6,3.0,2.0,0.0,0.6,0.6,0.4,0.6,0.4,OK,,OK,5.0,3.0,2.0,0.0,0.6,0.4
204001,11065582,11065582,300938,140942,2026-04-02T22:00:00.000-04:00,,,Kristaps Porziņģis,F-C,GSW,CLE,17.0,Fantasy Score,fantasy,Standard,17.0,0,https://static.prizepicks.com/images/manual/Kristaps_PorziņģisGSW.png,,,,,OK,0,115.3,88.8,41.2,37.6,13.9,23.7,15.3,51.2,27.300000000000004,54.60000000000001,14,22,19,15,12,11,6,6,17,10,13.50537634408602,12,Above Avg,3102531,insufficient_1h_history,,,,,,,,,,,,,,,,,,,,,,NO_DATA,,MISSING_STAT_VALUES,,,,,,
201935,11057637,11057637,299376,140942,2026-04-02T22:00:00.000-04:00,,,James Harden,G,CLE,GSW,16.5,Pts+Rebs+Asts,pra,Standard,16.5,0,https://static.prizepicks.com/images/manual/James Harden CLE.png,,,,,OK,0,115.0,88.5,42.3,35.9,12.8,21.9,16.0,52.6,29.5,58.99999999999999,13,11,9,14,18,18,23,23,6,6,14.978494623655912,15,Avg,3992,nba1h_db,18.0,25.0,16.0,27.0,15.0,,,,,,20.2,20.2,20.2,3.0,2.0,0.0,0.6,0.6,0.4,0.6,0.4,OK,,OK,5.0,3.0,2.0,0.0,0.6,0.4
1641764,11065568,11065568,181477,140942,2026-04-02T22:00:00.000-04:00,,,Brandin Podziemski,G,GSW,CLE,15.5,Fantasy Score,fantasy,Standard,15.5,0,https://static.prizepicks.com/images/players/NBA/Brandin_Podziemski_NBA_player_xulwA1dAXTbxo9PLVFXHRYB6.webp,,,,,OK,0,115.3,88.8,41.2,37.6,13.9,23.7,15.3,51.2,27.300000000000004,54.60000000000001,14,22,19,15,12,11,6,6,17,10,13.50537634408602,12,Above Avg,4709138,insufficient_1h_history,,,,,,,,,,,,,,,,,,,,,,NO_DATA,,MISSING_STAT_VALUES,,,,,,
1630596,11057632,11057632,55095,140942,2026-04-02T22:00:00.000-04:00,,,Evan Mobley,C,CLE,GSW,14.5,Pts+Rebs+Asts,pra,Standard,14.5,0,https://static.prizepicks.com/images/players/NBA/Evan_Mobley_NBA_player_V3d2qMMdbw05huQpocNNRwVe.webp,,,,,OK,0,115.0,88.5,42.3,35.9,12.8,21.9,16.0,52.6,29.5,58.99999999999999,13,11,9,14,18,18,23,23,6,6,14.978494623655912,15,Avg,4432158,nba1h_db,13.0,26.0,17.0,11.0,20.0,11.0,,,,,17.4,16.333,16.333,3.0,2.0,0.0,0.6,0.6,0.4,0.5,0.5,OK,,OK,5.0,3.0,2.0,0.0,0.6,0.4
1630611,11065578,11065578,225504,140942,2026-04-02T22:00:00.000-04:00,,,Gui Santos,F,GSW,CLE,14.5,Fantasy Score,fantasy,Standard,14.5,0,https://static.prizepicks.com/images/players/NBA/Gui_Santos_NBA_player_HA8Q21tgmTmAYPOMGFWKbNa8.webp,,,,,OK,0,115.3,88.8,41.2,37.6,13.9,23.7,15.3,51.2,27.300000000000004,54.60000000000001,14,22,19,15,12,11,6,6,17,10,13.50537634408602,12,Above Avg,4997536,insufficient_1h_history,,,,,,,,,,,,,,,,,,,,,,NO_DATA,,MISSING_STAT_VALUES,,,,,,
1641764,11059370,11059370,181477,140942,2026-04-02T22:00:00.000-04:00,,,Brandin Podziemski,G,GSW,CLE,13.5,Pts+Rebs+Asts,pra,Standard,13.5,0,https://static.prizepicks.com/images/players/NBA/Brandin_Podziemski_NBA_player_xulwA1dAXTbxo9PLVFXHRYB6.webp,,,,,OK,0,115.3,88.8,41.2,37.6,13.9,23.7,15.3,51.2,27.300000000000004,54.60000000000001,14,22,19,15,12,11,6,6,17,10,13.50537634408602,12,Above Avg,4709138,nba1h_db,18.0,15.0,21.0,15.0,18.0,12.0,14.0,,,,17.4,16.143,16.143,5.0,0.0,0.0,1.0,1.0,0.0,0.857,0.143,OK,,OK,5.0,5.0,0.0,0.0,1.0,0.0
204001,11059380,11059380,300938,140942,2026-04-02T22:00:00.000-04:00,,,Kristaps Porziņģis,F-C,GSW,CLE,13.5,Pts+Rebs+Asts,pra,Standard,13.5,0,https://static.prizepicks.com/images/manual/Kristaps_PorziņģisGSW.png,,,,,OK,0,115.3,88.8,41.2,37.6,13.9,23.7,15.3,51.2,27.300000000000004,54.60000000000001,14,22,19,15,12,11,6,6,17,10,13.50537634408602,12,Above Avg,3102531,insufficient_1h_history,,,,,,,,,,,,,,,,,,,,,,NO_DATA,,MISSING_STAT_VALUES,,,,,,
1628386,11065581,11065581,55097,140942,2026-04-02T22:00:00.000-04:00,,,Jarrett Allen,C,CLE,GSW,13.0,Fantasy Score,fantasy,Standard,13.0,0,https://static.prizepicks.com/images/players/NBA/Jarrett_Allen_NBA_player_IBSK04adajN6nXaTEpotn53R.webp,,,,,OK,0,115.0,88.5,42.3,35.9,12.8,21.9,16.0,52.6,29.5,58.99999999999999,13,11,9,14,18,18,23,23,6,6,14.978494623655912,15,Avg,4066328,insufficient_1h_history,,,,,,,,,,,,,,,,,,,,,,NO_DATA,,MISSING_STAT_VALUES,,,,,,
1628378,11057625,11057625,87349,140942,2026-04-02T22:00:00.000-04:00,,,Donovan Mitchell,G,CLE,GSW,12.5,Points,pts,Standard,12.5,0,https://static.prizepicks.com/images/players/NBA/Donovan_Mitchell_NBA_player_0rXe2XnXarwUqJPvhfPBDUy2.webp,,,,,OK,0,115.0,88.5,42.3,35.9,12.8,21.9,16.0,52.6,29.5,58.99999999999999,13,11,9,14,18,18,23,23,6,6,14.978494623655912,15,Avg,3908809,nba1h_db,2.0,17.0,2.0,13.0,16.0,12.0,15.0,6.0,,,10.0,10.375,10.375,3.0,2.0,0.0,0.6,0.6,0.4,0.5,0.5,OK,,OK,5.0,3.0,2.0,0.0,0.6,0.4
203110,11065576,11065576,54825,140942,2026-04-02T22:00:00.000-04:00,,,Draymond Green,F,GSW,CLE,12.5,Fantasy Score,fantasy,Standard,12.5,0,https://static.prizepicks.com/images/players/NBA/Draymond_Green_NBA_player_1z7sEvTBX9wTfMTBZKi9b0L.webp,,,,,OK,0,115.3,88.8,41.2,37.6,13.9,23.7,15.3,51.2,27.300000000000004,54.60000000000001,14,22,19,15,12,11,6,6,17,10,13.50537634408602,12,Above Avg,6589,insufficient_1h_history,,,,,,,,,,,,,,,,,,,,,,NO_DATA,,MISSING_STAT_VALUES,,,,,,
1629001,11065571,11065571,218984,140942,2026-04-02T22:00:00.000-04:00,,,De'Anthony Melton,G,GSW,CLE,12.0,Fantasy Score,fantasy,Standard,12.0,0,https://static.prizepicks.com/images/players/NBA/De'Anthony_Melton_NBA_player_RnS4xc5JnaUejenuOXgRZ2yC.webp,,,,,OK,0,115.3,88.8,41.2,37.6,13.9,23.7,15.3,51.2,27.300000000000004,54.60000000000001,14,22,19,15,12,11,6,6,17,10,13.50537634408602,12,Above Avg,4066436,insufficient_1h_history,,,,,,,,,,,,,,,,,,,,,,NO_DATA,,MISSING_STAT_VALUES,,,,,,
1630611,11061621,11061621,225504,140942,2026-04-02T22:00:00.000-04:00,,,Gui Santos,F,GSW,CLE,11.5,Pts+Rebs+Asts,pra,Standard,11.5,0,https://static.prizepicks.com/images/players/NBA/Gui_Santos_NBA_player_HA8Q21tgmTmAYPOMGFWKbNa8.webp,,,,,OK,0,115.3,88.8,41.2,37.6,13.9,23.7,15.3,51.2,27.300000000000004,54.60000000000001,14,22,19,15,12,11,6,6,17,10,13.50537634408602,12,Above Avg,4997536,nba1h_db,11.0,19.0,13.0,9.0,5.0,,,,,,11.4,11.4,11.4,2.0,3.0,0.0,0.4,0.4,0.6,0.4,0.6,OK,,OK,5.0,2.0,3.0,0.0,0.4,0.6
1628386,11061623,11061623,55097,140942,2026-04-02T22:00:00.000-04:00,,,Jarrett Allen,C,CLE,GSW,10.5,Pts+Rebs+Asts,pra,Standard,10.5,0,https://static.prizepicks.com/images/players/NBA/Jarrett_Allen_NBA_player_IBSK04adajN6nXaTEpotn53R.webp,,,,,OK,0,115.0,88.5,42.3,35.9,12.8,21.9,16.0,52.6,29.5,58.99999999999999,13,11,9,14,18,18,23,23,6,6,14.978494623655912,15,Avg,4066328,nba1h_db,23.0,26.0,,,,,,,,,24.5,24.5,24.5,2.0,0.0,0.0,1.0,1.0,0.0,1.0,0.0,OK,,OK,2.0,2.0,0.0,0.0,1.0,0.0
1630241,11065583,11065583,182085,140942,2026-04-02T22:00:00.000-04:00,,,Sam Merrill,G,CLE,GSW,10.0,Fantasy Score,fantasy,Standard,10.0,0,https://static.prizepicks.com/images/players/NBA/Sam_Merrill_NBA_player_2dFXT8dkmznuwBwNkkn0SZSv.webp,,,,,OK,0,115.0,88.5,42.3,35.9,12.8,21.9,16.0,52.6,29.5,58.99999999999999,13,11,9,14,18,18,23,23,6,6,14.978494623655912,15,Avg,4066757,insufficient_1h_history,,,,,,,,,,,,,,,,,,,,,,NO_DATA,,MISSING_STAT_VALUES,,,,,,
201935,11057635,11057635,299376,140942,2026-04-02T22:00:00.000-04:00,,,James Harden,G,CLE,GSW,9.5,Points,pts,Standard,9.5,0,https://static.prizepicks.com/images/manual/James Harden CLE.png,,,,,OK,0,115.0,88.5,42.3,35.9,12.8,21.9,16.0,52.6,29.5,58.99999999999999,13,11,9,14,18,18,23,23,6,6,14.978494623655912,15,Avg,3992,nba1h_db,10.0,9.0,14.0,7.0,22.0,9.0,3.0,,,,12.4,10.571,10.571,3.0,2.0,0.0,0.6,0.6,0.4,0.429,0.571,OK,,OK,5.0,3.0,2.0,0.0,0.6,0.4
203110,11059375,11059375,54825,140942,2026-04-02T22:00:00.000-04:00,,,Draymond Green,F,GSW,CLE,9.5,Pts+Rebs+Asts,pra,Standard,9.5,0,https://static.prizepicks.com/images/players/NBA/Draymond_Green_NBA_player_1z7sEvTBX9wTfMTBZKi9b0L.webp,,,,,OK,0,115.3,88.8,41.2,37.6,13.9,23.7,15.3,51.2,27.300000000000004,54.60000000000001,14,22,19,15,12,11,6,6,17,10,13.50537634408602,12,Above Avg,6589,nba1h_db,7.0,16.0,9.0,12.0,15.0,11.0,8.0,,,,11.8,11.143,11.143,3.0,2.0,0.0,0.6,0.6,0.4,0.571,0.429,OK,,OK,5.0,3.0,2.0,0.0,0.6,0.4
204001,11059378,11059378,300938,140942,2026-04-02T22:00:00.000-04:00,,,Kristaps Porziņģis,F-C,GSW,CLE,9.5,Points,pts,Standard,9.5,0,https://static.prizepicks.com/images/manual/Kristaps_PorziņģisGSW.png,,,,,OK,0,115.3,88.8,41.2,37.6,13.9,23.7,15.3,51.2,27.300000000000004,54.60000000000001,14,22,19,15,12,11,6,6,17,10,13.50537634408602,12,Above Avg,3102531,insufficient_1h_history,,,,,,,,,,,,,,,,,,,,,,NO_DATA,,MISSING_STAT_VALUES,,,,,,
1629001,11061616,11061616,218984,140942,2026-04-02T22:00:00.000-04:00,,,De'Anthony Melton,G,GSW,CLE,9.5,Pts+Rebs+Asts,pra,Standard,9.5,0,https://static.prizepicks.com/images/players/NBA/De'Anthony_Melton_NBA_player_RnS4xc5JnaUejenuOXgRZ2yC.webp,,,,,OK,0,115.3,88.8,41.2,37.6,13.9,23.7,15.3,51.2,27.300000000000004,54.60000000000001,14,22,19,15,12,11,6,6,17,10,13.50537634408602,12,Above Avg,4066436,nba1h_db,13.0,17.0,12.0,,,,,,,,14.0,14.0,14.0,3.0,0.0,0.0,1.0,1.0,0.0,1.0,0.0,OK,,OK,3.0,3.0,0.0,0.0,1.0,0.0
1630596,11057630,11057630,55095,140942,2026-04-02T22:00:00.000-04:00,,,Evan Mobley,C,CLE,GSW,8.5,Points,pts,Standard,8.5,0,https://static.prizepicks.com/images/players/NBA/Evan_Mobley_NBA_player_V3d2qMMdbw05huQpocNNRwVe.webp,,,,,OK,0,115.0,88.5,42.3,35.9,12.8,21.9,16.0,52.6,29.5,58.99999999999999,13,11,9,14,18,18,23,23,6,6,14.978494623655912,15,Avg,4432158,nba1h_db,6.0,16.0,7.0,5.0,10.0,14.0,6.0,,,,8.8,9.143,9.143,2.0,3.0,0.0,0.4,0.4,0.6,0.429,0.571,OK,,OK,5.0,2.0,3.0,0.0,0.4,0.6
1630241,11057645,11057645,182085,140942,2026-04-02T22:00:00.000-04:00,,,Sam Merrill,G,CLE,GSW,8.5,Pts+Rebs+Asts,pra,Standard,8.5,0,https://static.prizepicks.com/images/players/NBA/Sam_Merrill_NBA_player_2dFXT8dkmznuwBwNkkn0SZSv.webp,,,,,OK,0,115.0,88.5,42.3,35.9,12.8,21.9,16.0,52.6,29.5,58.99999999999999,13,11,9,14,18,18,23,23,6,6,14.978494623655912,15,Avg,4066757,nba1h_db,11.0,9.0,12.0,13.0,,,,,,,11.25,11.25,11.25,4.0,0.0,0.0,1.0,1.0,0.0,1.0,0.0,OK,,OK,4.0,4.0,0.0,0.0,1.0,0.0
1641764,11059368,11059368,181477,140942,2026-04-02T22:00:00.000-04:00,,,Brandin Podziemski,G,GSW,CLE,7.5,Points,pts,Standard,7.5,0,https://static.prizepicks.com/images/players/NBA/Brandin_Podziemski_NBA_player_xulwA1dAXTbxo9PLVFXHRYB6.webp,,,,,OK,0,115.3,88.8,41.2,37.6,13.9,23.7,15.3,51.2,27.300000000000004,54.60000000000001,14,22,19,15,12,11,6,6,17,10,13.50537634408602,12,Above Avg,4709138,nba1h_db,12.0,9.0,9.0,10.0,10.0,3.0,8.0,5.0,9.0,,10.0,8.333,8.333,5.0,0.0,0.0,1.0,1.0,0.0,0.778,0.222,OK,,OK,5.0,5.0,0.0,0.0,1.0,0.0
1630611,11061619,11061619,225504,140942,2026-04-02T22:00:00.000-04:00,,,Gui Santos,F,GSW,CLE,7.5,Points,pts,Standard,7.5,0,https://static.prizepicks.com/images/players/NBA/Gui_Santos_NBA_player_HA8Q21tgmTmAYPOMGFWKbNa8.webp,,,,,OK,0,115.3,88.8,41.2,37.6,13.9,23.7,15.3,51.2,27.300000000000004,54.60000000000001,14,22,19,15,12,11,6,6,17,10,13.50537634408602,12,Above Avg,4997536,nba1h_db,7.0,14.0,10.0,2.0,2.0,7.0,,,,,7.0,7.0,7.0,2.0,3.0,0.0,0.4,0.4,0.6,0.333,0.667,OK,,OK,5.0,2.0,3.0,0.0,0.4,0.6
1628386,11060470,11060470,55097,140942,2026-04-02T22:00:00.000-04:00,,,Jarrett Allen,C,CLE,GSW,6.5,Points,pts,Standard,6.5,0,https://static.prizepicks.com/images/players/NBA/Jarrett_Allen_NBA_player_IBSK04adajN6nXaTEpotn53R.webp,,,,,OK,0,115.0,88.5,42.3,35.9,12.8,21.9,16.0,52.6,29.5,58.99999999999999,13,11,9,14,18,18,23,23,6,6,14.978494623655912,15,Avg,4066328,nba1h_db,18.0,14.0,12.0,17.0,,,,,,,15.25,15.25,15.25,4.0,0.0,0.0,1.0,1.0,0.0,1.0,0.0,OK,,OK,4.0,4.0,0.0,0.0,1.0,0.0
1629001,11061614,11061614,218984,140942,2026-04-02T22:00:00.000-04:00,,,De'Anthony Melton,G,GSW,CLE,6.5,Points,pts,Standard,6.5,0,https://static.prizepicks.com/images/players/NBA/De'Anthony_Melton_NBA_player_RnS4xc5JnaUejenuOXgRZ2yC.webp,,,,,OK,0,115.3,88.8,41.2,37.6,13.9,23.7,15.3,51.2,27.300000000000004,54.60000000000001,14,22,19,15,12,11,6,6,17,10,13.50537634408602,12,Above Avg,4066436,nba1h_db,7.0,12.0,14.0,9.0,2.0,,,,,,8.8,8.8,8.8,4.0,1.0,0.0,0.8,0.8,0.2,0.8,0.2,OK,,OK,5.0,4.0,1.0,0.0,0.8,0.2
1630241,11057643,11057643,182085,140942,2026-04-02T22:00:00.000-04:00,,,Sam Merrill,G,CLE,GSW,5.5,Points,pts,Standard,5.5,0,https://static.prizepicks.com/images/players/NBA/Sam_Merrill_NBA_player_2dFXT8dkmznuwBwNkkn0SZSv.webp,,,,,OK,0,115.0,88.5,42.3,35.9,12.8,21.9,16.0,52.6,29.5,58.99999999999999,13,11,9,14,18,18,23,23,6,6,14.978494623655912,15,Avg,4066757,nba1h_db,6.0,8.0,7.0,8.0,9.0,,,,,,7.6,7.6,7.6,5.0,0.0,0.0,1.0,1.0,0.0,1.0,0.0,OK,,OK,5.0,5.0,0.0,0.0,1.0,0.0
203110,11059373,11059373,54825,140942,2026-04-02T22:00:00.000-04:00,,,Draymond Green,F,GSW,CLE,4.5,Points,pts,Standard,4.5,0,https://static.prizepicks.com/images/players/NBA/Draymond_Green_NBA_player_1z7sEvTBX9wTfMTBZKi9b0L.webp,,,,,OK,0,115.3,88.8,41.2,37.6,13.9,23.7,15.3,51.2,27.300000000000004,54.60000000000001,14,22,19,15,12,11,6,6,17,10,13.50537634408602,12,Above Avg,6589,nba1h_db,5.0,10.0,2.0,2.0,8.0,9.0,5.0,1.0,,,5.4,5.25,5.25,3.0,2.0,0.0,0.6,0.6,0.4,0.625,0.375,OK,,OK,5.0,3.0,2.0,0.0,0.6,0.4
1641705,11065697,11065697,173820,140944,2026-04-02T22:30:00.000-04:00,,,Victor Wembanyama,F-C,SAS,LAC,27.5,Fantasy Score,fantasy,Standard,27.5,0,https://static.prizepicks.com/images/players/NBA/Victor_Wembanyama_NBA_player_2EsUEdOt5xmywxPr6qxPdHNs.webp,,,,,OK,0,112.5,87.5,41.0,36.6,13.5,21.4,14.4,50.9,27.5,55.0,10,17,14,7,9,9,7,7,5,17,9.301075268817204,10,Above Avg,5104157,insufficient_1h_history,,,,,,,,,,,,,,,,,,,,,,NO_DATA,,MISSING_STAT_VALUES,,,,,,
202695,11065693,11065693,87456,140944,2026-04-02T22:30:00.000-04:00,,,Kawhi Leonard,F,LAC,SAS,22.5,Fantasy Score,fantasy,Standard,22.5,0,https://static.prizepicks.com/images/players/NBA/Kawhi_Leonard_NBA_player_snbwtwUXlKUpSdRceowleq9a.webp,,,,,OK,0,111.1,90.7,40.8,37.0,13.0,20.9,13.2,53.7,27.8,55.6,6,14,17,22,8,23,9,9,2,25,9.150537634408602,9,Above Avg,6450,insufficient_1h_history,,,,,,,,,,,,,,,,,,,,,,NO_DATA,,MISSING_STAT_VALUES,,,,,,
1641705,11058464,11058464,173820,140944,2026-04-02T22:30:00.000-04:00,,,Victor Wembanyama,F-C,SAS,LAC,20.0,Pts+Rebs+Asts,pra,Standard,20.0,0,https://static.prizepicks.com/images/players/NBA/Victor_Wembanyama_NBA_player_2EsUEdOt5xmywxPr6qxPdHNs.webp,,,,,OK,0,112.5,87.5,41.0,36.6,13.5,21.4,14.4,50.9,27.5,55.0,10,17,14,7,9,9,7,7,5,17,9.301075268817204,10,Above Avg,5104157,nba1h_db,41.0,35.0,14.0,19.0,21.0,15.0,15.0,,,,26.0,22.857,22.857,3.0,2.0,0.0,0.6,0.6,0.4,0.429,0.571,OK,,OK,5.0,3.0,2.0,0.0,0.6,0.4
202695,11058451,11058451,87456,140944,2026-04-02T22:30:00.000-04:00,,,Kawhi Leonard,F,LAC,SAS,18.5,Pts+Rebs+Asts,pra,Standard,18.5,0,https://static.prizepicks.com/images/players/NBA/Kawhi_Leonard_NBA_player_snbwtwUXlKUpSdRceowleq9a.webp,,,,,OK,0,111.1,90.7,40.8,37.0,13.0,20.9,13.2,53.7,27.8,55.6,6,14,17,22,8,23,9,9,2,25,9.150537634408602,9,Above Avg,6450,nba1h_db,12.0,22.0,27.0,16.0,,,,,,,19.25,19.25,19.25,2.0,2.0,0.0,0.5,0.5,0.5,0.5,0.5,OK,,OK,4.0,2.0,2.0,0.0,0.5,0.5
1642264,11065696,11065696,217805,140944,2026-04-02T22:30:00.000-04:00,,,Stephon Castle,G,SAS,LAC,16.5,Fantasy Score,fantasy,Standard,16.5,0,https://static.prizepicks.com/images/players/NBA/Stephon_Castle_NBA_player_3nImU3v39rqjCKdKG1wdfekq.webp,,,,,OK,0,112.5,87.5,41.0,36.6,13.5,21.4,14.4,50.9,27.5,55.0,10,17,14,7,9,9,7,7,5,17,9.301075268817204,10,Above Avg,4845367,insufficient_1h_history,,,,,,,,,,,,,,,,,,,,,,NO_DATA,,MISSING_STAT_VALUES,,,,,,
1629636,11065679,11065679,304026,140944,2026-04-02T22:30:00.000-04:00,,,Darius Garland,G,LAC,SAS,16.0,Fantasy Score,fantasy,Standard,16.0,0,https://static.prizepicks.com/images/manual/Darius_GarlandLAC.png,,,,,OK,0,111.1,90.7,40.8,37.0,13.0,20.9,13.2,53.7,27.8,55.6,6,14,17,22,8,23,9,9,2,25,9.150537634408602,9,Above Avg,4396907,insufficient_1h_history,,,,,,,,,,,,,,,,,,,,,,NO_DATA,,MISSING_STAT_VALUES,,,,,,
1629636,11058427,11058427,304026,140944,2026-04-02T22:30:00.000-04:00,,,Darius Garland,G,LAC,SAS,14.5,Pts+Rebs+Asts,pra,Standard,14.5,0,https://static.prizepicks.com/images/manual/Darius_GarlandLAC.png,,,,,OK,0,111.1,90.7,40.8,37.0,13.0,20.9,13.2,53.7,27.8,55.6,6,14,17,22,8,23,9,9,2,25,9.150537634408602,9,Above Avg,4396907,nba1h_db,19.0,17.0,24.0,,,,,,,,20.0,20.0,20.0,3.0,0.0,0.0,1.0,1.0,0.0,1.0,0.0,OK,,OK,3.0,3.0,0.0,0.0,1.0,0.0
1628368,11065682,11065682,226914,140944,2026-04-02T22:30:00.000-04:00,,,De'Aaron Fox,G,SAS,LAC,14.5,Fantasy Score,fantasy,Standard,14.5,0,https://static.prizepicks.com/images/players/NBA/De'Aaron_Fox_NBA_player_ey65igBBNutBRz0ibXh85IuZ.webp,,,,,OK,0,112.5,87.5,41.0,36.6,13.5,21.4,14.4,50.9,27.5,55.0,10,17,14,7,9,9,7,7,5,17,9.301075268817204,10,Above Avg,4066259,insufficient_1h_history,,,,,,,,,,,,,,,,,,,,,,NO_DATA,,MISSING_STAT_VALUES,,,,,,
1642264,11058459,11058459,217805,140944,2026-04-02T22:30:00.000-04:00,,,Stephon Castle,G,SAS,LAC,13.5,Pts+Rebs+Asts,pra,Standard,13.5,0,https://static.prizepicks.com/images/players/NBA/Stephon_Castle_NBA_player_3nImU3v39rqjCKdKG1wdfekq.webp,,,,,OK,0,112.5,87.5,41.0,36.6,13.5,21.4,14.4,50.9,27.5,55.0,10,17,14,7,9,9,7,7,5,17,9.301075268817204,10,Above Avg,4845367,nba1h_db,15.0,23.0,27.0,20.0,25.0,33.0,,,,,22.0,23.833,23.833,5.0,0.0,0.0,1.0,1.0,0.0,1.0,0.0,OK,,OK,5.0,5.0,0.0,0.0,1.0,0.0
202695,11058868,11058868,87456,140944,2026-04-02T22:30:00.000-04:00,,,Kawhi Leonard,F,LAC,SAS,13.5,Points,pts,Standard,13.5,0,https://static.prizepicks.com/images/players/NBA/Kawhi_Leonard_NBA_player_snbwtwUXlKUpSdRceowleq9a.webp,,,,,OK,0,111.1,90.7,40.8,37.0,13.0,20.9,13.2,53.7,27.8,55.6,6,14,17,22,8,23,9,9,2,25,9.150537634408602,9,Above Avg,6450,nba1h_db,8.0,15.0,11.0,15.0,22.0,12.0,,,,,14.2,13.833,13.833,3.0,2.0,0.0,0.6,0.6,0.4,0.5,0.5,OK,,OK,5.0,3.0,2.0,0.0,0.6,0.4
1631097,11065673,11065673,299983,140944,2026-04-02T22:30:00.000-04:00,,,Bennedict Mathurin,G-F,LAC,SAS,13.0,Fantasy Score,fantasy,Standard,13.0,0,https://static.prizepicks.com/images/manual/BennedictMathurin.png,,,,,OK,0,111.1,90.7,40.8,37.0,13.0,20.9,13.2,53.7,27.8,55.6,6,14,17,22,8,23,9,9,2,25,9.150537634408602,9,Above Avg,4683634,insufficient_1h_history,,,,,,,,,,,,,,,,,,,,,,NO_DATA,,MISSING_STAT_VALUES,,,,,,
201572,11065675,11065675,271966,140944,2026-04-02T22:30:00.000-04:00,,,Brook Lopez,C,LAC,SAS,13.0,Fantasy Score,fantasy,Standard,13.0,0,https://static.prizepicks.com/images/players/NBA/Brook_Lopez_NBA_player_sTEgltErGtrgSgZJORUQDEpJ.webp,,,,,OK,0,111.1,90.7,40.8,37.0,13.0,20.9,13.2,53.7,27.8,55.6,6,14,17,22,8,23,9,9,2,25,9.150537634408602,9,Above Avg,3448,insufficient_1h_history,,,,,,,,,,,,,,,,,,,,,,NO_DATA,,MISSING_STAT_VALUES,,,,,,
1628368,11058432,11058432,226914,140944,2026-04-02T22:30:00.000-04:00,,,De'Aaron Fox,G,SAS,LAC,12.5,Pts+Rebs+Asts,pra,Standard,12.5,0,https://static.prizepicks.com/images/players/NBA/De'Aaron_Fox_NBA_player_ey65igBBNutBRz0ibXh85IuZ.webp,,,,,OK,0,112.5,87.5,41.0,36.6,13.5,21.4,14.4,50.9,27.5,55.0,10,17,14,7,9,9,7,7,5,17,9.301075268817204,10,Above Avg,4066259,nba1h_db,13.0,7.0,10.0,15.0,12.0,10.0,,,,,11.4,11.167,11.167,2.0,3.0,0.0,0.4,0.4,0.6,0.333,0.667,OK,,OK,5.0,2.0,3.0,0.0,0.4,0.6
1641705,11058462,11058462,173820,140944,2026-04-02T22:30:00.000-04:00,,,Victor Wembanyama,F-C,SAS,LAC,12.5,Points,pts,Standard,12.5,0,https://static.prizepicks.com/images/players/NBA/Victor_Wembanyama_NBA_player_2EsUEdOt5xmywxPr6qxPdHNs.webp,,,,,OK,0,112.5,87.5,41.0,36.6,13.5,21.4,14.4,50.9,27.5,55.0,10,17,14,7,9,9,7,7,5,17,9.301075268817204,10,Above Avg,5104157,nba1h_db,27.0,21.0,7.0,8.0,13.0,6.0,8.0,12.0,,,15.2,12.75,12.75,3.0,2.0,0.0,0.6,0.6,0.4,0.375,0.625,OK,,OK,5.0,3.0,2.0,0.0,0.6,0.4
1628381,11065691,11065691,271972,140944,2026-04-02T22:30:00.000-04:00,,,John Collins,F-C,LAC,SAS,12.5,Fantasy Score,fantasy,Standard,12.5,0,https://static.prizepicks.com/images/players/NBA/John_Collins_NBA_player_WMV9z7yOE8GIHMxTwgR1Vnn9.webp,,,,,OK,0,111.1,90.7,40.8,37.0,13.0,20.9,13.2,53.7,27.8,55.6,6,14,17,22,8,23,9,9,2,25,9.150537634408602,9,Above Avg,3908845,insufficient_1h_history,,,,,,,,,,,,,,,,,,,,,,NO_DATA,,MISSING_STAT_VALUES,,,,,,
1630170,11065687,11065687,56348,140944,2026-04-02T22:30:00.000-04:00,,,Devin Vassell,G-F,SAS,LAC,11.5,Fantasy Score,fantasy,Standard,11.5,0,https://static.prizepicks.com/images/players/NBA/Devin_Vassell_NBA_player_1FsPF0NOGQH4fepI0eeG7MYw.webp,,,,,OK,0,112.5,87.5,41.0,36.6,13.5,21.4,14.4,50.9,27.5,55.0,10,17,14,7,9,9,7,7,5,17,9.301075268817204,10,Above Avg,4395630,insufficient_1h_history,,,,,,,,,,,,,,,,,,,,,,NO_DATA,,MISSING_STAT_VALUES,,,,,,
1642844,11065689,11065689,271984,140944,2026-04-02T22:30:00.000-04:00,,,Dylan Harper,G,SAS,LAC,11.5,Fantasy Score,fantasy,Standard,11.5,0,https://static.prizepicks.com/images/manual/DylanHarper.png,,,,,OK,0,112.5,87.5,41.0,36.6,13.5,21.4,14.4,50.9,27.5,55.0,10,17,14,7,9,9,7,7,5,17,9.301075268817204,10,Above Avg,5037871,insufficient_1h_history,,,,,,,,,,,,,,,,,,,,,,NO_DATA,,MISSING_STAT_VALUES,,,,,,
1629640,11065694,11065694,55148,140944,2026-04-02T22:30:00.000-04:00,,,Keldon Johnson,F-G,SAS,LAC,10.5,Fantasy Score,fantasy,Standard,10.5,0,https://static.prizepicks.com/images/players/NBA/Keldon_Johnson_NBA_player_ytnN6jT7zYkcukGvVWoYp2zk.webp,,,,,OK,0,112.5,87.5,41.0,36.6,13.5,21.4,14.4,50.9,27.5,55.0,10,17,14,7,9,9,7,7,5,17,9.301075268817204,10,Above Avg,4395723,insufficient_1h_history,,,,,,,,,,,,,,,,,,,,,,NO_DATA,,MISSING_STAT_VALUES,,,,,,
1630577,11065692,11065692,127858,140944,2026-04-02T22:30:00.000-04:00,,,Julian Champagnie,F,SAS,LAC,10.0,Fantasy Score,fantasy,Standard,10.0,0,https://static.prizepicks.com/images/players/NBA/Julian_Champagnie_NBA_player_wWXts7QJavucRoRUsMbfxn9.webp,,,,,OK,0,112.5,87.5,41.0,36.6,13.5,21.4,14.4,50.9,27.5,55.0,10,17,14,7,9,9,7,7,5,17,9.301075268817204,10,Above Avg,4592479,insufficient_1h_history,,,,,,,,,,,,,,,,,,,,,,NO_DATA,,MISSING_STAT_VALUES,,,,,,
1642844,11058443,11058443,271984,140944,2026-04-02T22:30:00.000-04:00,,,Dylan Harper,G,SAS,LAC,9.5,Pts+Rebs+Asts,pra,Standard,9.5,0,https://static.prizepicks.com/images/manual/DylanHarper.png,,,,,OK,0,112.5,87.5,41.0,36.6,13.5,21.4,14.4,50.9,27.5,55.0,10,17,14,7,9,9,7,7,5,17,9.301075268817204,10,Above Avg,5037871,nba1h_db,11.0,13.0,18.0,13.0,14.0,10.0,,,,,13.8,13.167,13.167,5.0,0.0,0.0,1.0,1.0,0.0,1.0,0.0,OK,,OK,5.0,5.0,0.0,0.0,1.0,0.0
1629636,11058865,11058865,304026,140944,2026-04-02T22:30:00.000-04:00,,,Darius Garland,G,LAC,SAS,9.5,Points,pts,Standard,9.5,0,https://static.prizepicks.com/images/manual/Darius_GarlandLAC.png,,,,,OK,0,111.1,90.7,40.8,37.0,13.0,20.9,13.2,53.7,27.8,55.6,6,14,17,22,8,23,9,9,2,25,9.150537634408602,9,Above Avg,4396907,nba1h_db,10.0,12.0,8.0,11.0,13.0,18.0,,,,,10.8,12.0,12.0,4.0,1.0,0.0,0.8,0.8,0.2,0.833,0.167,OK,,OK,5.0,4.0,1.0,0.0,0.8,0.2
1630170,11061249,11061249,56348,140944,2026-04-02T22:30:00.000-04:00,,,Devin Vassell,G-F,SAS,LAC,9.5,Pts+Rebs+Asts,pra,Standard,9.5,0,https://static.prizepicks.com/images/players/NBA/Devin_Vassell_NBA_player_1FsPF0NOGQH4fepI0eeG7MYw.webp,,,,,OK,0,112.5,87.5,41.0,36.6,13.5,21.4,14.4,50.9,27.5,55.0,10,17,14,7,9,9,7,7,5,17,9.301075268817204,10,Above Avg,4395630,nba1h_db,7.0,19.0,7.0,13.0,23.0,,,,,,13.8,13.8,13.8,3.0,2.0,0.0,0.6,0.6,0.4,0.6,0.4,OK,,OK,5.0,3.0,2.0,0.0,0.6,0.4
1628381,11061253,11061253,271972,140944,2026-04-02T22:30:00.000-04:00,,,John Collins,F-C,LAC,SAS,9.5,Pts+Rebs+Asts,pra,Standard,9.5,0,https://static.prizepicks.com/images/players/NBA/John_Collins_NBA_player_WMV9z7yOE8GIHMxTwgR1Vnn9.webp,,,,,OK,0,111.1,90.7,40.8,37.0,13.0,20.9,13.2,53.7,27.8,55.6,6,14,17,22,8,23,9,9,2,25,9.150537634408602,9,Above Avg,3908845,nba1h_db,13.0,10.0,7.0,,,,,,,,10.0,10.0,10.0,2.0,1.0,0.0,0.667,0.6666666666666666,0.3333333333333333,0.667,0.333,OK,,OK,3.0,2.0,1.0,0.0,0.6666666666666666,0.3333333333333333
1631097,11058422,11058422,299983,140944,2026-04-02T22:30:00.000-04:00,,,Bennedict Mathurin,G-F,LAC,SAS,8.5,Points,pts,Standard,8.5,0,https://static.prizepicks.com/images/manual/BennedictMathurin.png,,,,,OK,0,111.1,90.7,40.8,37.0,13.0,20.9,13.2,53.7,27.8,55.6,6,14,17,22,8,23,9,9,2,25,9.150537634408602,9,Above Avg,4683634,nba1h_db,8.0,8.0,8.0,8.0,,,,,,,8.0,8.0,8.0,0.0,4.0,0.0,0.0,0.0,1.0,0.0,1.0,OK,,OK,4.0,0.0,4.0,0.0,0.0,1.0
201572,11061247,11061247,271966,140944,2026-04-02T22:30:00.000-04:00,,,Brook Lopez,C,LAC,SAS,8.5,Pts+Rebs+Asts,pra,Standard,8.5,0,https://static.prizepicks.com/images/players/NBA/Brook_Lopez_NBA_player_sTEgltErGtrgSgZJORUQDEpJ.webp,,,,,OK,0,111.1,90.7,40.8,37.0,13.0,20.9,13.2,53.7,27.8,55.6,6,14,17,22,8,23,9,9,2,25,9.150537634408602,9,Above Avg,3448,nba1h_db,17.0,17.0,10.0,6.0,,,,,,,12.5,12.5,12.5,3.0,1.0,0.0,0.75,0.75,0.25,0.75,0.25,OK,,OK,4.0,3.0,1.0,0.0,0.75,0.25
1629640,11061258,11061258,55148,140944,2026-04-02T22:30:00.000-04:00,,,Keldon Johnson,F-G,SAS,LAC,8.5,Pts+Rebs+Asts,pra,Standard,8.5,0,https://static.prizepicks.com/images/players/NBA/Keldon_Johnson_NBA_player_ytnN6jT7zYkcukGvVWoYp2zk.webp,,,,,OK,0,112.5,87.5,41.0,36.6,13.5,21.4,14.4,50.9,27.5,55.0,10,17,14,7,9,9,7,7,5,17,9.301075268817204,10,Above Avg,4395723,nba1h_db,10.0,22.0,,,,,,,,,16.0,16.0,16.0,2.0,0.0,0.0,1.0,1.0,0.0,1.0,0.0,OK,,OK,2.0,2.0,0.0,0.0,1.0,0.0
1628368,11058430,11058430,226914,140944,2026-04-02T22:30:00.000-04:00,,,De'Aaron Fox,G,SAS,LAC,7.5,Points,pts,Standard,7.5,0,https://static.prizepicks.com/images/players/NBA/De'Aaron_Fox_NBA_player_ey65igBBNutBRz0ibXh85IuZ.webp,,,,,OK,0,112.5,87.5,41.0,36.6,13.5,21.4,14.4,50.9,27.5,55.0,10,17,14,7,9,9,7,7,5,17,9.301075268817204,10,Above Avg,4066259,nba1h_db,9.0,4.0,6.0,12.0,5.0,2.0,4.0,,,,7.2,6.0,6.0,2.0,3.0,0.0,0.4,0.4,0.6,0.286,0.714,OK,,OK,5.0,2.0,3.0,0.0,0.4,0.6
1642264,11058457,11058457,217805,140944,2026-04-02T22:30:00.000-04:00,,,Stephon Castle,G,SAS,LAC,7.5,Points,pts,Standard,7.5,0,https://static.prizepicks.com/images/players/NBA/Stephon_Castle_NBA_player_3nImU3v39rqjCKdKG1wdfekq.webp,,,,,OK,0,112.5,87.5,41.0,36.6,13.5,21.4,14.4,50.9,27.5,55.0,10,17,14,7,9,9,7,7,5,17,9.301075268817204,10,Above Avg,4845367,nba1h_db,6.0,13.0,15.0,12.0,13.0,15.0,21.0,,,,11.8,13.571,13.571,4.0,1.0,0.0,0.8,0.8,0.2,0.857,0.143,OK,,OK,5.0,4.0,1.0,0.0,0.8,0.2
1630577,11063121,11063121,127858,140944,2026-04-02T22:30:00.000-04:00,,,Julian Champagnie,F,SAS,LAC,7.5,Pts+Rebs+Asts,pra,Standard,7.5,0,https://static.prizepicks.com/images/players/NBA/Julian_Champagnie_NBA_player_wWXts7QJavucRoRUsMbfxn9.webp,,,,,OK,0,112.5,87.5,41.0,36.6,13.5,21.4,14.4,50.9,27.5,55.0,10,17,14,7,9,9,7,7,5,17,9.301075268817204,10,Above Avg,4592479,nba1h_db,11.0,13.0,10.0,23.0,,,,,,,14.25,14.25,14.25,4.0,0.0,0.0,1.0,1.0,0.0,1.0,0.0,OK,,OK,4.0,4.0,0.0,0.0,1.0,0.0
1630170,11058438,11058438,56348,140944,2026-04-02T22:30:00.000-04:00,,,Devin Vassell,G-F,SAS,LAC,6.5,Points,pts,Standard,6.5,0,https://static.prizepicks.com/images/players/NBA/Devin_Vassell_NBA_player_1FsPF0NOGQH4fepI0eeG7MYw.webp,,,,,OK,0,112.5,87.5,41.0,36.6,13.5,21.4,14.4,50.9,27.5,55.0,10,17,14,7,9,9,7,7,5,17,9.301075268817204,10,Above Avg,4395630,nba1h_db,2.0,10.0,10.0,3.0,9.0,15.0,,,,,6.8,8.167,8.167,3.0,2.0,0.0,0.6,0.6,0.4,0.667,0.333,OK,,OK,5.0,3.0,2.0,0.0,0.6,0.4
1642844,11058441,11058441,271984,140944,2026-04-02T22:30:00.000-04:00,,,Dylan Harper,G,SAS,LAC,5.5,Points,pts,Standard,5.5,0,https://static.prizepicks.com/images/manual/DylanHarper.png,,,,,OK,0,112.5,87.5,41.0,36.6,13.5,21.4,14.4,50.9,27.5,55.0,10,17,14,7,9,9,7,7,5,17,9.301075268817204,10,Above Avg,5037871,nba1h_db,7.0,7.0,10.0,10.0,9.0,8.0,8.0,4.0,,,8.6,7.875,7.875,5.0,0.0,0.0,1.0,1.0,0.0,0.875,0.125,OK,,OK,5.0,5.0,0.0,0.0,1.0,0.0
1628381,11058446,11058446,271972,140944,2026-04-02T22:30:00.000-04:00,,,John Collins,F-C,LAC,SAS,5.5,Points,pts,Standard,5.5,0,https://static.prizepicks.com/images/players/NBA/John_Collins_NBA_player_WMV9z7yOE8GIHMxTwgR1Vnn9.webp,,,,,OK,0,111.1,90.7,40.8,37.0,13.0,20.9,13.2,53.7,27.8,55.6,6,14,17,22,8,23,9,9,2,25,9.150537634408602,9,Above Avg,3908845,nba1h_db,10.0,7.0,2.0,6.0,,,,,,,6.25,6.25,6.25,3.0,1.0,0.0,0.75,0.75,0.25,0.75,0.25,OK,,OK,4.0,3.0,1.0,0.0,0.75,0.25
1629640,11061256,11061256,55148,140944,2026-04-02T22:30:00.000-04:00,,,Keldon Johnson,F-G,SAS,LAC,5.5,Points,pts,Standard,5.5,0,https://static.prizepicks.com/images/players/NBA/Keldon_Johnson_NBA_player_ytnN6jT7zYkcukGvVWoYp2zk.webp,,,,,OK,0,112.5,87.5,41.0,36.6,13.5,21.4,14.4,50.9,27.5,55.0,10,17,14,7,9,9,7,7,5,17,9.301075268817204,10,Above Avg,4395723,nba1h_db,9.0,7.0,9.0,5.0,12.0,16.0,6.0,2.0,,,8.4,8.25,8.25,4.0,1.0,0.0,0.8,0.8,0.2,0.75,0.25,OK,,OK,5.0,4.0,1.0,0.0,0.8,0.2
201572,11058425,11058425,271966,140944,2026-04-02T22:30:00.000-04:00,,,Brook Lopez,C,LAC,SAS,4.5,Points,pts,Standard,4.5,0,https://static.prizepicks.com/images/players/NBA/Brook_Lopez_NBA_player_sTEgltErGtrgSgZJORUQDEpJ.webp,,,,,OK,0,111.1,90.7,40.8,37.0,13.0,20.9,13.2,53.7,27.8,55.6,6,14,17,22,8,23,9,9,2,25,9.150537634408602,9,Above Avg,3448,nba1h_db,13.0,8.0,11.0,5.0,3.0,,,,,,8.0,8.0,8.0,4.0,1.0,0.0,0.8,0.8,0.2,0.8,0.2,OK,,OK,5.0,4.0,1.0,0.0,0.8,0.2
1630577,11058449,11058449,127858,140944,2026-04-02T22:30:00.000-04:00,,,Julian Champagnie,F,SAS,LAC,4.5,Points,pts,Standard,4.5,0,https://static.prizepicks.com/images/players/NBA/Julian_Champagnie_NBA_player_wWXts7QJavucRoRUsMbfxn9.webp,,,,,OK,0,112.5,87.5,41.0,36.6,13.5,21.4,14.4,50.9,27.5,55.0,10,17,14,7,9,9,7,7,5,17,9.301075268817204,10,Above Avg,4592479,nba1h_db,9.0,5.0,8.0,6.0,2.0,4.0,19.0,5.0,,,6.0,7.25,7.25,4.0,1.0,0.0,0.8,0.8,0.2,0.75,0.25,OK,,OK,5.0,4.0,1.0,0.0,0.8,0.2
