espn_player_id,player,pos,team,opp_team,league,line,prop_type,prop_norm,pick_type,projection_id,pp_projection_id,player_id,pp_game_id,start_time,pp_home_team,pp_away_team,standard_line,deviation_level,image_url,player_1,player_2,team_1,team_2,id_status,TEAM_NAME,OVERALL_DEF_RANK,OPP_PPG,opp_gaa,opp_saa,opp_pk_pct,opp_gf_per_game,opp_sf_per_game,opp_pp_pct,opp_wins,opp_gp,def_rank,def_tier,updated_at,gp,goals_conceded,goals_conceded_pg,clean_sheets,wins,draws,losses,is_combo_player,stat_g1,stat_g2,stat_g3,stat_g4,stat_g5,stat_g6,stat_g7,stat_g8,stat_g9,stat_g10,stat_last5_avg,stat_last10_avg,stat_season_avg,last5_over,last5_under,last5_push,last5_hit_rate,line_hit_rate_over_ou_5,line_hit_rate_under_ou_5,line_hit_rate_over_ou_10,line_hit_rate_under_ou_10,stat_status,avg_minutes,avg_passes
154738,Guido Carrillo,Attacker,ESTUDIANTES,CÓRDOBA SDE,SOCCER,24.5,Passes Attempted,passes,Standard,10783704,10783704,198797,138276,2026-03-23T18:00:00.000-04:00,,,24.5,0,https://static.prizepicks.com/images/manual/Guido Carrillo .png,,,,,OK,,,,,,,,,,,,,,,,,,,,,,0,,,,,,,,,,,,,,,,,,,,,,NO_DATA,,
131758,Michael Santos,Attacker,CÓRDOBA SDE,ESTUDIANTES,SOCCER,14.5,Passes Attempted,passes,Standard,10783803,10783803,297637,138276,2026-03-23T18:00:00.000-04:00,,,14.5,0,https://static.prizepicks.com/images/manual/Michael_Santos.png,,,,,OK,,2.0,,,,,,,,,,,Elite,2026-03-23T13:40:37.414479+00:00,10.0,5.0,0.5,0.0,5.0,0.0,2.0,0,,,,,,,,,,,,,,,,,,,,,,NO_DATA,,
262493,Alejandro Maciel,Defender,CÓRDOBA SDE,ESTUDIANTES,SOCCER,10.5,Clearances,clearances,Standard,10783805,10783805,296871,138276,2026-03-23T18:00:00.000-04:00,,,10.5,0,https://static.prizepicks.com/images/manual/Alejandro_Maciel.png,,,,,OK,,2.0,,,,,,,,,,,Elite,2026-03-23T13:40:37.414479+00:00,10.0,5.0,0.5,0.0,5.0,0.0,2.0,0,,,,,,,,,,,,,,,,,,,,,,UNSUPPORTED_PROP,,
154748,Leandro Pírez,Defender,ESTUDIANTES,CÓRDOBA SDE,SOCCER,5.5,Clearances,clearances,Standard,10783709,10783709,275341,138276,2026-03-23T18:00:00.000-04:00,,,5.5,0,https://static.prizepicks.com/images/manual/Leandro_González_Pírez.png,,,,,OK,,,,,,,,,,,,,,,,,,,,,,0,,,,,,,,,,,,,,,,,,,,,,UNSUPPORTED_PROP,,
154738,Guido Carrillo,Attacker,ESTUDIANTES,CÓRDOBA SDE,SOCCER,3.0,Shots,shots,Standard,10783696,10783696,198797,138276,2026-03-23T18:00:00.000-04:00,,,3.0,0,https://static.prizepicks.com/images/manual/Guido Carrillo .png,,,,,OK,,,,,,,,,,,,,,,,,,,,,,0,,,,,,,,,,,,,,,,,,,,,,NO_DATA,,
302051,Tiago Palacios,Midfielder,ESTUDIANTES,CÓRDOBA SDE,SOCCER,2.5,Shots,shots,Standard,10783700,10783700,198798,138276,2026-03-23T18:00:00.000-04:00,,,2.5,0,https://static.prizepicks.com/images/manual/Tiago Palacios .webp,,,,,OK,,,,,,,,,,,,,,,,,,,,,,0,,,,,,,,,,,,,,,,,,,,,,NO_DATA,,
240401,Ezequiel Piovi,Midfielder,ESTUDIANTES,CÓRDOBA SDE,SOCCER,2.5,Tackles,tackles,Standard,10783707,10783707,275342,138276,2026-03-23T18:00:00.000-04:00,,,2.5,0,https://static.prizepicks.com/images/manual/Ezequiel_Piovi.png,,,,,OK,,,,,,,,,,,,,,,,,,,,,,0,,,,,,,,,,,,,,,,,,,,,,NO_DATA,,
218440,Matías Vera,Midfielder,CÓRDOBA SDE,ESTUDIANTES,SOCCER,2.0,Tackles,tackles,Standard,10783804,10783804,246057,138276,2026-03-23T18:00:00.000-04:00,,,2.0,0,https://static.prizepicks.com/images/manual/Matías Gabriel Vera.png,,,,,OK,,2.0,,,,,,,,,,,Elite,2026-03-23T13:40:37.414479+00:00,10.0,5.0,0.5,0.0,5.0,0.0,2.0,0,,,,,,,,,,,,,,,,,,,,,,NO_DATA,,
276020,Eric Meza,Defender,ESTUDIANTES,CÓRDOBA SDE,SOCCER,1.5,Attempted Dribbles,attempted_dribbles,Standard,10783705,10783705,247085,138276,2026-03-23T18:00:00.000-04:00,,,1.5,0,https://static.prizepicks.com/images/manual/Eric Meza .png,,,,,OK,,,,,,,,,,,,,,,,,,,,,,0,,,,,,,,,,,,,,,,,,,,,,UNSUPPORTED_PROP,,
154738,Guido Carrillo,Attacker,ESTUDIANTES,CÓRDOBA SDE,SOCCER,0.5,Attempted Dribbles,attempted_dribbles,Standard,10783706,10783706,198797,138276,2026-03-23T18:00:00.000-04:00,,,0.5,0,https://static.prizepicks.com/images/manual/Guido Carrillo .png,,,,,OK,,,,,,,,,,,,,,,,,,,,,,0,,,,,,,,,,,,,,,,,,,,,,UNSUPPORTED_PROP,,
264844,Edwuin Cetré,Attacker,ESTUDIANTES,CÓRDOBA SDE,SOCCER,4.5,Shots,shots,Demon,10754042,10754042,199536,138276,2026-03-23T18:00:00.000-04:00,,,,2,https://static.prizepicks.com/images/manual/Edwuin Cetré.png,,,,,OK,,,,,,,,,,,,,,,,,,,,,,0,,,,,,,,,,,,,,,,,,,,,,NO_DATA,,
316649,Fabricio Pérez,Attacker,ESTUDIANTES,CÓRDOBA SDE,SOCCER,4.5,Shots,shots,Demon,10754065,10754065,275336,138276,2026-03-23T18:00:00.000-04:00,,,,1,https://static.prizepicks.com/images/manual/Fabricio_Pérez.png,,,,,OK,,,,,,,,,,,,,,,,,,,,,,0,,,,,,,,,,,,,,,,,,,,,,NO_DATA,,
154738,Guido Carrillo,Attacker,ESTUDIANTES,CÓRDOBA SDE,SOCCER,4.5,Shots,shots,Demon,10754083,10754083,198797,138276,2026-03-23T18:00:00.000-04:00,,,3.0,2,https://static.prizepicks.com/images/manual/Guido Carrillo .png,,,,,OK,,,,,,,,,,,,,,,,,,,,,,0,,,,,,,,,,,,,,,,,,,,,,NO_DATA,,
302051,Tiago Palacios,Midfielder,ESTUDIANTES,CÓRDOBA SDE,SOCCER,4.5,Shots,shots,Demon,10754145,10754145,198798,138276,2026-03-23T18:00:00.000-04:00,,,2.5,2,https://static.prizepicks.com/images/manual/Tiago Palacios .webp,,,,,OK,,,,,,,,,,,,,,,,,,,,,,0,,,,,,,,,,,,,,,,,,,,,,NO_DATA,,
234873,Alexis Castro,Midfielder,ESTUDIANTES,CÓRDOBA SDE,SOCCER,3.5,Shots,shots,Demon,10754017,10754017,275334,138276,2026-03-23T18:00:00.000-04:00,,,,1,https://static.prizepicks.com/images/manual/Alexis_Castro.png,,,,,OK,,,,,,,,,,,,,,,,,,,,,,0,,,,,,,,,,,,,,,,,,,,,,NO_DATA,,
154738,Guido Carrillo,Attacker,ESTUDIANTES,CÓRDOBA SDE,SOCCER,3.5,Shots,shots,Demon,10754082,10754082,198797,138276,2026-03-23T18:00:00.000-04:00,,,3.0,1,https://static.prizepicks.com/images/manual/Guido Carrillo .png,,,,,OK,,,,,,,,,,,,,,,,,,,,,,0,,,,,,,,,,,,,,,,,,,,,,NO_DATA,,
383022,Joaquín Burgos,Attacker,ESTUDIANTES,CÓRDOBA SDE,SOCCER,3.5,Shots,shots,Demon,10754099,10754099,275339,138276,2026-03-23T18:00:00.000-04:00,,,,2,https://static.prizepicks.com/images/manual/Joaquín_Tobio_Burgos.png,,,,,OK,,,,,,,,,,,,,,,,,,,,,,0,,,,,,,,,,,,,,,,,,,,,,NO_DATA,,
302051,Tiago Palacios,Midfielder,ESTUDIANTES,CÓRDOBA SDE,SOCCER,3.5,Shots,shots,Demon,10754146,10754146,198798,138276,2026-03-23T18:00:00.000-04:00,,,2.5,1,https://static.prizepicks.com/images/manual/Tiago Palacios .webp,,,,,OK,,,,,,,,,,,,,,,,,,,,,,0,,,,,,,,,,,,,,,,,,,,,,NO_DATA,,
264844,Edwuin Cetré,Attacker,ESTUDIANTES,CÓRDOBA SDE,SOCCER,3.5,Shots,shots,Demon,10764424,10764424,199536,138276,2026-03-23T18:00:00.000-04:00,,,,1,https://static.prizepicks.com/images/manual/Edwuin Cetré.png,,,,,OK,,,,,,,,,,,,,,,,,,,,,,0,,,,,,,,,,,,,,,,,,,,,,NO_DATA,,
149387,Alan Aguerre,Goalkeeper,CÓRDOBA SDE,ESTUDIANTES,SOCCER,3.5,Goalie Saves,saves,Standard,10783662,10783662,231871,138276,2026-03-23T18:00:00.000-04:00,,,3.5,0,https://static.prizepicks.com/images/manual/Alan_Aguerre.png,,,,,OK,,2.0,,,,,,,,,,,Elite,2026-03-23T13:40:37.414479+00:00,10.0,5.0,0.5,0.0,5.0,0.0,2.0,0,,,,,,,,,,,,,,,,,,,,,,NO_DATA,,
234873,Alexis Castro,Midfielder,ESTUDIANTES,CÓRDOBA SDE,SOCCER,2.5,Shots On Target,shots_on_target,Demon,10754021,10754021,275334,138276,2026-03-23T18:00:00.000-04:00,,,,2,https://static.prizepicks.com/images/manual/Alexis_Castro.png,,,,,OK,,,,,,,,,,,,,,,,,,,,,,0,,,,,,,,,,,,,,,,,,,,,,NO_DATA,,
309131,Brian Aguirre,Attacker,ESTUDIANTES,CÓRDOBA SDE,SOCCER,2.5,Shots,shots,Demon,10754028,10754028,297598,138276,2026-03-23T18:00:00.000-04:00,,,,1,https://static.prizepicks.com/images/manual/Brian_Aguirre.png,,,,,OK,,,,,,,,,,,,,,,,,,,,,,0,,,,,,,,,,,,,,,,,,,,,,NO_DATA,,
266508,Diego Barrera,Attacker,CÓRDOBA SDE,ESTUDIANTES,SOCCER,2.5,Shots,shots,Demon,10754035,10754035,275820,138276,2026-03-23T18:00:00.000-04:00,,,,2,https://static.prizepicks.com/images/manual/Diego Barrera.png,,,,,OK,,2.0,,,,,,,,,,,Elite,2026-03-23T13:40:37.414479+00:00,10.0,5.0,0.5,0.0,5.0,0.0,2.0,0,,,,,,,,,,,,,,,,,,,,,,NO_DATA,,
264844,Edwuin Cetré,Attacker,ESTUDIANTES,CÓRDOBA SDE,SOCCER,2.5,Shots,shots,Goblin,10754043,10754043,199536,138276,2026-03-23T18:00:00.000-04:00,,,,1,https://static.prizepicks.com/images/manual/Edwuin Cetré.png,,,,,OK,,,,,,,,,,,,,,,,,,,,,,0,,,,,,,,,,,,,,,,,,,,,,NO_DATA,,
264844,Edwuin Cetré,Attacker,ESTUDIANTES,CÓRDOBA SDE,SOCCER,2.5,Shots On Target,shots_on_target,Demon,10754045,10754045,199536,138276,2026-03-23T18:00:00.000-04:00,,,,2,https://static.prizepicks.com/images/manual/Edwuin Cetré.png,,,,,OK,,,,,,,,,,,,,,,,,,,,,,0,,,,,,,,,,,,,,,,,,,,,,NO_DATA,,
316649,Fabricio Pérez,Attacker,ESTUDIANTES,CÓRDOBA SDE,SOCCER,2.5,Shots,shots,Goblin,10754066,10754066,275336,138276,2026-03-23T18:00:00.000-04:00,,,,1,https://static.prizepicks.com/images/manual/Fabricio_Pérez.png,,,,,OK,,,,,,,,,,,,,,,,,,,,,,0,,,,,,,,,,,,,,,,,,,,,,NO_DATA,,
316649,Fabricio Pérez,Attacker,ESTUDIANTES,CÓRDOBA SDE,SOCCER,2.5,Shots On Target,shots_on_target,Demon,10754067,10754067,275336,138276,2026-03-23T18:00:00.000-04:00,,,,2,https://static.prizepicks.com/images/manual/Fabricio_Pérez.png,,,,,OK,,,,,,,,,,,,,,,,,,,,,,0,,,,,,,,,,,,,,,,,,,,,,NO_DATA,,
154738,Guido Carrillo,Attacker,ESTUDIANTES,CÓRDOBA SDE,SOCCER,2.5,Shots On Target,shots_on_target,Demon,10754086,10754086,198797,138276,2026-03-23T18:00:00.000-04:00,,,,2,https://static.prizepicks.com/images/manual/Guido Carrillo .png,,,,,OK,,,,,,,,,,,,,,,,,,,,,,0,,,,,,,,,,,,,,,,,,,,,,NO_DATA,,
383022,Joaquín Burgos,Attacker,ESTUDIANTES,CÓRDOBA SDE,SOCCER,2.5,Shots,shots,Demon,10754098,10754098,275339,138276,2026-03-23T18:00:00.000-04:00,,,,1,https://static.prizepicks.com/images/manual/Joaquín_Tobio_Burgos.png,,,,,OK,,,,,,,,,,,,,,,,,,,,,,0,,,,,,,,,,,,,,,,,,,,,,NO_DATA,,
365160,Mikel Amondarain,Midfielder,ESTUDIANTES,CÓRDOBA SDE,SOCCER,2.5,Shots,shots,Demon,10754128,10754128,246645,138276,2026-03-23T18:00:00.000-04:00,,,,2,https://static.prizepicks.com/images/manual/Mikel Jesús Amondarain.png,,,,,OK,,,,,,,,,,,,,,,,,,,,,,0,,,,,,,,,,,,,,,,,,,,,,NO_DATA,,
331043,Santiago Núñez,Defender,ESTUDIANTES,CÓRDOBA SDE,SOCCER,2.5,Shots,shots,Demon,10754137,10754137,172734,138276,2026-03-23T18:00:00.000-04:00,,,,2,https://imgur.com/q6wuP41.png,,,,,OK,,,,,,,,,,,,,,,,,,,,,,0,,,,,,,,,,,,,,,,,,,,,,NO_DATA,,
108622,Fernando Muslera,Goalkeeper,ESTUDIANTES,CÓRDOBA SDE,SOCCER,2.0,Goalie Saves,saves,Standard,10783661,10783661,246714,138276,2026-03-23T18:00:00.000-04:00,,,2.0,0,https://static.prizepicks.com/images/manual/Néstor_Fernando_Muslera_Micol.png,,,,,OK,,,,,,,,,,,,,,,,,,,,,,0,,,,,,,,,,,,,,,,,,,,,,NO_DATA,,
234873,Alexis Castro,Midfielder,ESTUDIANTES,CÓRDOBA SDE,SOCCER,1.5,Shots,shots,Goblin,10754019,10754019,275334,138276,2026-03-23T18:00:00.000-04:00,,,,1,https://static.prizepicks.com/images/manual/Alexis_Castro.png,,,,,OK,,,,,,,,,,,,,,,,,,,,,,0,,,,,,,,,,,,,,,,,,,,,,NO_DATA,,
234873,Alexis Castro,Midfielder,ESTUDIANTES,CÓRDOBA SDE,SOCCER,1.5,Shots On Target,shots_on_target,Demon,10754020,10754020,275334,138276,2026-03-23T18:00:00.000-04:00,,,,1,https://static.prizepicks.com/images/manual/Alexis_Castro.png,,,,,OK,,,,,,,,,,,,,,,,,,,,,,0,,,,,,,,,,,,,,,,,,,,,,NO_DATA,,
266508,Diego Barrera,Attacker,CÓRDOBA SDE,ESTUDIANTES,SOCCER,1.5,Shots,shots,Demon,10754034,10754034,275820,138276,2026-03-23T18:00:00.000-04:00,,,,1,https://static.prizepicks.com/images/manual/Diego Barrera.png,,,,,OK,,2.0,,,,,,,,,,,Elite,2026-03-23T13:40:37.414479+00:00,10.0,5.0,0.5,0.0,5.0,0.0,2.0,0,,,,,,,,,,,,,,,,,,,,,,NO_DATA,,
266508,Diego Barrera,Attacker,CÓRDOBA SDE,ESTUDIANTES,SOCCER,1.5,Shots On Target,shots_on_target,Demon,10754038,10754038,275820,138276,2026-03-23T18:00:00.000-04:00,,,,2,https://static.prizepicks.com/images/manual/Diego Barrera.png,,,,,OK,,2.0,,,,,,,,,,,Elite,2026-03-23T13:40:37.414479+00:00,10.0,5.0,0.5,0.0,5.0,0.0,2.0,0,,,,,,,,,,,,,,,,,,,,,,NO_DATA,,
264844,Edwuin Cetré,Attacker,ESTUDIANTES,CÓRDOBA SDE,SOCCER,1.5,Shots On Target,shots_on_target,Demon,10754044,10754044,199536,138276,2026-03-23T18:00:00.000-04:00,,,,1,https://static.prizepicks.com/images/manual/Edwuin Cetré.png,,,,,OK,,,,,,,,,,,,,,,,,,,,,,0,,,,,,,,,,,,,,,,,,,,,,NO_DATA,,
276020,Eric Meza,Defender,ESTUDIANTES,CÓRDOBA SDE,SOCCER,1.5,Shots,shots,Demon,10754049,10754049,247085,138276,2026-03-23T18:00:00.000-04:00,,,,1,https://static.prizepicks.com/images/manual/Eric Meza .png,,,,,OK,,,,,,,,,,,,,,,,,,,,,,0,,,,,,,,,,,,,,,,,,,,,,NO_DATA,,
318082,Eros Mancuso,Defender,ESTUDIANTES,CÓRDOBA SDE,SOCCER,1.5,Shots,shots,Demon,10754054,10754054,297010,138276,2026-03-23T18:00:00.000-04:00,,,,1,https://static.prizepicks.com/images/manual/Eros_Mancuso.png,,,,,OK,,,,,,,,,,,,,,,,,,,,,,0,,,,,,,,,,,,,,,,,,,,,,NO_DATA,,
322987,Ezequiel Naya,Attacker,CÓRDOBA SDE,ESTUDIANTES,SOCCER,1.5,Shots,shots,Demon,10754058,10754058,295043,138276,2026-03-23T18:00:00.000-04:00,,,,1,https://static.prizepicks.com/images/manual/Ezequiel_Naya.png,,,,,OK,,2.0,,,,,,,,,,,Elite,2026-03-23T13:40:37.414479+00:00,10.0,5.0,0.5,0.0,5.0,0.0,2.0,0,,,,,,,,,,,,,,,,,,,,,,NO_DATA,,
322987,Ezequiel Naya,Attacker,CÓRDOBA SDE,ESTUDIANTES,SOCCER,1.5,Shots On Target,shots_on_target,Demon,10754061,10754061,295043,138276,2026-03-23T18:00:00.000-04:00,,,,1,https://static.prizepicks.com/images/manual/Ezequiel_Naya.png,,,,,OK,,2.0,,,,,,,,,,,Elite,2026-03-23T13:40:37.414479+00:00,10.0,5.0,0.5,0.0,5.0,0.0,2.0,0,,,,,,,,,,,,,,,,,,,,,,NO_DATA,,
316649,Fabricio Pérez,Attacker,ESTUDIANTES,CÓRDOBA SDE,SOCCER,1.5,Shots On Target,shots_on_target,Demon,10754068,10754068,275336,138276,2026-03-23T18:00:00.000-04:00,,,,1,https://static.prizepicks.com/images/manual/Fabricio_Pérez.png,,,,,OK,,,,,,,,,,,,,,,,,,,,,,0,,,,,,,,,,,,,,,,,,,,,,NO_DATA,,
154738,Guido Carrillo,Attacker,ESTUDIANTES,CÓRDOBA SDE,SOCCER,1.5,Shots On Target,shots_on_target,Demon,10754085,10754085,198797,138276,2026-03-23T18:00:00.000-04:00,,,,1,https://static.prizepicks.com/images/manual/Guido Carrillo .png,,,,,OK,,,,,,,,,,,,,,,,,,,,,,0,,,,,,,,,,,,,,,,,,,,,,NO_DATA,,
383022,Joaquín Burgos,Attacker,ESTUDIANTES,CÓRDOBA SDE,SOCCER,1.5,Shots,shots,Goblin,10754100,10754100,275339,138276,2026-03-23T18:00:00.000-04:00,,,,1,https://static.prizepicks.com/images/manual/Joaquín_Tobio_Burgos.png,,,,,OK,,,,,,,,,,,,,,,,,,,,,,0,,,,,,,,,,,,,,,,,,,,,,NO_DATA,,
383022,Joaquín Burgos,Attacker,ESTUDIANTES,CÓRDOBA SDE,SOCCER,1.5,Shots On Target,shots_on_target,Demon,10754101,10754101,275339,138276,2026-03-23T18:00:00.000-04:00,,,,1,https://static.prizepicks.com/images/manual/Joaquín_Tobio_Burgos.png,,,,,OK,,,,,,,,,,,,,,,,,,,,,,0,,,,,,,,,,,,,,,,,,,,,,NO_DATA,,
154748,Leandro Pírez,Defender,ESTUDIANTES,CÓRDOBA SDE,SOCCER,1.5,Shots,shots,Demon,10754108,10754108,275341,138276,2026-03-23T18:00:00.000-04:00,,,,1,https://static.prizepicks.com/images/manual/Leandro_González_Pírez.png,,,,,OK,,,,,,,,,,,,,,,,,,,,,,0,,,,,,,,,,,,,,,,,,,,,,NO_DATA,,
240401,Ezequiel Piovi,Midfielder,ESTUDIANTES,CÓRDOBA SDE,SOCCER,1.5,Shots,shots,Demon,10754113,10754113,275342,138276,2026-03-23T18:00:00.000-04:00,,,,1,https://static.prizepicks.com/images/manual/Ezequiel_Piovi.png,,,,,OK,,,,,,,,,,,,,,,,,,,,,,0,,,,,,,,,,,,,,,,,,,,,,NO_DATA,,
365160,Mikel Amondarain,Midfielder,ESTUDIANTES,CÓRDOBA SDE,SOCCER,1.5,Shots,shots,Demon,10754127,10754127,246645,138276,2026-03-23T18:00:00.000-04:00,,,,1,https://static.prizepicks.com/images/manual/Mikel Jesús Amondarain.png,,,,,OK,,,,,,,,,,,,,,,,,,,,,,0,,,,,,,,,,,,,,,,,,,,,,NO_DATA,,
250467,Santiago Arzamendia,Defender,ESTUDIANTES,CÓRDOBA SDE,SOCCER,1.5,Shots,shots,Demon,10754133,10754133,275345,138276,2026-03-23T18:00:00.000-04:00,,,,1,https://static.prizepicks.com/images/manual/Santiago_Arzamendia.png,,,,,OK,,,,,,,,,,,,,,,,,,,,,,0,,,,,,,,,,,,,,,,,,,,,,NO_DATA,,
331043,Santiago Núñez,Defender,ESTUDIANTES,CÓRDOBA SDE,SOCCER,1.5,Shots,shots,Demon,10754138,10754138,172734,138276,2026-03-23T18:00:00.000-04:00,,,,1,https://imgur.com/q6wuP41.png,,,,,OK,,,,,,,,,,,,,,,,,,,,,,0,,,,,,,,,,,,,,,,,,,,,,NO_DATA,,
302051,Tiago Palacios,Midfielder,ESTUDIANTES,CÓRDOBA SDE,SOCCER,1.5,Shots On Target,shots_on_target,Demon,10754148,10754148,198798,138276,2026-03-23T18:00:00.000-04:00,,,,1,https://static.prizepicks.com/images/manual/Tiago Palacios .webp,,,,,OK,,,,,,,,,,,,,,,,,,,,,,0,,,,,,,,,,,,,,,,,,,,,,NO_DATA,,
154738,Guido Carrillo,Attacker,ESTUDIANTES,CÓRDOBA SDE,SOCCER,1.5,Shots,shots,Goblin,10764425,10764425,198797,138276,2026-03-23T18:00:00.000-04:00,,,3.0,1,https://static.prizepicks.com/images/manual/Guido Carrillo .png,,,,,OK,,,,,,,,,,,,,,,,,,,,,,0,,,,,,,,,,,,,,,,,,,,,,NO_DATA,,
276024,Adolfo Gaich,Attacker,ESTUDIANTES,CÓRDOBA SDE,SOCCER,0.5,Goals,goals,Demon,10754011,10754011,295302,138276,2026-03-23T18:00:00.000-04:00,,,,1,https://static.prizepicks.com/images/manual/Adolfo_Gaich.png,,,,,OK,,,,,,,,,,,,,,,,,,,,,,0,,,,,,,,,,,,,,,,,,,,,,NO_DATA,,
407279,Alan Laprida,Attacker,CÓRDOBA SDE,ESTUDIANTES,SOCCER,0.5,Goals,goals,Demon,10754012,10754012,298391,138276,2026-03-23T18:00:00.000-04:00,,,,1,https://static.prizepicks.com/images/manual/Alan_Laprida.png,,,,,OK,,2.0,,,,,,,,,,,Elite,2026-03-23T13:40:37.414479+00:00,10.0,5.0,0.5,0.0,5.0,0.0,2.0,0,,,,,,,,,,,,,,,,,,,,,,NO_DATA,,
262493,Alejandro Maciel,Defender,CÓRDOBA SDE,ESTUDIANTES,SOCCER,0.5,Shots,shots,Demon,10754013,10754013,296871,138276,2026-03-23T18:00:00.000-04:00,,,,1,https://static.prizepicks.com/images/manual/Alejandro_Maciel.png,,,,,OK,,2.0,,,,,,,,,,,Elite,2026-03-23T13:40:37.414479+00:00,10.0,5.0,0.5,0.0,5.0,0.0,2.0,0,,,,,,,,,,,,,,,,,,,,,,NO_DATA,,
262493,Alejandro Maciel,Defender,CÓRDOBA SDE,ESTUDIANTES,SOCCER,0.5,Shots On Target,shots_on_target,Demon,10754014,10754014,296871,138276,2026-03-23T18:00:00.000-04:00,,,,1,https://static.prizepicks.com/images/manual/Alejandro_Maciel.png,,,,,OK,,2.0,,,,,,,,,,,Elite,2026-03-23T13:40:37.414479+00:00,10.0,5.0,0.5,0.0,5.0,0.0,2.0,0,,,,,,,,,,,,,,,,,,,,,,NO_DATA,,
234873,Alexis Castro,Midfielder,ESTUDIANTES,CÓRDOBA SDE,SOCCER,0.5,Assists,assists,Demon,10754015,10754015,275334,138276,2026-03-23T18:00:00.000-04:00,,,,1,https://static.prizepicks.com/images/manual/Alexis_Castro.png,,,,,OK,,,,,,,,,,,,,,,,,,,,,,0,,,,,,,,,,,,,,,,,,,,,,NO_DATA,,
234873,Alexis Castro,Midfielder,ESTUDIANTES,CÓRDOBA SDE,SOCCER,0.5,Goals,goals,Demon,10754016,10754016,275334,138276,2026-03-23T18:00:00.000-04:00,,,,1,https://static.prizepicks.com/images/manual/Alexis_Castro.png,,,,,OK,,,,,,,,,,,,,,,,,,,,,,0,,,,,,,,,,,,,,,,,,,,,,NO_DATA,,
234873,Alexis Castro,Midfielder,ESTUDIANTES,CÓRDOBA SDE,SOCCER,0.5,Shots On Target,shots_on_target,Goblin,10754022,10754022,275334,138276,2026-03-23T18:00:00.000-04:00,,,,1,https://static.prizepicks.com/images/manual/Alexis_Castro.png,,,,,OK,,,,,,,,,,,,,,,,,,,,,,0,,,,,,,,,,,,,,,,,,,,,,NO_DATA,,
195760,Santiago Moyano,Defender,CÓRDOBA SDE,ESTUDIANTES,SOCCER,0.5,Shots,shots,Demon,10754023,10754023,275816,138276,2026-03-23T18:00:00.000-04:00,,,,1,https://static.prizepicks.com/images/manual/Santiago Moyano.png,,,,,OK,,2.0,,,,,,,,,,,Elite,2026-03-23T13:40:37.414479+00:00,10.0,5.0,0.5,0.0,5.0,0.0,2.0,0,,,,,,,,,,,,,,,,,,,,,,NO_DATA,,
195760,Santiago Moyano,Defender,CÓRDOBA SDE,ESTUDIANTES,SOCCER,0.5,Shots On Target,shots_on_target,Demon,10754024,10754024,275816,138276,2026-03-23T18:00:00.000-04:00,,,,1,https://static.prizepicks.com/images/manual/Santiago Moyano.png,,,,,OK,,2.0,,,,,,,,,,,Elite,2026-03-23T13:40:37.414479+00:00,10.0,5.0,0.5,0.0,5.0,0.0,2.0,0,,,,,,,,,,,,,,,,,,,,,,NO_DATA,,
309131,Brian Aguirre,Attacker,ESTUDIANTES,CÓRDOBA SDE,SOCCER,0.5,Assists,assists,Demon,10754025,10754025,297598,138276,2026-03-23T18:00:00.000-04:00,,,,1,https://static.prizepicks.com/images/manual/Brian_Aguirre.png,,,,,OK,,,,,,,,,,,,,,,,,,,,,,0,,,,,,,,,,,,,,,,,,,,,,NO_DATA,,
309131,Brian Aguirre,Attacker,ESTUDIANTES,CÓRDOBA SDE,SOCCER,0.5,Goal + Assist,goal_assist,Demon,10754026,10754026,297598,138276,2026-03-23T18:00:00.000-04:00,,,,1,https://static.prizepicks.com/images/manual/Brian_Aguirre.png,,,,,OK,,,,,,,,,,,,,,,,,,,,,,0,,,,,,,,,,,,,,,,,,,,,,NO_DATA,,
309131,Brian Aguirre,Attacker,ESTUDIANTES,CÓRDOBA SDE,SOCCER,0.5,Goals,goals,Demon,10754027,10754027,297598,138276,2026-03-23T18:00:00.000-04:00,,,,1,https://static.prizepicks.com/images/manual/Brian_Aguirre.png,,,,,OK,,,,,,,,,,,,,,,,,,,,,,0,,,,,,,,,,,,,,,,,,,,,,NO_DATA,,
309131,Brian Aguirre,Attacker,ESTUDIANTES,CÓRDOBA SDE,SOCCER,0.5,Shots,shots,Goblin,10754030,10754030,297598,138276,2026-03-23T18:00:00.000-04:00,,,,1,https://static.prizepicks.com/images/manual/Brian_Aguirre.png,,,,,OK,,,,,,,,,,,,,,,,,,,,,,0,,,,,,,,,,,,,,,,,,,,,,NO_DATA,,
309131,Brian Aguirre,Attacker,ESTUDIANTES,CÓRDOBA SDE,SOCCER,0.5,Shots On Target,shots_on_target,Demon,10754031,10754031,297598,138276,2026-03-23T18:00:00.000-04:00,,,,1,https://static.prizepicks.com/images/manual/Brian_Aguirre.png,,,,,OK,,,,,,,,,,,,,,,,,,,,,,0,,,,,,,,,,,,,,,,,,,,,,NO_DATA,,
266508,Diego Barrera,Attacker,CÓRDOBA SDE,ESTUDIANTES,SOCCER,0.5,Assists,assists,Demon,10754032,10754032,275820,138276,2026-03-23T18:00:00.000-04:00,,,,1,https://static.prizepicks.com/images/manual/Diego Barrera.png,,,,,OK,,2.0,,,,,,,,,,,Elite,2026-03-23T13:40:37.414479+00:00,10.0,5.0,0.5,0.0,5.0,0.0,2.0,0,,,,,,,,,,,,,,,,,,,,,,NO_DATA,,
266508,Diego Barrera,Attacker,CÓRDOBA SDE,ESTUDIANTES,SOCCER,0.5,Goal + Assist,goal_assist,Demon,10754033,10754033,275820,138276,2026-03-23T18:00:00.000-04:00,,,,1,https://static.prizepicks.com/images/manual/Diego Barrera.png,,,,,OK,,2.0,,,,,,,,,,,Elite,2026-03-23T13:40:37.414479+00:00,10.0,5.0,0.5,0.0,5.0,0.0,2.0,0,,,,,,,,,,,,,,,,,,,,,,NO_DATA,,
266508,Diego Barrera,Attacker,CÓRDOBA SDE,ESTUDIANTES,SOCCER,0.5,Shots,shots,Goblin,10754036,10754036,275820,138276,2026-03-23T18:00:00.000-04:00,,,,1,https://static.prizepicks.com/images/manual/Diego Barrera.png,,,,,OK,,2.0,,,,,,,,,,,Elite,2026-03-23T13:40:37.414479+00:00,10.0,5.0,0.5,0.0,5.0,0.0,2.0,0,,,,,,,,,,,,,,,,,,,,,,NO_DATA,,
266508,Diego Barrera,Attacker,CÓRDOBA SDE,ESTUDIANTES,SOCCER,0.5,Shots On Target,shots_on_target,Demon,10754037,10754037,275820,138276,2026-03-23T18:00:00.000-04:00,,,,1,https://static.prizepicks.com/images/manual/Diego Barrera.png,,,,,OK,,2.0,,,,,,,,,,,Elite,2026-03-23T13:40:37.414479+00:00,10.0,5.0,0.5,0.0,5.0,0.0,2.0,0,,,,,,,,,,,,,,,,,,,,,,NO_DATA,,
264844,Edwuin Cetré,Attacker,ESTUDIANTES,CÓRDOBA SDE,SOCCER,0.5,Assists,assists,Demon,10754039,10754039,199536,138276,2026-03-23T18:00:00.000-04:00,,,,1,https://static.prizepicks.com/images/manual/Edwuin Cetré.png,,,,,OK,,,,,,,,,,,,,,,,,,,,,,0,,,,,,,,,,,,,,,,,,,,,,NO_DATA,,
264844,Edwuin Cetré,Attacker,ESTUDIANTES,CÓRDOBA SDE,SOCCER,0.5,Goal + Assist,goal_assist,Demon,10754040,10754040,199536,138276,2026-03-23T18:00:00.000-04:00,,,,1,https://static.prizepicks.com/images/manual/Edwuin Cetré.png,,,,,OK,,,,,,,,,,,,,,,,,,,,,,0,,,,,,,,,,,,,,,,,,,,,,NO_DATA,,
264844,Edwuin Cetré,Attacker,ESTUDIANTES,CÓRDOBA SDE,SOCCER,0.5,Goals,goals,Demon,10754041,10754041,199536,138276,2026-03-23T18:00:00.000-04:00,,,,1,https://static.prizepicks.com/images/manual/Edwuin Cetré.png,,,,,OK,,,,,,,,,,,,,,,,,,,,,,0,,,,,,,,,,,,,,,,,,,,,,NO_DATA,,
276020,Eric Meza,Defender,ESTUDIANTES,CÓRDOBA SDE,SOCCER,0.5,Assists,assists,Demon,10754047,10754047,247085,138276,2026-03-23T18:00:00.000-04:00,,,,1,https://static.prizepicks.com/images/manual/Eric Meza .png,,,,,OK,,,,,,,,,,,,,,,,,,,,,,0,,,,,,,,,,,,,,,,,,,,,,NO_DATA,,
276020,Eric Meza,Defender,ESTUDIANTES,CÓRDOBA SDE,SOCCER,0.5,Goal + Assist,goal_assist,Demon,10754048,10754048,247085,138276,2026-03-23T18:00:00.000-04:00,,,,1,https://static.prizepicks.com/images/manual/Eric Meza .png,,,,,OK,,,,,,,,,,,,,,,,,,,,,,0,,,,,,,,,,,,,,,,,,,,,,NO_DATA,,
276020,Eric Meza,Defender,ESTUDIANTES,CÓRDOBA SDE,SOCCER,0.5,Shots,shots,Goblin,10754050,10754050,247085,138276,2026-03-23T18:00:00.000-04:00,,,,1,https://static.prizepicks.com/images/manual/Eric Meza .png,,,,,OK,,,,,,,,,,,,,,,,,,,,,,0,,,,,,,,,,,,,,,,,,,,,,NO_DATA,,
276020,Eric Meza,Defender,ESTUDIANTES,CÓRDOBA SDE,SOCCER,0.5,Shots On Target,shots_on_target,Demon,10754051,10754051,247085,138276,2026-03-23T18:00:00.000-04:00,,,,1,https://static.prizepicks.com/images/manual/Eric Meza .png,,,,,OK,,,,,,,,,,,,,,,,,,,,,,0,,,,,,,,,,,,,,,,,,,,,,NO_DATA,,
318082,Eros Mancuso,Defender,ESTUDIANTES,CÓRDOBA SDE,SOCCER,0.5,Assists,assists,Demon,10754052,10754052,297010,138276,2026-03-23T18:00:00.000-04:00,,,,1,https://static.prizepicks.com/images/manual/Eros_Mancuso.png,,,,,OK,,,,,,,,,,,,,,,,,,,,,,0,,,,,,,,,,,,,,,,,,,,,,NO_DATA,,
318082,Eros Mancuso,Defender,ESTUDIANTES,CÓRDOBA SDE,SOCCER,0.5,Goal + Assist,goal_assist,Demon,10754053,10754053,297010,138276,2026-03-23T18:00:00.000-04:00,,,,1,https://static.prizepicks.com/images/manual/Eros_Mancuso.png,,,,,OK,,,,,,,,,,,,,,,,,,,,,,0,,,,,,,,,,,,,,,,,,,,,,NO_DATA,,
318082,Eros Mancuso,Defender,ESTUDIANTES,CÓRDOBA SDE,SOCCER,0.5,Shots On Target,shots_on_target,Demon,10754055,10754055,297010,138276,2026-03-23T18:00:00.000-04:00,,,,1,https://static.prizepicks.com/images/manual/Eros_Mancuso.png,,,,,OK,,,,,,,,,,,,,,,,,,,,,,0,,,,,,,,,,,,,,,,,,,,,,NO_DATA,,
322987,Ezequiel Naya,Attacker,CÓRDOBA SDE,ESTUDIANTES,SOCCER,0.5,Goal + Assist,goal_assist,Demon,10754056,10754056,295043,138276,2026-03-23T18:00:00.000-04:00,,,,1,https://static.prizepicks.com/images/manual/Ezequiel_Naya.png,,,,,OK,,2.0,,,,,,,,,,,Elite,2026-03-23T13:40:37.414479+00:00,10.0,5.0,0.5,0.0,5.0,0.0,2.0,0,,,,,,,,,,,,,,,,,,,,,,NO_DATA,,
322987,Ezequiel Naya,Attacker,CÓRDOBA SDE,ESTUDIANTES,SOCCER,0.5,Goals,goals,Demon,10754057,10754057,295043,138276,2026-03-23T18:00:00.000-04:00,,,,1,https://static.prizepicks.com/images/manual/Ezequiel_Naya.png,,,,,OK,,2.0,,,,,,,,,,,Elite,2026-03-23T13:40:37.414479+00:00,10.0,5.0,0.5,0.0,5.0,0.0,2.0,0,,,,,,,,,,,,,,,,,,,,,,NO_DATA,,
322987,Ezequiel Naya,Attacker,CÓRDOBA SDE,ESTUDIANTES,SOCCER,0.5,Shots,shots,Goblin,10754060,10754060,295043,138276,2026-03-23T18:00:00.000-04:00,,,,1,https://static.prizepicks.com/images/manual/Ezequiel_Naya.png,,,,,OK,,2.0,,,,,,,,,,,Elite,2026-03-23T13:40:37.414479+00:00,10.0,5.0,0.5,0.0,5.0,0.0,2.0,0,,,,,,,,,,,,,,,,,,,,,,NO_DATA,,
316649,Fabricio Pérez,Attacker,ESTUDIANTES,CÓRDOBA SDE,SOCCER,0.5,Assists,assists,Demon,10754063,10754063,275336,138276,2026-03-23T18:00:00.000-04:00,,,,1,https://static.prizepicks.com/images/manual/Fabricio_Pérez.png,,,,,OK,,,,,,,,,,,,,,,,,,,,,,0,,,,,,,,,,,,,,,,,,,,,,NO_DATA,,
316649,Fabricio Pérez,Attacker,ESTUDIANTES,CÓRDOBA SDE,SOCCER,0.5,Goals,goals,Demon,10754064,10754064,275336,138276,2026-03-23T18:00:00.000-04:00,,,,1,https://static.prizepicks.com/images/manual/Fabricio_Pérez.png,,,,,OK,,,,,,,,,,,,,,,,,,,,,,0,,,,,,,,,,,,,,,,,,,,,,NO_DATA,,
316649,Fabricio Pérez,Attacker,ESTUDIANTES,CÓRDOBA SDE,SOCCER,0.5,Shots On Target,shots_on_target,Goblin,10754069,10754069,275336,138276,2026-03-23T18:00:00.000-04:00,,,,1,https://static.prizepicks.com/images/manual/Fabricio_Pérez.png,,,,,OK,,,,,,,,,,,,,,,,,,,,,,0,,,,,,,,,,,,,,,,,,,,,,NO_DATA,,
298592,Facundo Farías,Midfielder,ESTUDIANTES,CÓRDOBA SDE,SOCCER,0.5,Goals,goals,Demon,10754070,10754070,275337,138276,2026-03-23T18:00:00.000-04:00,,,,1,https://static.prizepicks.com/images/players/soccer/i5t4hnr419aricpisjxigqy2.webp,,,,,OK,,,,,,,,,,,,,,,,,,,,,,0,,,,,,,,,,,,,,,,,,,,,,NO_DATA,,
317313,Fernando Martínez,Defender,CÓRDOBA SDE,ESTUDIANTES,SOCCER,0.5,Shots On Target,shots_on_target,Demon,10754071,10754071,275824,138276,2026-03-23T18:00:00.000-04:00,,,,1,https://static.prizepicks.com/images/manual/Fernando Martínez.png,,,,,OK,,2.0,,,,,,,,,,,Elite,2026-03-23T13:40:37.414479+00:00,10.0,5.0,0.5,0.0,5.0,0.0,2.0,0,,,,,,,,,,,,,,,,,,,,,,NO_DATA,,
,Franco Ávila,Attacker,ESTUDIANTES,CÓRDOBA SDE,SOCCER,0.5,Goals,goals,Demon,10754072,10754072,252599,138276,2026-03-23T18:00:00.000-04:00,,,,1,https://static.prizepicks.com/images/manual/Franco_Ariel_Dominguez_Avila.png,,,,,UNRESOLVED_SINGLE,,,,,,,,,,,,,,,,,,,,,,0,,,,,,,,,,,,,,,,,,,,,,NO_ID,,
383026,Franco Basualdo,Midfielder,ESTUDIANTES,CÓRDOBA SDE,SOCCER,0.5,Goals,goals,Demon,10754073,10754073,299260,138276,2026-03-23T18:00:00.000-04:00,,,,1,https://static.prizepicks.com/images/manual/Franco_Basualdo.png,,,,,OK,,,,,,,,,,,,,,,,,,,,,,0,,,,,,,,,,,,,,,,,,,,,,NO_DATA,,
254141,Gabriel Neves,Midfielder,ESTUDIANTES,CÓRDOBA SDE,SOCCER,0.5,Goals,goals,Demon,10754074,10754074,275338,138276,2026-03-23T18:00:00.000-04:00,,,,1,https://static.prizepicks.com/images/manual/Gabriel_Neves.png,,,,,OK,,,,,,,,,,,,,,,,,,,,,,0,,,,,,,,,,,,,,,,,,,,,,NO_DATA,,
301955,Gastón Benedetti,Defender,ESTUDIANTES,CÓRDOBA SDE,SOCCER,0.5,Assists,assists,Demon,10754075,10754075,172739,138276,2026-03-23T18:00:00.000-04:00,,,,1,https://static.prizepicks.com/images/manual/Gastón Benedetti .webp,,,,,OK,,,,,,,,,,,,,,,,,,,,,,0,,,,,,,,,,,,,,,,,,,,,,NO_DATA,,
301955,Gastón Benedetti,Defender,ESTUDIANTES,CÓRDOBA SDE,SOCCER,0.5,Goal + Assist,goal_assist,Demon,10754076,10754076,172739,138276,2026-03-23T18:00:00.000-04:00,,,,1,https://static.prizepicks.com/images/manual/Gastón Benedetti .webp,,,,,OK,,,,,,,,,,,,,,,,,,,,,,0,,,,,,,,,,,,,,,,,,,,,,NO_DATA,,
301955,Gastón Benedetti,Defender,ESTUDIANTES,CÓRDOBA SDE,SOCCER,0.5,Shots On Target,shots_on_target,Demon,10754078,10754078,172739,138276,2026-03-23T18:00:00.000-04:00,,,,1,https://static.prizepicks.com/images/manual/Gastón Benedetti .webp,,,,,OK,,,,,,,,,,,,,,,,,,,,,,0,,,,,,,,,,,,,,,,,,,,,,NO_DATA,,
154738,Guido Carrillo,Attacker,ESTUDIANTES,CÓRDOBA SDE,SOCCER,0.5,Assists,assists,Demon,10754079,10754079,198797,138276,2026-03-23T18:00:00.000-04:00,,,,1,https://static.prizepicks.com/images/manual/Guido Carrillo .png,,,,,OK,,,,,,,,,,,,,,,,,,,,,,0,,,,,,,,,,,,,,,,,,,,,,NO_DATA,,
154738,Guido Carrillo,Attacker,ESTUDIANTES,CÓRDOBA SDE,SOCCER,0.5,Goal + Assist,goal_assist,Demon,10754080,10754080,198797,138276,2026-03-23T18:00:00.000-04:00,,,,1,https://static.prizepicks.com/images/manual/Guido Carrillo .png,,,,,OK,,,,,,,,,,,,,,,,,,,,,,0,,,,,,,,,,,,,,,,,,,,,,NO_DATA,,
154738,Guido Carrillo,Attacker,ESTUDIANTES,CÓRDOBA SDE,SOCCER,0.5,Goals,goals,Demon,10754081,10754081,198797,138276,2026-03-23T18:00:00.000-04:00,,,,1,https://static.prizepicks.com/images/manual/Guido Carrillo .png,,,,,OK,,,,,,,,,,,,,,,,,,,,,,0,,,,,,,,,,,,,,,,,,,,,,NO_DATA,,
154738,Guido Carrillo,Attacker,ESTUDIANTES,CÓRDOBA SDE,SOCCER,0.5,Shots On Target,shots_on_target,Goblin,10754087,10754087,198797,138276,2026-03-23T18:00:00.000-04:00,,,,1,https://static.prizepicks.com/images/manual/Guido Carrillo .png,,,,,OK,,,,,,,,,,,,,,,,,,,,,,0,,,,,,,,,,,,,,,,,,,,,,NO_DATA,,
222156,Horacio Tijanovich,Attacker,CÓRDOBA SDE,ESTUDIANTES,SOCCER,0.5,Goal + Assist,goal_assist,Demon,10754088,10754088,295047,138276,2026-03-23T18:00:00.000-04:00,,,,1,https://static.prizepicks.com/images/manual/Horacio_Tijanovich.png,,,,,OK,,2.0,,,,,,,,,,,Elite,2026-03-23T13:40:37.414479+00:00,10.0,5.0,0.5,0.0,5.0,0.0,2.0,0,,,,,,,,,,,,,,,,,,,,,,NO_DATA,,
222156,Horacio Tijanovich,Attacker,CÓRDOBA SDE,ESTUDIANTES,SOCCER,0.5,Shots On Target,shots_on_target,Demon,10754089,10754089,295047,138276,2026-03-23T18:00:00.000-04:00,,,,1,https://static.prizepicks.com/images/manual/Horacio_Tijanovich.png,,,,,OK,,2.0,,,,,,,,,,,Elite,2026-03-23T13:40:37.414479+00:00,10.0,5.0,0.5,0.0,5.0,0.0,2.0,0,,,,,,,,,,,,,,,,,,,,,,NO_DATA,,
360999,Joaquín Flores,Midfielder,CÓRDOBA SDE,ESTUDIANTES,SOCCER,0.5,Goals,goals,Demon,10754090,10754090,295198,138276,2026-03-23T18:00:00.000-04:00,,,,1,,,,,,OK,,2.0,,,,,,,,,,,Elite,2026-03-23T13:40:37.414479+00:00,10.0,5.0,0.5,0.0,5.0,0.0,2.0,0,,,,,,,,,,,,,,,,,,,,,,NO_DATA,,
233943,Joaquín Pereyra,Defender,ESTUDIANTES,CÓRDOBA SDE,SOCCER,0.5,Assists,assists,Demon,10754091,10754091,246644,138276,2026-03-23T18:00:00.000-04:00,,,,1,https://static.prizepicks.com/images/manual/Joaquín Maximiliano Pereyra .png,,,,,OK,,,,,,,,,,,,,,,,,,,,,,0,,,,,,,,,,,,,,,,,,,,,,NO_DATA,,
233943,Joaquín Pereyra,Defender,ESTUDIANTES,CÓRDOBA SDE,SOCCER,0.5,Goal + Assist,goal_assist,Demon,10754092,10754092,246644,138276,2026-03-23T18:00:00.000-04:00,,,,1,https://static.prizepicks.com/images/manual/Joaquín Maximiliano Pereyra .png,,,,,OK,,,,,,,,,,,,,,,,,,,,,,0,,,,,,,,,,,,,,,,,,,,,,NO_DATA,,
233943,Joaquín Pereyra,Defender,ESTUDIANTES,CÓRDOBA SDE,SOCCER,0.5,Goals,goals,Demon,10754093,10754093,246644,138276,2026-03-23T18:00:00.000-04:00,,,,1,https://static.prizepicks.com/images/manual/Joaquín Maximiliano Pereyra .png,,,,,OK,,,,,,,,,,,,,,,,,,,,,,0,,,,,,,,,,,,,,,,,,,,,,NO_DATA,,
233943,Joaquín Pereyra,Defender,ESTUDIANTES,CÓRDOBA SDE,SOCCER,0.5,Shots On Target,shots_on_target,Demon,10754094,10754094,246644,138276,2026-03-23T18:00:00.000-04:00,,,,1,https://static.prizepicks.com/images/manual/Joaquín Maximiliano Pereyra .png,,,,,OK,,,,,,,,,,,,,,,,,,,,,,0,,,,,,,,,,,,,,,,,,,,,,NO_DATA,,
383022,Joaquín Burgos,Attacker,ESTUDIANTES,CÓRDOBA SDE,SOCCER,0.5,Assists,assists,Demon,10754095,10754095,275339,138276,2026-03-23T18:00:00.000-04:00,,,,1,https://static.prizepicks.com/images/manual/Joaquín_Tobio_Burgos.png,,,,,OK,,,,,,,,,,,,,,,,,,,,,,0,,,,,,,,,,,,,,,,,,,,,,NO_DATA,,
383022,Joaquín Burgos,Attacker,ESTUDIANTES,CÓRDOBA SDE,SOCCER,0.5,Goal + Assist,goal_assist,Demon,10754096,10754096,275339,138276,2026-03-23T18:00:00.000-04:00,,,,1,https://static.prizepicks.com/images/manual/Joaquín_Tobio_Burgos.png,,,,,OK,,,,,,,,,,,,,,,,,,,,,,0,,,,,,,,,,,,,,,,,,,,,,NO_DATA,,
383022,Joaquín Burgos,Attacker,ESTUDIANTES,CÓRDOBA SDE,SOCCER,0.5,Goals,goals,Demon,10754097,10754097,275339,138276,2026-03-23T18:00:00.000-04:00,,,,1,https://static.prizepicks.com/images/manual/Joaquín_Tobio_Burgos.png,,,,,OK,,,,,,,,,,,,,,,,,,,,,,0,,,,,,,,,,,,,,,,,,,,,,NO_DATA,,
102240,José Sosa,Midfielder,ESTUDIANTES,CÓRDOBA SDE,SOCCER,0.5,Goals,goals,Demon,10754102,10754102,172741,138276,2026-03-23T18:00:00.000-04:00,,,,1,https://static.prizepicks.com/images/manual/José Sosa.png,,,,,OK,,,,,,,,,,,,,,,,,,,,,,0,,,,,,,,,,,,,,,,,,,,,,NO_DATA,,
151953,Ramiro Mori,Defender,ESTUDIANTES,CÓRDOBA SDE,SOCCER,0.5,Goal + Assist,goal_assist,Demon,10754103,10754103,275340,138276,2026-03-23T18:00:00.000-04:00,,,,1,https://static.prizepicks.com/images/manual/Ramiro_Funes_Mori.png,,,,,OK,,,,,,,,,,,,,,,,,,,,,,0,,,,,,,,,,,,,,,,,,,,,,NO_DATA,,
151953,Ramiro Mori,Defender,ESTUDIANTES,CÓRDOBA SDE,SOCCER,0.5,Shots On Target,shots_on_target,Demon,10754104,10754104,275340,138276,2026-03-23T18:00:00.000-04:00,,,,1,https://static.prizepicks.com/images/manual/Ramiro_Funes_Mori.png,,,,,OK,,,,,,,,,,,,,,,,,,,,,,0,,,,,,,,,,,,,,,,,,,,,,NO_DATA,,
335363,Juan Cardozo,Midfielder,CÓRDOBA SDE,ESTUDIANTES,SOCCER,0.5,Shots On Target,shots_on_target,Demon,10754105,10754105,303715,138276,2026-03-23T18:00:00.000-04:00,,,,1,https://static.prizepicks.com/images/manual/Juan_Cardozo.png,,,,,OK,,2.0,,,,,,,,,,,Elite,2026-03-23T13:40:37.414479+00:00,10.0,5.0,0.5,0.0,5.0,0.0,2.0,0,,,,,,,,,,,,,,,,,,,,,,NO_DATA,,
334989,Juan Pignani,Defender,CÓRDOBA SDE,ESTUDIANTES,SOCCER,0.5,Shots,shots,Demon,10754106,10754106,275834,138276,2026-03-23T18:00:00.000-04:00,,,,1,https://static.prizepicks.com/images/manual/Juan Pignani.png,,,,,OK,,2.0,,,,,,,,,,,Elite,2026-03-23T13:40:37.414479+00:00,10.0,5.0,0.5,0.0,5.0,0.0,2.0,0,,,,,,,,,,,,,,,,,,,,,,NO_DATA,,
154748,Leandro Pírez,Defender,ESTUDIANTES,CÓRDOBA SDE,SOCCER,0.5,Goal + Assist,goal_assist,Demon,10754107,10754107,275341,138276,2026-03-23T18:00:00.000-04:00,,,,1,https://static.prizepicks.com/images/manual/Leandro_González_Pírez.png,,,,,OK,,,,,,,,,,,,,,,,,,,,,,0,,,,,,,,,,,,,,,,,,,,,,NO_DATA,,
154748,Leandro Pírez,Defender,ESTUDIANTES,CÓRDOBA SDE,SOCCER,0.5,Shots On Target,shots_on_target,Demon,10754109,10754109,275341,138276,2026-03-23T18:00:00.000-04:00,,,,1,https://static.prizepicks.com/images/manual/Leandro_González_Pírez.png,,,,,OK,,,,,,,,,,,,,,,,,,,,,,0,,,,,,,,,,,,,,,,,,,,,,NO_DATA,,
278508,Leonardo Marchi,Defender,CÓRDOBA SDE,ESTUDIANTES,SOCCER,0.5,Shots On Target,shots_on_target,Demon,10754110,10754110,275835,138276,2026-03-23T18:00:00.000-04:00,,,,1,https://static.prizepicks.com/images/manual/Leonardo Marchi.png,,,,,OK,,2.0,,,,,,,,,,,Elite,2026-03-23T13:40:37.414479+00:00,10.0,5.0,0.5,0.0,5.0,0.0,2.0,0,,,,,,,,,,,,,,,,,,,,,,NO_DATA,,
297758,Lucas Varaldo,Attacker,CÓRDOBA SDE,ESTUDIANTES,SOCCER,0.5,Goals,goals,Demon,10754111,10754111,219721,138276,2026-03-23T18:00:00.000-04:00,,,,1,https://static.prizepicks.com/images/manual/Lucas Varaldo.png,,,,,OK,,2.0,,,,,,,,,,,Elite,2026-03-23T13:40:37.414479+00:00,10.0,5.0,0.5,0.0,5.0,0.0,2.0,0,,,,,,,,,,,,,,,,,,,,,,NO_DATA,,
240401,Ezequiel Piovi,Midfielder,ESTUDIANTES,CÓRDOBA SDE,SOCCER,0.5,Goals,goals,Demon,10754112,10754112,275342,138276,2026-03-23T18:00:00.000-04:00,,,,1,https://static.prizepicks.com/images/manual/Ezequiel_Piovi.png,,,,,OK,,,,,,,,,,,,,,,,,,,,,,0,,,,,,,,,,,,,,,,,,,,,,NO_DATA,,
240401,Ezequiel Piovi,Midfielder,ESTUDIANTES,CÓRDOBA SDE,SOCCER,0.5,Shots,shots,Goblin,10754114,10754114,275342,138276,2026-03-23T18:00:00.000-04:00,,,,1,https://static.prizepicks.com/images/manual/Ezequiel_Piovi.png,,,,,OK,,,,,,,,,,,,,,,,,,,,,,0,,,,,,,,,,,,,,,,,,,,,,NO_DATA,,
240401,Ezequiel Piovi,Midfielder,ESTUDIANTES,CÓRDOBA SDE,SOCCER,0.5,Shots On Target,shots_on_target,Demon,10754115,10754115,275342,138276,2026-03-23T18:00:00.000-04:00,,,,1,https://static.prizepicks.com/images/manual/Ezequiel_Piovi.png,,,,,OK,,,,,,,,,,,,,,,,,,,,,,0,,,,,,,,,,,,,,,,,,,,,,NO_DATA,,
158918,Lucas Alario,Attacker,ESTUDIANTES,CÓRDOBA SDE,SOCCER,0.5,Assists,assists,Demon,10754116,10754116,275343,138276,2026-03-23T18:00:00.000-04:00,,,,1,https://static.prizepicks.com/images/players/soccer/bgtnbojs8g884mbksh6o4wu6t.webp,,,,,OK,,,,,,,,,,,,,,,,,,,,,,0,,,,,,,,,,,,,,,,,,,,,,NO_DATA,,
158918,Lucas Alario,Attacker,ESTUDIANTES,CÓRDOBA SDE,SOCCER,0.5,Goal + Assist,goal_assist,Demon,10754117,10754117,275343,138276,2026-03-23T18:00:00.000-04:00,,,,1,https://static.prizepicks.com/images/players/soccer/bgtnbojs8g884mbksh6o4wu6t.webp,,,,,OK,,,,,,,,,,,,,,,,,,,,,,0,,,,,,,,,,,,,,,,,,,,,,NO_DATA,,
158918,Lucas Alario,Attacker,ESTUDIANTES,CÓRDOBA SDE,SOCCER,0.5,Goals,goals,Demon,10754118,10754118,275343,138276,2026-03-23T18:00:00.000-04:00,,,,1,https://static.prizepicks.com/images/players/soccer/bgtnbojs8g884mbksh6o4wu6t.webp,,,,,OK,,,,,,,,,,,,,,,,,,,,,,0,,,,,,,,,,,,,,,,,,,,,,NO_DATA,,
158918,Lucas Alario,Attacker,ESTUDIANTES,CÓRDOBA SDE,SOCCER,0.5,Shots On Target,shots_on_target,Goblin,10754120,10754120,275343,138276,2026-03-23T18:00:00.000-04:00,,,,1,https://static.prizepicks.com/images/players/soccer/bgtnbojs8g884mbksh6o4wu6t.webp,,,,,OK,,,,,,,,,,,,,,,,,,,,,,0,,,,,,,,,,,,,,,,,,,,,,NO_DATA,,
292018,Marco Iacobellis,Midfielder,CÓRDOBA SDE,ESTUDIANTES,SOCCER,0.5,Goal + Assist,goal_assist,Demon,10754121,10754121,295053,138276,2026-03-23T18:00:00.000-04:00,,,,1,https://static.prizepicks.com/images/manual/marco_iacobellis.png,,,,,OK,,2.0,,,,,,,,,,,Elite,2026-03-23T13:40:37.414479+00:00,10.0,5.0,0.5,0.0,5.0,0.0,2.0,0,,,,,,,,,,,,,,,,,,,,,,NO_DATA,,
292018,Marco Iacobellis,Midfielder,CÓRDOBA SDE,ESTUDIANTES,SOCCER,0.5,Shots On Target,shots_on_target,Demon,10754122,10754122,295053,138276,2026-03-23T18:00:00.000-04:00,,,,1,https://static.prizepicks.com/images/manual/marco_iacobellis.png,,,,,OK,,2.0,,,,,,,,,,,Elite,2026-03-23T13:40:37.414479+00:00,10.0,5.0,0.5,0.0,5.0,0.0,2.0,0,,,,,,,,,,,,,,,,,,,,,,NO_DATA,,
218440,Matías Vera,Midfielder,CÓRDOBA SDE,ESTUDIANTES,SOCCER,0.5,Shots,shots,Demon,10754123,10754123,246057,138276,2026-03-23T18:00:00.000-04:00,,,,1,https://static.prizepicks.com/images/manual/Matías Gabriel Vera.png,,,,,OK,,2.0,,,,,,,,,,,Elite,2026-03-23T13:40:37.414479+00:00,10.0,5.0,0.5,0.0,5.0,0.0,2.0,0,,,,,,,,,,,,,,,,,,,,,,NO_DATA,,
218440,Matías Vera,Midfielder,CÓRDOBA SDE,ESTUDIANTES,SOCCER,0.5,Shots On Target,shots_on_target,Demon,10754124,10754124,246057,138276,2026-03-23T18:00:00.000-04:00,,,,1,https://static.prizepicks.com/images/manual/Matías Gabriel Vera.png,,,,,OK,,2.0,,,,,,,,,,,Elite,2026-03-23T13:40:37.414479+00:00,10.0,5.0,0.5,0.0,5.0,0.0,2.0,0,,,,,,,,,,,,,,,,,,,,,,NO_DATA,,
131758,Michael Santos,Attacker,CÓRDOBA SDE,ESTUDIANTES,SOCCER,0.5,Goals,goals,Demon,10754125,10754125,297637,138276,2026-03-23T18:00:00.000-04:00,,,,1,https://static.prizepicks.com/images/manual/Michael_Santos.png,,,,,OK,,2.0,,,,,,,,,,,Elite,2026-03-23T13:40:37.414479+00:00,10.0,5.0,0.5,0.0,5.0,0.0,2.0,0,,,,,,,,,,,,,,,,,,,,,,NO_DATA,,
365160,Mikel Amondarain,Midfielder,ESTUDIANTES,CÓRDOBA SDE,SOCCER,0.5,Assists,assists,Demon,10754126,10754126,246645,138276,2026-03-23T18:00:00.000-04:00,,,,1,https://static.prizepicks.com/images/manual/Mikel Jesús Amondarain.png,,,,,OK,,,,,,,,,,,,,,,,,,,,,,0,,,,,,,,,,,,,,,,,,,,,,NO_DATA,,
365160,Mikel Amondarain,Midfielder,ESTUDIANTES,CÓRDOBA SDE,SOCCER,0.5,Shots,shots,Goblin,10754129,10754129,246645,138276,2026-03-23T18:00:00.000-04:00,,,,1,https://static.prizepicks.com/images/manual/Mikel Jesús Amondarain.png,,,,,OK,,,,,,,,,,,,,,,,,,,,,,0,,,,,,,,,,,,,,,,,,,,,,NO_DATA,,
365160,Mikel Amondarain,Midfielder,ESTUDIANTES,CÓRDOBA SDE,SOCCER,0.5,Shots On Target,shots_on_target,Demon,10754130,10754130,246645,138276,2026-03-23T18:00:00.000-04:00,,,,1,https://static.prizepicks.com/images/manual/Mikel Jesús Amondarain.png,,,,,OK,,,,,,,,,,,,,,,,,,,,,,0,,,,,,,,,,,,,,,,,,,,,,NO_DATA,,
250467,Santiago Arzamendia,Defender,ESTUDIANTES,CÓRDOBA SDE,SOCCER,0.5,Assists,assists,Demon,10754131,10754131,275345,138276,2026-03-23T18:00:00.000-04:00,,,,1,https://static.prizepicks.com/images/manual/Santiago_Arzamendia.png,,,,,OK,,,,,,,,,,,,,,,,,,,,,,0,,,,,,,,,,,,,,,,,,,,,,NO_DATA,,
250467,Santiago Arzamendia,Defender,ESTUDIANTES,CÓRDOBA SDE,SOCCER,0.5,Goal + Assist,goal_assist,Demon,10754132,10754132,275345,138276,2026-03-23T18:00:00.000-04:00,,,,1,https://static.prizepicks.com/images/manual/Santiago_Arzamendia.png,,,,,OK,,,,,,,,,,,,,,,,,,,,,,0,,,,,,,,,,,,,,,,,,,,,,NO_DATA,,
250467,Santiago Arzamendia,Defender,ESTUDIANTES,CÓRDOBA SDE,SOCCER,0.5,Shots,shots,Goblin,10754134,10754134,275345,138276,2026-03-23T18:00:00.000-04:00,,,,1,https://static.prizepicks.com/images/manual/Santiago_Arzamendia.png,,,,,OK,,,,,,,,,,,,,,,,,,,,,,0,,,,,,,,,,,,,,,,,,,,,,NO_DATA,,
250467,Santiago Arzamendia,Defender,ESTUDIANTES,CÓRDOBA SDE,SOCCER,0.5,Shots On Target,shots_on_target,Demon,10754135,10754135,275345,138276,2026-03-23T18:00:00.000-04:00,,,,1,https://static.prizepicks.com/images/manual/Santiago_Arzamendia.png,,,,,OK,,,,,,,,,,,,,,,,,,,,,,0,,,,,,,,,,,,,,,,,,,,,,NO_DATA,,
331043,Santiago Núñez,Defender,ESTUDIANTES,CÓRDOBA SDE,SOCCER,0.5,Goal + Assist,goal_assist,Demon,10754136,10754136,172734,138276,2026-03-23T18:00:00.000-04:00,,,,1,https://imgur.com/q6wuP41.png,,,,,OK,,,,,,,,,,,,,,,,,,,,,,0,,,,,,,,,,,,,,,,,,,,,,NO_DATA,,
331043,Santiago Núñez,Defender,ESTUDIANTES,CÓRDOBA SDE,SOCCER,0.5,Shots,shots,Goblin,10754139,10754139,172734,138276,2026-03-23T18:00:00.000-04:00,,,,1,https://imgur.com/q6wuP41.png,,,,,OK,,,,,,,,,,,,,,,,,,,,,,0,,,,,,,,,,,,,,,,,,,,,,NO_DATA,,
331043,Santiago Núñez,Defender,ESTUDIANTES,CÓRDOBA SDE,SOCCER,0.5,Shots On Target,shots_on_target,Demon,10754140,10754140,172734,138276,2026-03-23T18:00:00.000-04:00,,,,1,https://imgur.com/q6wuP41.png,,,,,OK,,,,,,,,,,,,,,,,,,,,,,0,,,,,,,,,,,,,,,,,,,,,,NO_DATA,,
361416,Thiago González,Midfielder,ESTUDIANTES,CÓRDOBA SDE,SOCCER,0.5,Goals,goals,Demon,10754141,10754141,308772,138276,2026-03-23T18:00:00.000-04:00,,,,1,https://static.prizepicks.com/images/manual/Thiago_González.png,,,,,OK,,,,,,,,,,,,,,,,,,,,,,0,,,,,,,,,,,,,,,,,,,,,,NO_DATA,,
302051,Tiago Palacios,Midfielder,ESTUDIANTES,CÓRDOBA SDE,SOCCER,0.5,Assists,assists,Demon,10754142,10754142,198798,138276,2026-03-23T18:00:00.000-04:00,,,,1,https://static.prizepicks.com/images/manual/Tiago Palacios .webp,,,,,OK,,,,,,,,,,,,,,,,,,,,,,0,,,,,,,,,,,,,,,,,,,,,,NO_DATA,,
302051,Tiago Palacios,Midfielder,ESTUDIANTES,CÓRDOBA SDE,SOCCER,0.5,Goal + Assist,goal_assist,Demon,10754143,10754143,198798,138276,2026-03-23T18:00:00.000-04:00,,,,1,https://static.prizepicks.com/images/manual/Tiago Palacios .webp,,,,,OK,,,,,,,,,,,,,,,,,,,,,,0,,,,,,,,,,,,,,,,,,,,,,NO_DATA,,
302051,Tiago Palacios,Midfielder,ESTUDIANTES,CÓRDOBA SDE,SOCCER,0.5,Goals,goals,Demon,10754144,10754144,198798,138276,2026-03-23T18:00:00.000-04:00,,,,1,https://static.prizepicks.com/images/manual/Tiago Palacios .webp,,,,,OK,,,,,,,,,,,,,,,,,,,,,,0,,,,,,,,,,,,,,,,,,,,,,NO_DATA,,
376472,Valente Pierani,Defender,ESTUDIANTES,CÓRDOBA SDE,SOCCER,0.5,Goals,goals,Demon,10754149,10754149,275346,138276,2026-03-23T18:00:00.000-04:00,,,,1,https://static.prizepicks.com/images/manual/Valente_Pierani.png,,,,,OK,,,,,,,,,,,,,,,,,,,,,,0,,,,,,,,,,,,,,,,,,,,,,NO_DATA,,
309577,Facundo Mansilla,Defender,CÓRDOBA SDE,ESTUDIANTES,SOCCER,0.5,Shots,shots,Demon,10754150,10754150,275850,138276,2026-03-23T18:00:00.000-04:00,,,,1,https://static.prizepicks.com/images/manual/Facundo_Mansilla.png,,,,,OK,,2.0,,,,,,,,,,,Elite,2026-03-23T13:40:37.414479+00:00,10.0,5.0,0.5,0.0,5.0,0.0,2.0,0,,,,,,,,,,,,,,,,,,,,,,NO_DATA,,
276020,Eric Meza,Defender,ESTUDIANTES,CÓRDOBA SDE,SOCCER,0.5,Goals,goals,Demon,10781614,10781614,247085,138276,2026-03-23T18:00:00.000-04:00,,,,1,https://static.prizepicks.com/images/manual/Eric Meza .png,,,,,OK,,,,,,,,,,,,,,,,,,,,,,0,,,,,,,,,,,,,,,,,,,,,,NO_DATA,,
292018,Marco Iacobellis,Midfielder,CÓRDOBA SDE,ESTUDIANTES,SOCCER,0.5,Goals,goals,Demon,10781710,10781710,295053,138276,2026-03-23T18:00:00.000-04:00,,,,1,https://static.prizepicks.com/images/manual/marco_iacobellis.png,,,,,OK,,2.0,,,,,,,,,,,Elite,2026-03-23T13:40:37.414479+00:00,10.0,5.0,0.5,0.0,5.0,0.0,2.0,0,,,,,,,,,,,,,,,,,,,,,,NO_DATA,,
139679,Leonardo Gil,Midfielder,HURACÁN,BARRACAS,SOCCER,55.5,Passes Attempted,passes,Standard,10794448,10794448,239219,138609,2026-03-23T20:15:00.000-04:00,,,55.5,0,https://static.prizepicks.com/images/manual/Leonardo Gil .png,,,,,OK,,12.0,,,,,,,,,,,Above Avg,2026-03-23T13:40:37.414479+00:00,10.0,9.0,0.9,0.0,4.0,0.0,3.0,0,,,,,,,,,,,,,,,,,,,,,,NO_DATA,,
292028,Iván Tapia,Midfielder,BARRACAS,HURACÁN,SOCCER,25.5,Passes Attempted,passes,Standard,10794449,10794449,219873,138609,2026-03-23T20:15:00.000-04:00,,,25.5,0,https://static.prizepicks.com/images/manual/Iván Tapia.png,,,,,OK,,12.0,,,,,,,,,,,Above Avg,2026-03-23T13:40:37.414479+00:00,10.0,9.0,0.9,0.0,3.0,0.0,3.0,0,,,,,,,,,,,,,,,,,,,,,,NO_DATA,,
278504,Fabio Pereyra,Defender,HURACÁN,BARRACAS,SOCCER,6.5,Clearances,clearances,Standard,10794470,10794470,187246,138609,2026-03-23T20:15:00.000-04:00,,,6.5,0,https://static.prizepicks.com/images/manual/Fabio Pereyra .png,,,,,OK,,12.0,,,,,,,,,,,Above Avg,2026-03-23T13:40:37.414479+00:00,10.0,9.0,0.9,0.0,4.0,0.0,3.0,0,,,,,,,,,,,,,,,,,,,,,,UNSUPPORTED_PROP,,
116588,Fernando Tobio,Defender,BARRACAS,HURACÁN,SOCCER,5.5,Clearances,clearances,Standard,10794469,10794469,249202,138609,2026-03-23T20:15:00.000-04:00,,,5.5,0,https://static.prizepicks.com/images/manual/Fernando_Tobio.png,,,,,OK,,12.0,,,,,,,,,,,Above Avg,2026-03-23T13:40:37.414479+00:00,10.0,9.0,0.9,0.0,3.0,0.0,3.0,0,,,,,,,,,,,,,,,,,,,,,,UNSUPPORTED_PROP,,
318418,Juan Bisanz,Attacker,HURACÁN,BARRACAS,SOCCER,4.5,Shots,shots,Demon,10756231,10756231,275774,138609,2026-03-23T20:15:00.000-04:00,,,,2,https://static.prizepicks.com/images/manual/Juan_Bisanz.png,,,,,OK,,12.0,,,,,,,,,,,Above Avg,2026-03-23T13:40:37.414479+00:00,10.0,9.0,0.9,0.0,4.0,0.0,3.0,0,,,,,,,,,,,,,,,,,,,,,,NO_DATA,,
334106,Óscar Cortés,Attacker,HURACÁN,BARRACAS,SOCCER,4.5,Attempted Dribbles,attempted_dribbles,Standard,10794453,10794453,295026,138609,2026-03-23T20:15:00.000-04:00,,,4.5,0,https://static.prizepicks.com/images/manual/Óscar_Cortés.png,,,,,OK,,12.0,,,,,,,,,,,Above Avg,2026-03-23T13:40:37.414479+00:00,10.0,9.0,0.9,0.0,4.0,0.0,3.0,0,,,,,,,,,,,,,,,,,,,,,,UNSUPPORTED_PROP,,
252705,Jhonatan Candia,Attacker,BARRACAS,HURACÁN,SOCCER,3.5,Shots,shots,Demon,10756220,10756220,203395,138609,2026-03-23T20:15:00.000-04:00,,,,2,https://static.prizepicks.com/images/manual/Jhonatan_Candia.png,,,,,OK,,12.0,,,,,,,,,,,Above Avg,2026-03-23T13:40:37.414479+00:00,10.0,9.0,0.9,0.0,3.0,0.0,3.0,0,,,,,,,,,,,,,,,,,,,,,,NO_DATA,,
318418,Juan Bisanz,Attacker,HURACÁN,BARRACAS,SOCCER,3.5,Shots,shots,Demon,10756230,10756230,275774,138609,2026-03-23T20:15:00.000-04:00,,,,1,https://static.prizepicks.com/images/manual/Juan_Bisanz.png,,,,,OK,,12.0,,,,,,,,,,,Above Avg,2026-03-23T13:40:37.414479+00:00,10.0,9.0,0.9,0.0,4.0,0.0,3.0,0,,,,,,,,,,,,,,,,,,,,,,NO_DATA,,
335536,Luciano Giménez,Attacker,HURACÁN,BARRACAS,SOCCER,3.5,Shots,shots,Demon,10756266,10756266,275778,138609,2026-03-23T20:15:00.000-04:00,,,,2,https://static.prizepicks.com/images/manual/Luciano_Giménez.png,,,,,OK,,12.0,,,,,,,,,,,Above Avg,2026-03-23T13:40:37.414479+00:00,10.0,9.0,0.9,0.0,4.0,0.0,3.0,0,,,,,,,,,,,,,,,,,,,,,,NO_DATA,,
318201,Manuel Duarte,Midfielder,BARRACAS,HURACÁN,SOCCER,3.5,Shots,shots,Demon,10756271,10756271,204735,138609,2026-03-23T20:15:00.000-04:00,,,,2,https://static.prizepicks.com/images/manual/Manuel Duarte.png,,,,,OK,,12.0,,,,,,,,,,,Above Avg,2026-03-23T13:40:37.414479+00:00,10.0,9.0,0.9,0.0,3.0,0.0,3.0,0,,,,,,,,,,,,,,,,,,,,,,NO_DATA,,
315615,Tomás Porra,Midfielder,BARRACAS,HURACÁN,SOCCER,3.5,Attempted Dribbles,attempted_dribbles,Standard,10794452,10794452,273279,138609,2026-03-23T20:15:00.000-04:00,,,3.5,0,https://static.prizepicks.com/images/manual/Tomás Porra.png,,,,,OK,,12.0,,,,,,,,,,,Above Avg,2026-03-23T13:40:37.414479+00:00,10.0,9.0,0.9,0.0,3.0,0.0,3.0,0,,,,,,,,,,,,,,,,,,,,,,UNSUPPORTED_PROP,,
256553,Marcelo Miño,Goalkeeper,BARRACAS,HURACÁN,SOCCER,3.0,Goalie Saves,saves,Standard,10783664,10783664,219872,138609,2026-03-23T20:15:00.000-04:00,,,3.0,0,https://static.prizepicks.com/images/manual/Marcelo_Miño.png,,,,,OK,,12.0,,,,,,,,,,,Above Avg,2026-03-23T13:40:37.414479+00:00,10.0,9.0,0.9,0.0,3.0,0.0,3.0,0,,,,,,,,,,,,,,,,,,,,,,NO_DATA,,
186085,Juan Espínola,Goalkeeper,BARRACAS,HURACÁN,SOCCER,3.0,Goalie Saves,saves,Standard,10783665,10783665,309170,138609,2026-03-23T20:15:00.000-04:00,,,3.0,0,https://static.prizepicks.com/images/manual/Juan_Espínola.png,,,,,OK,,12.0,,,,,,,,,,,Above Avg,2026-03-23T13:40:37.414479+00:00,10.0,9.0,0.9,0.0,3.0,0.0,3.0,0,,,,,,,,,,,,,,,,,,,,,,NO_DATA,,
252705,Jhonatan Candia,Attacker,BARRACAS,HURACÁN,SOCCER,2.5,Shots,shots,Demon,10756219,10756219,203395,138609,2026-03-23T20:15:00.000-04:00,,,,1,https://static.prizepicks.com/images/manual/Jhonatan_Candia.png,,,,,OK,,12.0,,,,,,,,,,,Above Avg,2026-03-23T13:40:37.414479+00:00,10.0,9.0,0.9,0.0,3.0,0.0,3.0,0,,,,,,,,,,,,,,,,,,,,,,NO_DATA,,
216663,Leonardo Sequeira,Attacker,HURACÁN,BARRACAS,SOCCER,2.5,Shots,shots,Demon,10756240,10756240,251507,138609,2026-03-23T20:15:00.000-04:00,,,,1,https://static.prizepicks.com/images/manual/Leonardo_Sequeira.png,,,,,OK,,12.0,,,,,,,,,,,Above Avg,2026-03-23T13:40:37.414479+00:00,10.0,9.0,0.9,0.0,4.0,0.0,3.0,0,,,,,,,,,,,,,,,,,,,,,,NO_DATA,,
139679,Leonardo Gil,Midfielder,HURACÁN,BARRACAS,SOCCER,2.5,Shots,shots,Demon,10756248,10756248,239219,138609,2026-03-23T20:15:00.000-04:00,,,,1,https://static.prizepicks.com/images/manual/Leonardo Gil .png,,,,,OK,,12.0,,,,,,,,,,,Above Avg,2026-03-23T13:40:37.414479+00:00,10.0,9.0,0.9,0.0,4.0,0.0,3.0,0,,,,,,,,,,,,,,,,,,,,,,NO_DATA,,
335536,Luciano Giménez,Attacker,HURACÁN,BARRACAS,SOCCER,2.5,Shots,shots,Demon,10756265,10756265,275778,138609,2026-03-23T20:15:00.000-04:00,,,,1,https://static.prizepicks.com/images/manual/Luciano_Giménez.png,,,,,OK,,12.0,,,,,,,,,,,Above Avg,2026-03-23T13:40:37.414479+00:00,10.0,9.0,0.9,0.0,4.0,0.0,3.0,0,,,,,,,,,,,,,,,,,,,,,,NO_DATA,,
318201,Manuel Duarte,Midfielder,BARRACAS,HURACÁN,SOCCER,2.5,Shots,shots,Demon,10756270,10756270,204735,138609,2026-03-23T20:15:00.000-04:00,,,,1,https://static.prizepicks.com/images/manual/Manuel Duarte.png,,,,,OK,,12.0,,,,,,,,,,,Above Avg,2026-03-23T13:40:37.414479+00:00,10.0,9.0,0.9,0.0,3.0,0.0,3.0,0,,,,,,,,,,,,,,,,,,,,,,NO_DATA,,
224098,Gonzalo Maroni,Midfielder,BARRACAS,HURACÁN,SOCCER,2.5,Shots,shots,Demon,10759244,10759244,297316,138609,2026-03-23T20:15:00.000-04:00,,,,2,https://static.prizepicks.com/images/manual/Gonzalo_Maroni.png,,,,,OK,,12.0,,,,,,,,,,,Above Avg,2026-03-23T13:40:37.414479+00:00,10.0,9.0,0.9,0.0,3.0,0.0,3.0,0,,,,,,,,,,,,,,,,,,,,,,NO_DATA,,
292028,Iván Tapia,Midfielder,BARRACAS,HURACÁN,SOCCER,2.5,Shots,shots,Demon,10759245,10759245,219873,138609,2026-03-23T20:15:00.000-04:00,,,,2,https://static.prizepicks.com/images/manual/Iván Tapia.png,,,,,OK,,12.0,,,,,,,,,,,Above Avg,2026-03-23T13:40:37.414479+00:00,10.0,9.0,0.9,0.0,3.0,0.0,3.0,0,,,,,,,,,,,,,,,,,,,,,,NO_DATA,,
207921,Hernán Galíndez,Goalkeeper,HURACÁN,BARRACAS,SOCCER,2.5,Goalie Saves,saves,Standard,10783663,10783663,187248,138609,2026-03-23T20:15:00.000-04:00,,,2.5,0,https://static.prizepicks.com/images/manual/Hernán_Galíndez.png,,,,,OK,,12.0,,,,,,,,,,,Above Avg,2026-03-23T13:40:37.414479+00:00,10.0,9.0,0.9,0.0,4.0,0.0,3.0,0,,,,,,,,,,,,,,,,,,,,,,NO_DATA,,
289737,César Ibáñez,Defender,HURACÁN,BARRACAS,SOCCER,2.5,Tackles,tackles,Standard,10794467,10794467,236567,138609,2026-03-23T20:15:00.000-04:00,,,2.5,0,https://static.prizepicks.com/images/manual/César_Ibáñez.png,,,,,OK,,12.0,,,,,,,,,,,Above Avg,2026-03-23T13:40:37.414479+00:00,10.0,9.0,0.9,0.0,4.0,0.0,3.0,0,,,,,,,,,,,,,,,,,,,,,,NO_DATA,,
139679,Leonardo Gil,Midfielder,HURACÁN,BARRACAS,SOCCER,2.0,Shots Assisted,shots_assisted,Standard,10794450,10794450,239219,138609,2026-03-23T20:15:00.000-04:00,,,2.0,0,https://static.prizepicks.com/images/manual/Leonardo Gil .png,,,,,OK,,12.0,,,,,,,,,,,Above Avg,2026-03-23T13:40:37.414479+00:00,10.0,9.0,0.9,0.0,4.0,0.0,3.0,0,,,,,,,,,,,,,,,,,,,,,,UNSUPPORTED_PROP,,
289737,César Ibáñez,Defender,HURACÁN,BARRACAS,SOCCER,1.5,Shots,shots,Demon,10756182,10756182,236567,138609,2026-03-23T20:15:00.000-04:00,,,,1,https://static.prizepicks.com/images/manual/César_Ibáñez.png,,,,,OK,,12.0,,,,,,,,,,,Above Avg,2026-03-23T13:40:37.414479+00:00,10.0,9.0,0.9,0.0,4.0,0.0,3.0,0,,,,,,,,,,,,,,,,,,,,,,NO_DATA,,
136483,Dardo Miloc,Midfielder,BARRACAS,HURACÁN,SOCCER,1.5,Shots,shots,Demon,10756185,10756185,273727,138609,2026-03-23T20:15:00.000-04:00,,,,2,https://static.prizepicks.com/images/manual/Dardo_Miloc.png,,,,,OK,,12.0,,,,,,,,,,,Above Avg,2026-03-23T13:40:37.414479+00:00,10.0,9.0,0.9,0.0,3.0,0.0,3.0,0,,,,,,,,,,,,,,,,,,,,,,NO_DATA,,
217572,Eric Ramírez,Attacker,HURACÁN,BARRACAS,SOCCER,1.5,Shots On Target,shots_on_target,Demon,10756190,10756190,247893,138609,2026-03-23T20:15:00.000-04:00,,,,1,https://static.prizepicks.com/images/manual/Eric Ramírez .png,,,,,OK,,12.0,,,,,,,,,,,Above Avg,2026-03-23T13:40:37.414479+00:00,10.0,9.0,0.9,0.0,4.0,0.0,3.0,0,,,,,,,,,,,,,,,,,,,,,,NO_DATA,,
278504,Fabio Pereyra,Defender,HURACÁN,BARRACAS,SOCCER,1.5,Shots,shots,Demon,10756192,10756192,187246,138609,2026-03-23T20:15:00.000-04:00,,,,1,https://static.prizepicks.com/images/manual/Fabio Pereyra .png,,,,,OK,,12.0,,,,,,,,,,,Above Avg,2026-03-23T13:40:37.414479+00:00,10.0,9.0,0.9,0.0,4.0,0.0,3.0,0,,,,,,,,,,,,,,,,,,,,,,NO_DATA,,
264821,Facundo Bruera,Attacker,BARRACAS,HURACÁN,SOCCER,1.5,Shots On Target,shots_on_target,Demon,10756196,10756196,273268,138609,2026-03-23T20:15:00.000-04:00,,,,1,https://static.prizepicks.com/images/manual/Facundo_Bruera.png,,,,,OK,,12.0,,,,,,,,,,,Above Avg,2026-03-23T13:40:37.414479+00:00,10.0,9.0,0.9,0.0,3.0,0.0,3.0,0,,,,,,,,,,,,,,,,,,,,,,NO_DATA,,
241479,Facundo Waller,Midfielder,HURACÁN,BARRACAS,SOCCER,1.5,Shots,shots,Demon,10756200,10756200,251682,138609,2026-03-23T20:15:00.000-04:00,,,,1,https://static.prizepicks.com/images/manual/Facundo_Waller.png,,,,,OK,,12.0,,,,,,,,,,,Above Avg,2026-03-23T13:40:37.414479+00:00,10.0,9.0,0.9,0.0,4.0,0.0,3.0,0,,,,,,,,,,,,,,,,,,,,,,NO_DATA,,
224098,Gonzalo Maroni,Midfielder,BARRACAS,HURACÁN,SOCCER,1.5,Shots,shots,Demon,10756208,10756208,297316,138609,2026-03-23T20:15:00.000-04:00,,,,1,https://static.prizepicks.com/images/manual/Gonzalo_Maroni.png,,,,,OK,,12.0,,,,,,,,,,,Above Avg,2026-03-23T13:40:37.414479+00:00,10.0,9.0,0.9,0.0,3.0,0.0,3.0,0,,,,,,,,,,,,,,,,,,,,,,NO_DATA,,
224098,Gonzalo Maroni,Midfielder,BARRACAS,HURACÁN,SOCCER,1.5,Shots On Target,shots_on_target,Demon,10756211,10756211,297316,138609,2026-03-23T20:15:00.000-04:00,,,,2,https://static.prizepicks.com/images/manual/Gonzalo_Maroni.png,,,,,OK,,12.0,,,,,,,,,,,Above Avg,2026-03-23T13:40:37.414479+00:00,10.0,9.0,0.9,0.0,3.0,0.0,3.0,0,,,,,,,,,,,,,,,,,,,,,,NO_DATA,,
392883,Ignacio Campo,Defender,HURACÁN,BARRACAS,SOCCER,1.5,Shots,shots,Demon,10756212,10756212,275772,138609,2026-03-23T20:15:00.000-04:00,,,,1,https://static.prizepicks.com/images/manual/Ignacio Campo.png,,,,,OK,,12.0,,,,,,,,,,,Above Avg,2026-03-23T13:40:37.414479+00:00,10.0,9.0,0.9,0.0,4.0,0.0,3.0,0,,,,,,,,,,,,,,,,,,,,,,NO_DATA,,
292028,Iván Tapia,Midfielder,BARRACAS,HURACÁN,SOCCER,1.5,Shots,shots,Demon,10756214,10756214,219873,138609,2026-03-23T20:15:00.000-04:00,,,,1,https://static.prizepicks.com/images/manual/Iván Tapia.png,,,,,OK,,12.0,,,,,,,,,,,Above Avg,2026-03-23T13:40:37.414479+00:00,10.0,9.0,0.9,0.0,3.0,0.0,3.0,0,,,,,,,,,,,,,,,,,,,,,,NO_DATA,,
252705,Jhonatan Candia,Attacker,BARRACAS,HURACÁN,SOCCER,1.5,Shots On Target,shots_on_target,Demon,10756221,10756221,203395,138609,2026-03-23T20:15:00.000-04:00,,,,1,https://static.prizepicks.com/images/manual/Jhonatan_Candia.png,,,,,OK,,12.0,,,,,,,,,,,Above Avg,2026-03-23T13:40:37.414479+00:00,10.0,9.0,0.9,0.0,3.0,0.0,3.0,0,,,,,,,,,,,,,,,,,,,,,,NO_DATA,,
217079,Jordy Caicedo,Attacker,HURACÁN,BARRACAS,SOCCER,1.5,Shots On Target,shots_on_target,Demon,10756225,10756225,295023,138609,2026-03-23T20:15:00.000-04:00,,,,1,https://static.prizepicks.com/images/manual/Jordy Caicedo.png,,,,,OK,,12.0,,,,,,,,,,,Above Avg,2026-03-23T13:40:37.414479+00:00,10.0,9.0,0.9,0.0,4.0,0.0,3.0,0,,,,,,,,,,,,,,,,,,,,,,NO_DATA,,
318418,Juan Bisanz,Attacker,HURACÁN,BARRACAS,SOCCER,1.5,Shots,shots,Goblin,10756232,10756232,275774,138609,2026-03-23T20:15:00.000-04:00,,,,1,https://static.prizepicks.com/images/manual/Juan_Bisanz.png,,,,,OK,,12.0,,,,,,,,,,,Above Avg,2026-03-23T13:40:37.414479+00:00,10.0,9.0,0.9,0.0,4.0,0.0,3.0,0,,,,,,,,,,,,,,,,,,,,,,NO_DATA,,
318418,Juan Bisanz,Attacker,HURACÁN,BARRACAS,SOCCER,1.5,Shots On Target,shots_on_target,Demon,10756233,10756233,275774,138609,2026-03-23T20:15:00.000-04:00,,,,1,https://static.prizepicks.com/images/manual/Juan_Bisanz.png,,,,,OK,,12.0,,,,,,,,,,,Above Avg,2026-03-23T13:40:37.414479+00:00,10.0,9.0,0.9,0.0,4.0,0.0,3.0,0,,,,,,,,,,,,,,,,,,,,,,NO_DATA,,
216663,Leonardo Sequeira,Attacker,HURACÁN,BARRACAS,SOCCER,1.5,Shots On Target,shots_on_target,Demon,10756243,10756243,251507,138609,2026-03-23T20:15:00.000-04:00,,,,1,https://static.prizepicks.com/images/manual/Leonardo_Sequeira.png,,,,,OK,,12.0,,,,,,,,,,,Above Avg,2026-03-23T13:40:37.414479+00:00,10.0,9.0,0.9,0.0,4.0,0.0,3.0,0,,,,,,,,,,,,,,,,,,,,,,NO_DATA,,
241547,Lucas Blondel,Defender,HURACÁN,BARRACAS,SOCCER,1.5,Shots,shots,Demon,10756253,10756253,307262,138609,2026-03-23T20:15:00.000-04:00,,,,1,https://static.prizepicks.com/images/manual/Lucas_Blondel.png,,,,,OK,,12.0,,,,,,,,,,,Above Avg,2026-03-23T13:40:37.414479+00:00,10.0,9.0,0.9,0.0,4.0,0.0,3.0,0,,,,,,,,,,,,,,,,,,,,,,NO_DATA,,
335536,Luciano Giménez,Attacker,HURACÁN,BARRACAS,SOCCER,1.5,Shots,shots,Goblin,10756267,10756267,275778,138609,2026-03-23T20:15:00.000-04:00,,,,1,https://static.prizepicks.com/images/manual/Luciano_Giménez.png,,,,,OK,,12.0,,,,,,,,,,,Above Avg,2026-03-23T13:40:37.414479+00:00,10.0,9.0,0.9,0.0,4.0,0.0,3.0,0,,,,,,,,,,,,,,,,,,,,,,NO_DATA,,
335536,Luciano Giménez,Attacker,HURACÁN,BARRACAS,SOCCER,1.5,Shots On Target,shots_on_target,Demon,10756268,10756268,275778,138609,2026-03-23T20:15:00.000-04:00,,,,1,https://static.prizepicks.com/images/manual/Luciano_Giménez.png,,,,,OK,,12.0,,,,,,,,,,,Above Avg,2026-03-23T13:40:37.414479+00:00,10.0,9.0,0.9,0.0,4.0,0.0,3.0,0,,,,,,,,,,,,,,,,,,,,,,NO_DATA,,
189800,Nehuén Paz,Defender,HURACÁN,BARRACAS,SOCCER,1.5,Shots,shots,Demon,10756276,10756276,275781,138609,2026-03-23T20:15:00.000-04:00,,,,1,https://static.prizepicks.com/images/manual/Nehuén Paz.png,,,,,OK,,12.0,,,,,,,,,,,Above Avg,2026-03-23T13:40:37.414479+00:00,10.0,9.0,0.9,0.0,4.0,0.0,3.0,0,,,,,,,,,,,,,,,,,,,,,,NO_DATA,,
292094,Rodrigo Insúa,Midfielder,BARRACAS,HURACÁN,SOCCER,1.5,Shots,shots,Demon,10756288,10756288,192282,138609,2026-03-23T20:15:00.000-04:00,,,,1,https://static.prizepicks.com/images/manual/Rodrigo%20Ins%C3%BAa.png,,,,,OK,,12.0,,,,,,,,,,,Above Avg,2026-03-23T13:40:37.414479+00:00,10.0,9.0,0.9,0.0,3.0,0.0,3.0,0,,,,,,,,,,,,,,,,,,,,,,NO_DATA,,
308728,Alejandro Martínez,Midfielder,HURACÁN,BARRACAS,SOCCER,1.5,Shots,shots,Demon,10756295,10756295,296761,138609,2026-03-23T20:15:00.000-04:00,,,,1,https://static.prizepicks.com/images/manual/Alejandro Martínez.png,,,,,OK,,12.0,,,,,,,,,,,Above Avg,2026-03-23T13:40:37.414479+00:00,10.0,9.0,0.9,0.0,4.0,0.0,3.0,0,,,,,,,,,,,,,,,,,,,,,,NO_DATA,,
315615,Tomás Porra,Midfielder,BARRACAS,HURACÁN,SOCCER,1.5,Shots,shots,Demon,10756300,10756300,273279,138609,2026-03-23T20:15:00.000-04:00,,,,1,https://static.prizepicks.com/images/manual/Tomás Porra.png,,,,,OK,,12.0,,,,,,,,,,,Above Avg,2026-03-23T13:40:37.414479+00:00,10.0,9.0,0.9,0.0,3.0,0.0,3.0,0,,,,,,,,,,,,,,,,,,,,,,NO_DATA,,
147009,Yeison Gordillo,Midfielder,BARRACAS,HURACÁN,SOCCER,1.5,Shots,shots,Demon,10756307,10756307,299253,138609,2026-03-23T20:15:00.000-04:00,,,,1,https://static.prizepicks.com/images/manual/Yeison_Gordillo.png,,,,,OK,,12.0,,,,,,,,,,,Above Avg,2026-03-23T13:40:37.414479+00:00,10.0,9.0,0.9,0.0,3.0,0.0,3.0,0,,,,,,,,,,,,,,,,,,,,,,NO_DATA,,
289737,César Ibáñez,Defender,HURACÁN,BARRACAS,SOCCER,0.5,Assists,assists,Demon,10756181,10756181,236567,138609,2026-03-23T20:15:00.000-04:00,,,,1,https://static.prizepicks.com/images/manual/César_Ibáñez.png,,,,,OK,,12.0,,,,,,,,,,,Above Avg,2026-03-23T13:40:37.414479+00:00,10.0,9.0,0.9,0.0,4.0,0.0,3.0,0,,,,,,,,,,,,,,,,,,,,,,NO_DATA,,
289737,César Ibáñez,Defender,HURACÁN,BARRACAS,SOCCER,0.5,Shots On Target,shots_on_target,Demon,10756183,10756183,236567,138609,2026-03-23T20:15:00.000-04:00,,,,1,https://static.prizepicks.com/images/manual/César_Ibáñez.png,,,,,OK,,12.0,,,,,,,,,,,Above Avg,2026-03-23T13:40:37.414479+00:00,10.0,9.0,0.9,0.0,4.0,0.0,3.0,0,,,,,,,,,,,,,,,,,,,,,,NO_DATA,,
136483,Dardo Miloc,Midfielder,BARRACAS,HURACÁN,SOCCER,0.5,Shots,shots,Demon,10756184,10756184,273727,138609,2026-03-23T20:15:00.000-04:00,,,,1,https://static.prizepicks.com/images/manual/Dardo_Miloc.png,,,,,OK,,12.0,,,,,,,,,,,Above Avg,2026-03-23T13:40:37.414479+00:00,10.0,9.0,0.9,0.0,3.0,0.0,3.0,0,,,,,,,,,,,,,,,,,,,,,,NO_DATA,,
136483,Dardo Miloc,Midfielder,BARRACAS,HURACÁN,SOCCER,0.5,Shots On Target,shots_on_target,Demon,10756186,10756186,273727,138609,2026-03-23T20:15:00.000-04:00,,,,1,https://static.prizepicks.com/images/manual/Dardo_Miloc.png,,,,,OK,,12.0,,,,,,,,,,,Above Avg,2026-03-23T13:40:37.414479+00:00,10.0,9.0,0.9,0.0,3.0,0.0,3.0,0,,,,,,,,,,,,,,,,,,,,,,NO_DATA,,
217572,Eric Ramírez,Attacker,HURACÁN,BARRACAS,SOCCER,0.5,Assists,assists,Demon,10756187,10756187,247893,138609,2026-03-23T20:15:00.000-04:00,,,,1,https://static.prizepicks.com/images/manual/Eric Ramírez .png,,,,,OK,,12.0,,,,,,,,,,,Above Avg,2026-03-23T13:40:37.414479+00:00,10.0,9.0,0.9,0.0,4.0,0.0,3.0,0,,,,,,,,,,,,,,,,,,,,,,NO_DATA,,
217572,Eric Ramírez,Attacker,HURACÁN,BARRACAS,SOCCER,0.5,Goal + Assist,goal_assist,Demon,10756188,10756188,247893,138609,2026-03-23T20:15:00.000-04:00,,,,1,https://static.prizepicks.com/images/manual/Eric Ramírez .png,,,,,OK,,12.0,,,,,,,,,,,Above Avg,2026-03-23T13:40:37.414479+00:00,10.0,9.0,0.9,0.0,4.0,0.0,3.0,0,,,,,,,,,,,,,,,,,,,,,,NO_DATA,,
217572,Eric Ramírez,Attacker,HURACÁN,BARRACAS,SOCCER,0.5,Goals,goals,Demon,10756189,10756189,247893,138609,2026-03-23T20:15:00.000-04:00,,,,1,https://static.prizepicks.com/images/manual/Eric Ramírez .png,,,,,OK,,12.0,,,,,,,,,,,Above Avg,2026-03-23T13:40:37.414479+00:00,10.0,9.0,0.9,0.0,4.0,0.0,3.0,0,,,,,,,,,,,,,,,,,,,,,,NO_DATA,,
278504,Fabio Pereyra,Defender,HURACÁN,BARRACAS,SOCCER,0.5,Goal + Assist,goal_assist,Demon,10756191,10756191,187246,138609,2026-03-23T20:15:00.000-04:00,,,,1,https://static.prizepicks.com/images/manual/Fabio Pereyra .png,,,,,OK,,12.0,,,,,,,,,,,Above Avg,2026-03-23T13:40:37.414479+00:00,10.0,9.0,0.9,0.0,4.0,0.0,3.0,0,,,,,,,,,,,,,,,,,,,,,,NO_DATA,,
278504,Fabio Pereyra,Defender,HURACÁN,BARRACAS,SOCCER,0.5,Shots On Target,shots_on_target,Demon,10756193,10756193,187246,138609,2026-03-23T20:15:00.000-04:00,,,,1,https://static.prizepicks.com/images/manual/Fabio Pereyra .png,,,,,OK,,12.0,,,,,,,,,,,Above Avg,2026-03-23T13:40:37.414479+00:00,10.0,9.0,0.9,0.0,4.0,0.0,3.0,0,,,,,,,,,,,,,,,,,,,,,,NO_DATA,,
264821,Facundo Bruera,Attacker,BARRACAS,HURACÁN,SOCCER,0.5,Goal + Assist,goal_assist,Demon,10756194,10756194,273268,138609,2026-03-23T20:15:00.000-04:00,,,,1,https://static.prizepicks.com/images/manual/Facundo_Bruera.png,,,,,OK,,12.0,,,,,,,,,,,Above Avg,2026-03-23T13:40:37.414479+00:00,10.0,9.0,0.9,0.0,3.0,0.0,3.0,0,,,,,,,,,,,,,,,,,,,,,,NO_DATA,,
264821,Facundo Bruera,Attacker,BARRACAS,HURACÁN,SOCCER,0.5,Goals,goals,Demon,10756195,10756195,273268,138609,2026-03-23T20:15:00.000-04:00,,,,1,https://static.prizepicks.com/images/manual/Facundo_Bruera.png,,,,,OK,,12.0,,,,,,,,,,,Above Avg,2026-03-23T13:40:37.414479+00:00,10.0,9.0,0.9,0.0,3.0,0.0,3.0,0,,,,,,,,,,,,,,,,,,,,,,NO_DATA,,
241479,Facundo Waller,Midfielder,HURACÁN,BARRACAS,SOCCER,0.5,Assists,assists,Demon,10756197,10756197,251682,138609,2026-03-23T20:15:00.000-04:00,,,,1,https://static.prizepicks.com/images/manual/Facundo_Waller.png,,,,,OK,,12.0,,,,,,,,,,,Above Avg,2026-03-23T13:40:37.414479+00:00,10.0,9.0,0.9,0.0,4.0,0.0,3.0,0,,,,,,,,,,,,,,,,,,,,,,NO_DATA,,
241479,Facundo Waller,Midfielder,HURACÁN,BARRACAS,SOCCER,0.5,Goal + Assist,goal_assist,Demon,10756198,10756198,251682,138609,2026-03-23T20:15:00.000-04:00,,,,1,https://static.prizepicks.com/images/manual/Facundo_Waller.png,,,,,OK,,12.0,,,,,,,,,,,Above Avg,2026-03-23T13:40:37.414479+00:00,10.0,9.0,0.9,0.0,4.0,0.0,3.0,0,,,,,,,,,,,,,,,,,,,,,,NO_DATA,,
241479,Facundo Waller,Midfielder,HURACÁN,BARRACAS,SOCCER,0.5,Goals,goals,Demon,10756199,10756199,251682,138609,2026-03-23T20:15:00.000-04:00,,,,1,https://static.prizepicks.com/images/manual/Facundo_Waller.png,,,,,OK,,12.0,,,,,,,,,,,Above Avg,2026-03-23T13:40:37.414479+00:00,10.0,9.0,0.9,0.0,4.0,0.0,3.0,0,,,,,,,,,,,,,,,,,,,,,,NO_DATA,,
241479,Facundo Waller,Midfielder,HURACÁN,BARRACAS,SOCCER,0.5,Shots,shots,Goblin,10756201,10756201,251682,138609,2026-03-23T20:15:00.000-04:00,,,,1,https://static.prizepicks.com/images/manual/Facundo_Waller.png,,,,,OK,,12.0,,,,,,,,,,,Above Avg,2026-03-23T13:40:37.414479+00:00,10.0,9.0,0.9,0.0,4.0,0.0,3.0,0,,,,,,,,,,,,,,,,,,,,,,NO_DATA,,
241479,Facundo Waller,Midfielder,HURACÁN,BARRACAS,SOCCER,0.5,Shots On Target,shots_on_target,Demon,10756202,10756202,251682,138609,2026-03-23T20:15:00.000-04:00,,,,1,https://static.prizepicks.com/images/manual/Facundo_Waller.png,,,,,OK,,12.0,,,,,,,,,,,Above Avg,2026-03-23T13:40:37.414479+00:00,10.0,9.0,0.9,0.0,4.0,0.0,3.0,0,,,,,,,,,,,,,,,,,,,,,,NO_DATA,,
288431,Federico Vera,Defender,HURACÁN,BARRACAS,SOCCER,0.5,Goal + Assist,goal_assist,Demon,10756203,10756203,295022,138609,2026-03-23T20:15:00.000-04:00,,,,1,https://static.prizepicks.com/images/manual/Federico_Vera.png,,,,,OK,,12.0,,,,,,,,,,,Above Avg,2026-03-23T13:40:37.414479+00:00,10.0,9.0,0.9,0.0,4.0,0.0,3.0,0,,,,,,,,,,,,,,,,,,,,,,NO_DATA,,
288431,Federico Vera,Defender,HURACÁN,BARRACAS,SOCCER,0.5,Shots On Target,shots_on_target,Demon,10756204,10756204,295022,138609,2026-03-23T20:15:00.000-04:00,,,,1,https://static.prizepicks.com/images/manual/Federico_Vera.png,,,,,OK,,12.0,,,,,,,,,,,Above Avg,2026-03-23T13:40:37.414479+00:00,10.0,9.0,0.9,0.0,4.0,0.0,3.0,0,,,,,,,,,,,,,,,,,,,,,,NO_DATA,,
194034,Gastón Campi,Defender,BARRACAS,HURACÁN,SOCCER,0.5,Shots,shots,Demon,10756205,10756205,296162,138609,2026-03-23T20:15:00.000-04:00,,,,1,https://static.prizepicks.com/images/manual/Gastón_Campi.png,,,,,OK,,12.0,,,,,,,,,,,Above Avg,2026-03-23T13:40:37.414479+00:00,10.0,9.0,0.9,0.0,3.0,0.0,3.0,0,,,,,,,,,,,,,,,,,,,,,,NO_DATA,,
224098,Gonzalo Maroni,Midfielder,BARRACAS,HURACÁN,SOCCER,0.5,Goal + Assist,goal_assist,Demon,10756206,10756206,297316,138609,2026-03-23T20:15:00.000-04:00,,,,1,https://static.prizepicks.com/images/manual/Gonzalo_Maroni.png,,,,,OK,,12.0,,,,,,,,,,,Above Avg,2026-03-23T13:40:37.414479+00:00,10.0,9.0,0.9,0.0,3.0,0.0,3.0,0,,,,,,,,,,,,,,,,,,,,,,NO_DATA,,
224098,Gonzalo Maroni,Midfielder,BARRACAS,HURACÁN,SOCCER,0.5,Goals,goals,Demon,10756207,10756207,297316,138609,2026-03-23T20:15:00.000-04:00,,,,1,https://static.prizepicks.com/images/manual/Gonzalo_Maroni.png,,,,,OK,,12.0,,,,,,,,,,,Above Avg,2026-03-23T13:40:37.414479+00:00,10.0,9.0,0.9,0.0,3.0,0.0,3.0,0,,,,,,,,,,,,,,,,,,,,,,NO_DATA,,
224098,Gonzalo Maroni,Midfielder,BARRACAS,HURACÁN,SOCCER,0.5,Shots,shots,Goblin,10756209,10756209,297316,138609,2026-03-23T20:15:00.000-04:00,,,,1,https://static.prizepicks.com/images/manual/Gonzalo_Maroni.png,,,,,OK,,12.0,,,,,,,,,,,Above Avg,2026-03-23T13:40:37.414479+00:00,10.0,9.0,0.9,0.0,3.0,0.0,3.0,0,,,,,,,,,,,,,,,,,,,,,,NO_DATA,,
224098,Gonzalo Maroni,Midfielder,BARRACAS,HURACÁN,SOCCER,0.5,Shots On Target,shots_on_target,Demon,10756210,10756210,297316,138609,2026-03-23T20:15:00.000-04:00,,,,1,https://static.prizepicks.com/images/manual/Gonzalo_Maroni.png,,,,,OK,,12.0,,,,,,,,,,,Above Avg,2026-03-23T13:40:37.414479+00:00,10.0,9.0,0.9,0.0,3.0,0.0,3.0,0,,,,,,,,,,,,,,,,,,,,,,NO_DATA,,
392883,Ignacio Campo,Defender,HURACÁN,BARRACAS,SOCCER,0.5,Shots On Target,shots_on_target,Demon,10756213,10756213,275772,138609,2026-03-23T20:15:00.000-04:00,,,,1,https://static.prizepicks.com/images/manual/Ignacio Campo.png,,,,,OK,,12.0,,,,,,,,,,,Above Avg,2026-03-23T13:40:37.414479+00:00,10.0,9.0,0.9,0.0,4.0,0.0,3.0,0,,,,,,,,,,,,,,,,,,,,,,NO_DATA,,
292028,Iván Tapia,Midfielder,BARRACAS,HURACÁN,SOCCER,0.5,Shots,shots,Goblin,10756215,10756215,219873,138609,2026-03-23T20:15:00.000-04:00,,,,1,https://static.prizepicks.com/images/manual/Iván Tapia.png,,,,,OK,,12.0,,,,,,,,,,,Above Avg,2026-03-23T13:40:37.414479+00:00,10.0,9.0,0.9,0.0,3.0,0.0,3.0,0,,,,,,,,,,,,,,,,,,,,,,NO_DATA,,
292028,Iván Tapia,Midfielder,BARRACAS,HURACÁN,SOCCER,0.5,Shots On Target,shots_on_target,Demon,10756216,10756216,219873,138609,2026-03-23T20:15:00.000-04:00,,,,1,https://static.prizepicks.com/images/manual/Iván Tapia.png,,,,,OK,,12.0,,,,,,,,,,,Above Avg,2026-03-23T13:40:37.414479+00:00,10.0,9.0,0.9,0.0,3.0,0.0,3.0,0,,,,,,,,,,,,,,,,,,,,,,NO_DATA,,
252705,Jhonatan Candia,Attacker,BARRACAS,HURACÁN,SOCCER,0.5,Goal + Assist,goal_assist,Demon,10756217,10756217,203395,138609,2026-03-23T20:15:00.000-04:00,,,,1,https://static.prizepicks.com/images/manual/Jhonatan_Candia.png,,,,,OK,,12.0,,,,,,,,,,,Above Avg,2026-03-23T13:40:37.414479+00:00,10.0,9.0,0.9,0.0,3.0,0.0,3.0,0,,,,,,,,,,,,,,,,,,,,,,NO_DATA,,
252705,Jhonatan Candia,Attacker,BARRACAS,HURACÁN,SOCCER,0.5,Goals,goals,Demon,10756218,10756218,203395,138609,2026-03-23T20:15:00.000-04:00,,,,1,https://static.prizepicks.com/images/manual/Jhonatan_Candia.png,,,,,OK,,12.0,,,,,,,,,,,Above Avg,2026-03-23T13:40:37.414479+00:00,10.0,9.0,0.9,0.0,3.0,0.0,3.0,0,,,,,,,,,,,,,,,,,,,,,,NO_DATA,,
217079,Jordy Caicedo,Attacker,HURACÁN,BARRACAS,SOCCER,0.5,Assists,assists,Demon,10756222,10756222,295023,138609,2026-03-23T20:15:00.000-04:00,,,,1,https://static.prizepicks.com/images/manual/Jordy Caicedo.png,,,,,OK,,12.0,,,,,,,,,,,Above Avg,2026-03-23T13:40:37.414479+00:00,10.0,9.0,0.9,0.0,4.0,0.0,3.0,0,,,,,,,,,,,,,,,,,,,,,,NO_DATA,,
217079,Jordy Caicedo,Attacker,HURACÁN,BARRACAS,SOCCER,0.5,Goal + Assist,goal_assist,Demon,10756223,10756223,295023,138609,2026-03-23T20:15:00.000-04:00,,,,1,https://static.prizepicks.com/images/manual/Jordy Caicedo.png,,,,,OK,,12.0,,,,,,,,,,,Above Avg,2026-03-23T13:40:37.414479+00:00,10.0,9.0,0.9,0.0,4.0,0.0,3.0,0,,,,,,,,,,,,,,,,,,,,,,NO_DATA,,
217079,Jordy Caicedo,Attacker,HURACÁN,BARRACAS,SOCCER,0.5,Goals,goals,Demon,10756224,10756224,295023,138609,2026-03-23T20:15:00.000-04:00,,,,1,https://static.prizepicks.com/images/manual/Jordy Caicedo.png,,,,,OK,,12.0,,,,,,,,,,,Above Avg,2026-03-23T13:40:37.414479+00:00,10.0,9.0,0.9,0.0,4.0,0.0,3.0,0,,,,,,,,,,,,,,,,,,,,,,NO_DATA,,
217079,Jordy Caicedo,Attacker,HURACÁN,BARRACAS,SOCCER,0.5,Shots On Target,shots_on_target,Goblin,10756226,10756226,295023,138609,2026-03-23T20:15:00.000-04:00,,,,1,https://static.prizepicks.com/images/manual/Jordy Caicedo.png,,,,,OK,,12.0,,,,,,,,,,,Above Avg,2026-03-23T13:40:37.414479+00:00,10.0,9.0,0.9,0.0,4.0,0.0,3.0,0,,,,,,,,,,,,,,,,,,,,,,NO_DATA,,
318418,Juan Bisanz,Attacker,HURACÁN,BARRACAS,SOCCER,0.5,Assists,assists,Demon,10756227,10756227,275774,138609,2026-03-23T20:15:00.000-04:00,,,,1,https://static.prizepicks.com/images/manual/Juan_Bisanz.png,,,,,OK,,12.0,,,,,,,,,,,Above Avg,2026-03-23T13:40:37.414479+00:00,10.0,9.0,0.9,0.0,4.0,0.0,3.0,0,,,,,,,,,,,,,,,,,,,,,,NO_DATA,,
318418,Juan Bisanz,Attacker,HURACÁN,BARRACAS,SOCCER,0.5,Goal + Assist,goal_assist,Demon,10756228,10756228,275774,138609,2026-03-23T20:15:00.000-04:00,,,,1,https://static.prizepicks.com/images/manual/Juan_Bisanz.png,,,,,OK,,12.0,,,,,,,,,,,Above Avg,2026-03-23T13:40:37.414479+00:00,10.0,9.0,0.9,0.0,4.0,0.0,3.0,0,,,,,,,,,,,,,,,,,,,,,,NO_DATA,,
318418,Juan Bisanz,Attacker,HURACÁN,BARRACAS,SOCCER,0.5,Goals,goals,Demon,10756229,10756229,275774,138609,2026-03-23T20:15:00.000-04:00,,,,1,https://static.prizepicks.com/images/manual/Juan_Bisanz.png,,,,,OK,,12.0,,,,,,,,,,,Above Avg,2026-03-23T13:40:37.414479+00:00,10.0,9.0,0.9,0.0,4.0,0.0,3.0,0,,,,,,,,,,,,,,,,,,,,,,NO_DATA,,
341509,Kevin Jappert,Midfielder,BARRACAS,HURACÁN,SOCCER,0.5,Shots,shots,Demon,10756234,10756234,273731,138609,2026-03-23T20:15:00.000-04:00,,,,1,https://static.prizepicks.com/images/manual/Kevin_Jappert.png,,,,,OK,,12.0,,,,,,,,,,,Above Avg,2026-03-23T13:40:37.414479+00:00,10.0,9.0,0.9,0.0,3.0,0.0,3.0,0,,,,,,,,,,,,,,,,,,,,,,NO_DATA,,
341509,Kevin Jappert,Midfielder,BARRACAS,HURACÁN,SOCCER,0.5,Shots On Target,shots_on_target,Demon,10756235,10756235,273731,138609,2026-03-23T20:15:00.000-04:00,,,,1,https://static.prizepicks.com/images/manual/Kevin_Jappert.png,,,,,OK,,12.0,,,,,,,,,,,Above Avg,2026-03-23T13:40:37.414479+00:00,10.0,9.0,0.9,0.0,3.0,0.0,3.0,0,,,,,,,,,,,,,,,,,,,,,,NO_DATA,,
402644,Lautaro Mora,Attacker,HURACÁN,BARRACAS,SOCCER,0.5,Goals,goals,Demon,10756236,10756236,254518,138609,2026-03-23T20:15:00.000-04:00,,,,1,https://static.prizepicks.com/images/manual/Lautaro_Mora.png,,,,,OK,,12.0,,,,,,,,,,,Above Avg,2026-03-23T13:40:37.414479+00:00,10.0,9.0,0.9,0.0,4.0,0.0,3.0,0,,,,,,,,,,,,,,,,,,,,,,NO_DATA,,
216663,Leonardo Sequeira,Attacker,HURACÁN,BARRACAS,SOCCER,0.5,Assists,assists,Demon,10756237,10756237,251507,138609,2026-03-23T20:15:00.000-04:00,,,,1,https://static.prizepicks.com/images/manual/Leonardo_Sequeira.png,,,,,OK,,12.0,,,,,,,,,,,Above Avg,2026-03-23T13:40:37.414479+00:00,10.0,9.0,0.9,0.0,4.0,0.0,3.0,0,,,,,,,,,,,,,,,,,,,,,,NO_DATA,,
216663,Leonardo Sequeira,Attacker,HURACÁN,BARRACAS,SOCCER,0.5,Goal + Assist,goal_assist,Demon,10756238,10756238,251507,138609,2026-03-23T20:15:00.000-04:00,,,,1,https://static.prizepicks.com/images/manual/Leonardo_Sequeira.png,,,,,OK,,12.0,,,,,,,,,,,Above Avg,2026-03-23T13:40:37.414479+00:00,10.0,9.0,0.9,0.0,4.0,0.0,3.0,0,,,,,,,,,,,,,,,,,,,,,,NO_DATA,,
216663,Leonardo Sequeira,Attacker,HURACÁN,BARRACAS,SOCCER,0.5,Goals,goals,Demon,10756239,10756239,251507,138609,2026-03-23T20:15:00.000-04:00,,,,1,https://static.prizepicks.com/images/manual/Leonardo_Sequeira.png,,,,,OK,,12.0,,,,,,,,,,,Above Avg,2026-03-23T13:40:37.414479+00:00,10.0,9.0,0.9,0.0,4.0,0.0,3.0,0,,,,,,,,,,,,,,,,,,,,,,NO_DATA,,
216663,Leonardo Sequeira,Attacker,HURACÁN,BARRACAS,SOCCER,0.5,Shots,shots,Goblin,10756242,10756242,251507,138609,2026-03-23T20:15:00.000-04:00,,,,1,https://static.prizepicks.com/images/manual/Leonardo_Sequeira.png,,,,,OK,,12.0,,,,,,,,,,,Above Avg,2026-03-23T13:40:37.414479+00:00,10.0,9.0,0.9,0.0,4.0,0.0,3.0,0,,,,,,,,,,,,,,,,,,,,,,NO_DATA,,
139679,Leonardo Gil,Midfielder,HURACÁN,BARRACAS,SOCCER,0.5,Assists,assists,Demon,10756244,10756244,239219,138609,2026-03-23T20:15:00.000-04:00,,,,1,https://static.prizepicks.com/images/manual/Leonardo Gil .png,,,,,OK,,12.0,,,,,,,,,,,Above Avg,2026-03-23T13:40:37.414479+00:00,10.0,9.0,0.9,0.0,4.0,0.0,3.0,0,,,,,,,,,,,,,,,,,,,,,,NO_DATA,,
139679,Leonardo Gil,Midfielder,HURACÁN,BARRACAS,SOCCER,0.5,Goal + Assist,goal_assist,Demon,10756245,10756245,239219,138609,2026-03-23T20:15:00.000-04:00,,,,1,https://static.prizepicks.com/images/manual/Leonardo Gil .png,,,,,OK,,12.0,,,,,,,,,,,Above Avg,2026-03-23T13:40:37.414479+00:00,10.0,9.0,0.9,0.0,4.0,0.0,3.0,0,,,,,,,,,,,,,,,,,,,,,,NO_DATA,,
139679,Leonardo Gil,Midfielder,HURACÁN,BARRACAS,SOCCER,0.5,Goals,goals,Demon,10756246,10756246,239219,138609,2026-03-23T20:15:00.000-04:00,,,,1,https://static.prizepicks.com/images/manual/Leonardo Gil .png,,,,,OK,,12.0,,,,,,,,,,,Above Avg,2026-03-23T13:40:37.414479+00:00,10.0,9.0,0.9,0.0,4.0,0.0,3.0,0,,,,,,,,,,,,,,,,,,,,,,NO_DATA,,
139679,Leonardo Gil,Midfielder,HURACÁN,BARRACAS,SOCCER,0.5,Shots,shots,Goblin,10756249,10756249,239219,138609,2026-03-23T20:15:00.000-04:00,,,,1,https://static.prizepicks.com/images/manual/Leonardo Gil .png,,,,,OK,,12.0,,,,,,,,,,,Above Avg,2026-03-23T13:40:37.414479+00:00,10.0,9.0,0.9,0.0,4.0,0.0,3.0,0,,,,,,,,,,,,,,,,,,,,,,NO_DATA,,
139679,Leonardo Gil,Midfielder,HURACÁN,BARRACAS,SOCCER,0.5,Shots On Target,shots_on_target,Demon,10756250,10756250,239219,138609,2026-03-23T20:15:00.000-04:00,,,,1,https://static.prizepicks.com/images/manual/Leonardo Gil .png,,,,,OK,,12.0,,,,,,,,,,,Above Avg,2026-03-23T13:40:37.414479+00:00,10.0,9.0,0.9,0.0,4.0,0.0,3.0,0,,,,,,,,,,,,,,,,,,,,,,NO_DATA,,
241547,Lucas Blondel,Defender,HURACÁN,BARRACAS,SOCCER,0.5,Assists,assists,Demon,10756251,10756251,307262,138609,2026-03-23T20:15:00.000-04:00,,,,1,https://static.prizepicks.com/images/manual/Lucas_Blondel.png,,,,,OK,,12.0,,,,,,,,,,,Above Avg,2026-03-23T13:40:37.414479+00:00,10.0,9.0,0.9,0.0,4.0,0.0,3.0,0,,,,,,,,,,,,,,,,,,,,,,NO_DATA,,
241547,Lucas Blondel,Defender,HURACÁN,BARRACAS,SOCCER,0.5,Shots On Target,shots_on_target,Demon,10756254,10756254,307262,138609,2026-03-23T20:15:00.000-04:00,,,,1,https://static.prizepicks.com/images/manual/Lucas_Blondel.png,,,,,OK,,12.0,,,,,,,,,,,Above Avg,2026-03-23T13:40:37.414479+00:00,10.0,9.0,0.9,0.0,4.0,0.0,3.0,0,,,,,,,,,,,,,,,,,,,,,,NO_DATA,,
240430,Lucas Carrizo,Defender,HURACÁN,BARRACAS,SOCCER,0.5,Goal + Assist,goal_assist,Demon,10756255,10756255,198767,138609,2026-03-23T20:15:00.000-04:00,,,,1,https://static.prizepicks.com/images/manual/Lucas Carrizo.png,,,,,OK,,12.0,,,,,,,,,,,Above Avg,2026-03-23T13:40:37.414479+00:00,10.0,9.0,0.9,0.0,4.0,0.0,3.0,0,,,,,,,,,,,,,,,,,,,,,,NO_DATA,,
240430,Lucas Carrizo,Defender,HURACÁN,BARRACAS,SOCCER,0.5,Shots On Target,shots_on_target,Demon,10756256,10756256,198767,138609,2026-03-23T20:15:00.000-04:00,,,,1,https://static.prizepicks.com/images/manual/Lucas Carrizo.png,,,,,OK,,12.0,,,,,,,,,,,Above Avg,2026-03-23T13:40:37.414479+00:00,10.0,9.0,0.9,0.0,4.0,0.0,3.0,0,,,,,,,,,,,,,,,,,,,,,,NO_DATA,,
137566,Lucas Gamba,Attacker,BARRACAS,HURACÁN,SOCCER,0.5,Goal + Assist,goal_assist,Demon,10756258,10756258,297317,138609,2026-03-23T20:15:00.000-04:00,,,,1,https://static.prizepicks.com/images/manual/Lucas Gamba.png,,,,,OK,,12.0,,,,,,,,,,,Above Avg,2026-03-23T13:40:37.414479+00:00,10.0,9.0,0.9,0.0,3.0,0.0,3.0,0,,,,,,,,,,,,,,,,,,,,,,NO_DATA,,
137566,Lucas Gamba,Attacker,BARRACAS,HURACÁN,SOCCER,0.5,Goals,goals,Demon,10756259,10756259,297317,138609,2026-03-23T20:15:00.000-04:00,,,,1,https://static.prizepicks.com/images/manual/Lucas Gamba.png,,,,,OK,,12.0,,,,,,,,,,,Above Avg,2026-03-23T13:40:37.414479+00:00,10.0,9.0,0.9,0.0,3.0,0.0,3.0,0,,,,,,,,,,,,,,,,,,,,,,NO_DATA,,
137566,Lucas Gamba,Attacker,BARRACAS,HURACÁN,SOCCER,0.5,Shots On Target,shots_on_target,Demon,10756260,10756260,297317,138609,2026-03-23T20:15:00.000-04:00,,,,1,https://static.prizepicks.com/images/manual/Lucas Gamba.png,,,,,OK,,12.0,,,,,,,,,,,Above Avg,2026-03-23T13:40:37.414479+00:00,10.0,9.0,0.9,0.0,3.0,0.0,3.0,0,,,,,,,,,,,,,,,,,,,,,,NO_DATA,,
335536,Luciano Giménez,Attacker,HURACÁN,BARRACAS,SOCCER,0.5,Assists,assists,Demon,10756262,10756262,275778,138609,2026-03-23T20:15:00.000-04:00,,,,1,https://static.prizepicks.com/images/manual/Luciano_Giménez.png,,,,,OK,,12.0,,,,,,,,,,,Above Avg,2026-03-23T13:40:37.414479+00:00,10.0,9.0,0.9,0.0,4.0,0.0,3.0,0,,,,,,,,,,,,,,,,,,,,,,NO_DATA,,
335536,Luciano Giménez,Attacker,HURACÁN,BARRACAS,SOCCER,0.5,Goal + Assist,goal_assist,Demon,10756263,10756263,275778,138609,2026-03-23T20:15:00.000-04:00,,,,1,https://static.prizepicks.com/images/manual/Luciano_Giménez.png,,,,,OK,,12.0,,,,,,,,,,,Above Avg,2026-03-23T13:40:37.414479+00:00,10.0,9.0,0.9,0.0,4.0,0.0,3.0,0,,,,,,,,,,,,,,,,,,,,,,NO_DATA,,
335536,Luciano Giménez,Attacker,HURACÁN,BARRACAS,SOCCER,0.5,Goals,goals,Demon,10756264,10756264,275778,138609,2026-03-23T20:15:00.000-04:00,,,,1,https://static.prizepicks.com/images/manual/Luciano_Giménez.png,,,,,OK,,12.0,,,,,,,,,,,Above Avg,2026-03-23T13:40:37.414479+00:00,10.0,9.0,0.9,0.0,4.0,0.0,3.0,0,,,,,,,,,,,,,,,,,,,,,,NO_DATA,,
335536,Luciano Giménez,Attacker,HURACÁN,BARRACAS,SOCCER,0.5,Shots On Target,shots_on_target,Goblin,10756269,10756269,275778,138609,2026-03-23T20:15:00.000-04:00,,,,1,https://static.prizepicks.com/images/manual/Luciano_Giménez.png,,,,,OK,,12.0,,,,,,,,,,,Above Avg,2026-03-23T13:40:37.414479+00:00,10.0,9.0,0.9,0.0,4.0,0.0,3.0,0,,,,,,,,,,,,,,,,,,,,,,NO_DATA,,
318201,Manuel Duarte,Midfielder,BARRACAS,HURACÁN,SOCCER,0.5,Shots On Target,shots_on_target,Demon,10756272,10756272,204735,138609,2026-03-23T20:15:00.000-04:00,,,,1,https://static.prizepicks.com/images/manual/Manuel Duarte.png,,,,,OK,,12.0,,,,,,,,,,,Above Avg,2026-03-23T13:40:37.414479+00:00,10.0,9.0,0.9,0.0,3.0,0.0,3.0,0,,,,,,,,,,,,,,,,,,,,,,NO_DATA,,
312315,Maxi Puig,Midfielder,BARRACAS,HURACÁN,SOCCER,0.5,Shots On Target,shots_on_target,Demon,10756273,10756273,273275,138609,2026-03-23T20:15:00.000-04:00,,,,1,https://static.prizepicks.com/images/manual/Maxi_Puig.png,,,,,OK,,12.0,,,,,,,,,,,Above Avg,2026-03-23T13:40:37.414479+00:00,10.0,9.0,0.9,0.0,3.0,0.0,3.0,0,,,,,,,,,,,,,,,,,,,,,,NO_DATA,,
359441,Milton Ríos,Midfielder,HURACÁN,BARRACAS,SOCCER,0.5,Goals,goals,Demon,10756274,10756274,275780,138609,2026-03-23T20:15:00.000-04:00,,,,1,https://static.prizepicks.com/images/manual/Milton Ríos.png,,,,,OK,,12.0,,,,,,,,,,,Above Avg,2026-03-23T13:40:37.414479+00:00,10.0,9.0,0.9,0.0,4.0,0.0,3.0,0,,,,,,,,,,,,,,,,,,,,,,NO_DATA,,
189800,Nehuén Paz,Defender,HURACÁN,BARRACAS,SOCCER,0.5,Goal + Assist,goal_assist,Demon,10756275,10756275,275781,138609,2026-03-23T20:15:00.000-04:00,,,,1,https://static.prizepicks.com/images/manual/Nehuén Paz.png,,,,,OK,,12.0,,,,,,,,,,,Above Avg,2026-03-23T13:40:37.414479+00:00,10.0,9.0,0.9,0.0,4.0,0.0,3.0,0,,,,,,,,,,,,,,,,,,,,,,NO_DATA,,
189800,Nehuén Paz,Defender,HURACÁN,BARRACAS,SOCCER,0.5,Shots On Target,shots_on_target,Demon,10756277,10756277,275781,138609,2026-03-23T20:15:00.000-04:00,,,,1,https://static.prizepicks.com/images/manual/Nehuén Paz.png,,,,,OK,,12.0,,,,,,,,,,,Above Avg,2026-03-23T13:40:37.414479+00:00,10.0,9.0,0.9,0.0,4.0,0.0,3.0,0,,,,,,,,,,,,,,,,,,,,,,NO_DATA,,
,Nicolás Demartini,Defender,BARRACAS,HURACÁN,SOCCER,0.5,Shots,shots,Demon,10756278,10756278,204738,138609,2026-03-23T20:15:00.000-04:00,,,,1,https://static.prizepicks.com/images/manual/Nicolás_Demartini.png,,,,,UNRESOLVED_SINGLE,,12.0,,,,,,,,,,,Above Avg,2026-03-23T13:40:37.414479+00:00,10.0,9.0,0.9,0.0,3.0,0.0,3.0,0,,,,,,,,,,,,,,,,,,,,,,NO_ID,,
357496,Nicolás Capraro,Defender,BARRACAS,HURACÁN,SOCCER,0.5,Shots,shots,Demon,10756279,10756279,192284,138609,2026-03-23T20:15:00.000-04:00,,,,1,https://static.prizepicks.com/images/manual/Nicolás_Capraro.png,,,,,OK,,12.0,,,,,,,,,,,Above Avg,2026-03-23T13:40:37.414479+00:00,10.0,9.0,0.9,0.0,3.0,0.0,3.0,0,,,,,,,,,,,,,,,,,,,,,,NO_DATA,,
357496,Nicolás Capraro,Defender,BARRACAS,HURACÁN,SOCCER,0.5,Shots On Target,shots_on_target,Demon,10756280,10756280,192284,138609,2026-03-23T20:15:00.000-04:00,,,,1,https://static.prizepicks.com/images/manual/Nicolás_Capraro.png,,,,,OK,,12.0,,,,,,,,,,,Above Avg,2026-03-23T13:40:37.414479+00:00,10.0,9.0,0.9,0.0,3.0,0.0,3.0,0,,,,,,,,,,,,,,,,,,,,,,NO_DATA,,
240421,Norberto Briasco,Attacker,BARRACAS,HURACÁN,SOCCER,0.5,Goal + Assist,goal_assist,Demon,10756281,10756281,295519,138609,2026-03-23T20:15:00.000-04:00,,,,1,https://static.prizepicks.com/images/manual/Norberto Briasco.png,,,,,OK,,12.0,,,,,,,,,,,Above Avg,2026-03-23T13:40:37.414479+00:00,10.0,9.0,0.9,0.0,3.0,0.0,3.0,0,,,,,,,,,,,,,,,,,,,,,,NO_DATA,,
240421,Norberto Briasco,Attacker,BARRACAS,HURACÁN,SOCCER,0.5,Goals,goals,Demon,10756282,10756282,295519,138609,2026-03-23T20:15:00.000-04:00,,,,1,https://static.prizepicks.com/images/manual/Norberto Briasco.png,,,,,OK,,12.0,,,,,,,,,,,Above Avg,2026-03-23T13:40:37.414479+00:00,10.0,9.0,0.9,0.0,3.0,0.0,3.0,0,,,,,,,,,,,,,,,,,,,,,,NO_DATA,,
240421,Norberto Briasco,Attacker,BARRACAS,HURACÁN,SOCCER,0.5,Shots On Target,shots_on_target,Demon,10756283,10756283,295519,138609,2026-03-23T20:15:00.000-04:00,,,,1,https://static.prizepicks.com/images/manual/Norberto Briasco.png,,,,,OK,,12.0,,,,,,,,,,,Above Avg,2026-03-23T13:40:37.414479+00:00,10.0,9.0,0.9,0.0,3.0,0.0,3.0,0,,,,,,,,,,,,,,,,,,,,,,NO_DATA,,
116588,Fernando Tobio,Defender,BARRACAS,HURACÁN,SOCCER,0.5,Shots,shots,Demon,10756284,10756284,249202,138609,2026-03-23T20:15:00.000-04:00,,,,1,https://static.prizepicks.com/images/manual/Fernando_Tobio.png,,,,,OK,,12.0,,,,,,,,,,,Above Avg,2026-03-23T13:40:37.414479+00:00,10.0,9.0,0.9,0.0,3.0,0.0,3.0,0,,,,,,,,,,,,,,,,,,,,,,NO_DATA,,
116588,Fernando Tobio,Defender,BARRACAS,HURACÁN,SOCCER,0.5,Shots On Target,shots_on_target,Demon,10756285,10756285,249202,138609,2026-03-23T20:15:00.000-04:00,,,,1,https://static.prizepicks.com/images/manual/Fernando_Tobio.png,,,,,OK,,12.0,,,,,,,,,,,Above Avg,2026-03-23T13:40:37.414479+00:00,10.0,9.0,0.9,0.0,3.0,0.0,3.0,0,,,,,,,,,,,,,,,,,,,,,,NO_DATA,,
206618,Rafael Barrios,Defender,BARRACAS,HURACÁN,SOCCER,0.5,Shots,shots,Demon,10756286,10756286,273733,138609,2026-03-23T20:15:00.000-04:00,,,,1,https://static.prizepicks.com/images/manual/Rafael_Barrios.png,,,,,OK,,12.0,,,,,,,,,,,Above Avg,2026-03-23T13:40:37.414479+00:00,10.0,9.0,0.9,0.0,3.0,0.0,3.0,0,,,,,,,,,,,,,,,,,,,,,,NO_DATA,,
292094,Rodrigo Insúa,Midfielder,BARRACAS,HURACÁN,SOCCER,0.5,Goal + Assist,goal_assist,Demon,10756287,10756287,192282,138609,2026-03-23T20:15:00.000-04:00,,,,1,https://static.prizepicks.com/images/manual/Rodrigo%20Ins%C3%BAa.png,,,,,OK,,12.0,,,,,,,,,,,Above Avg,2026-03-23T13:40:37.414479+00:00,10.0,9.0,0.9,0.0,3.0,0.0,3.0,0,,,,,,,,,,,,,,,,,,,,,,NO_DATA,,
292094,Rodrigo Insúa,Midfielder,BARRACAS,HURACÁN,SOCCER,0.5,Shots On Target,shots_on_target,Demon,10756289,10756289,192282,138609,2026-03-23T20:15:00.000-04:00,,,,1,https://static.prizepicks.com/images/manual/Rodrigo%20Ins%C3%BAa.png,,,,,OK,,12.0,,,,,,,,,,,Above Avg,2026-03-23T13:40:37.414479+00:00,10.0,9.0,0.9,0.0,3.0,0.0,3.0,0,,,,,,,,,,,,,,,,,,,,,,NO_DATA,,
217154,Rodrigo Bogarín,Midfielder,BARRACAS,HURACÁN,SOCCER,0.5,Goal + Assist,goal_assist,Demon,10756290,10756290,295958,138609,2026-03-23T20:15:00.000-04:00,,,,1,https://static.prizepicks.com/images/manual/Rodrigo Bogarín.png,,,,,OK,,12.0,,,,,,,,,,,Above Avg,2026-03-23T13:40:37.414479+00:00,10.0,9.0,0.9,0.0,3.0,0.0,3.0,0,,,,,,,,,,,,,,,,,,,,,,NO_DATA,,
217154,Rodrigo Bogarín,Midfielder,BARRACAS,HURACÁN,SOCCER,0.5,Shots On Target,shots_on_target,Demon,10756291,10756291,295958,138609,2026-03-23T20:15:00.000-04:00,,,,1,https://static.prizepicks.com/images/manual/Rodrigo Bogarín.png,,,,,OK,,12.0,,,,,,,,,,,Above Avg,2026-03-23T13:40:37.414479+00:00,10.0,9.0,0.9,0.0,3.0,0.0,3.0,0,,,,,,,,,,,,,,,,,,,,,,NO_DATA,,
308728,Alejandro Martínez,Midfielder,HURACÁN,BARRACAS,SOCCER,0.5,Assists,assists,Demon,10756292,10756292,296761,138609,2026-03-23T20:15:00.000-04:00,,,,1,https://static.prizepicks.com/images/manual/Alejandro Martínez.png,,,,,OK,,12.0,,,,,,,,,,,Above Avg,2026-03-23T13:40:37.414479+00:00,10.0,9.0,0.9,0.0,4.0,0.0,3.0,0,,,,,,,,,,,,,,,,,,,,,,NO_DATA,,
308728,Alejandro Martínez,Midfielder,HURACÁN,BARRACAS,SOCCER,0.5,Goal + Assist,goal_assist,Demon,10756293,10756293,296761,138609,2026-03-23T20:15:00.000-04:00,,,,1,https://static.prizepicks.com/images/manual/Alejandro Martínez.png,,,,,OK,,12.0,,,,,,,,,,,Above Avg,2026-03-23T13:40:37.414479+00:00,10.0,9.0,0.9,0.0,4.0,0.0,3.0,0,,,,,,,,,,,,,,,,,,,,,,NO_DATA,,
308728,Alejandro Martínez,Midfielder,HURACÁN,BARRACAS,SOCCER,0.5,Goals,goals,Demon,10756294,10756294,296761,138609,2026-03-23T20:15:00.000-04:00,,,,1,https://static.prizepicks.com/images/manual/Alejandro Martínez.png,,,,,OK,,12.0,,,,,,,,,,,Above Avg,2026-03-23T13:40:37.414479+00:00,10.0,9.0,0.9,0.0,4.0,0.0,3.0,0,,,,,,,,,,,,,,,,,,,,,,NO_DATA,,
308728,Alejandro Martínez,Midfielder,HURACÁN,BARRACAS,SOCCER,0.5,Shots,shots,Goblin,10756296,10756296,296761,138609,2026-03-23T20:15:00.000-04:00,,,,1,https://static.prizepicks.com/images/manual/Alejandro Martínez.png,,,,,OK,,12.0,,,,,,,,,,,Above Avg,2026-03-23T13:40:37.414479+00:00,10.0,9.0,0.9,0.0,4.0,0.0,3.0,0,,,,,,,,,,,,,,,,,,,,,,NO_DATA,,
308728,Alejandro Martínez,Midfielder,HURACÁN,BARRACAS,SOCCER,0.5,Shots On Target,shots_on_target,Demon,10756297,10756297,296761,138609,2026-03-23T20:15:00.000-04:00,,,,1,https://static.prizepicks.com/images/manual/Alejandro Martínez.png,,,,,OK,,12.0,,,,,,,,,,,Above Avg,2026-03-23T13:40:37.414479+00:00,10.0,9.0,0.9,0.0,4.0,0.0,3.0,0,,,,,,,,,,,,,,,,,,,,,,NO_DATA,,
403467,Tomás Lavezzi,Attacker,BARRACAS,HURACÁN,SOCCER,0.5,Goals,goals,Demon,10756298,10756298,246852,138609,2026-03-23T20:15:00.000-04:00,,,,1,https://static.prizepicks.com/images/manual/Tomás_Pablo_Lavezzi.png,,,,,OK,,12.0,,,,,,,,,,,Above Avg,2026-03-23T13:40:37.414479+00:00,10.0,9.0,0.9,0.0,3.0,0.0,3.0,0,,,,,,,,,,,,,,,,,,,,,,NO_DATA,,
315615,Tomás Porra,Midfielder,BARRACAS,HURACÁN,SOCCER,0.5,Goal + Assist,goal_assist,Demon,10756299,10756299,273279,138609,2026-03-23T20:15:00.000-04:00,,,,1,https://static.prizepicks.com/images/manual/Tomás Porra.png,,,,,OK,,12.0,,,,,,,,,,,Above Avg,2026-03-23T13:40:37.414479+00:00,10.0,9.0,0.9,0.0,3.0,0.0,3.0,0,,,,,,,,,,,,,,,,,,,,,,NO_DATA,,
315615,Tomás Porra,Midfielder,BARRACAS,HURACÁN,SOCCER,0.5,Shots,shots,Goblin,10756301,10756301,273279,138609,2026-03-23T20:15:00.000-04:00,,,,1,https://static.prizepicks.com/images/manual/Tomás Porra.png,,,,,OK,,12.0,,,,,,,,,,,Above Avg,2026-03-23T13:40:37.414479+00:00,10.0,9.0,0.9,0.0,3.0,0.0,3.0,0,,,,,,,,,,,,,,,,,,,,,,NO_DATA,,
315615,Tomás Porra,Midfielder,BARRACAS,HURACÁN,SOCCER,0.5,Shots On Target,shots_on_target,Demon,10756302,10756302,273279,138609,2026-03-23T20:15:00.000-04:00,,,,1,https://static.prizepicks.com/images/manual/Tomás Porra.png,,,,,OK,,12.0,,,,,,,,,,,Above Avg,2026-03-23T13:40:37.414479+00:00,10.0,9.0,0.9,0.0,3.0,0.0,3.0,0,,,,,,,,,,,,,,,,,,,,,,NO_DATA,,
395798,Valentino Gandín,Attacker,BARRACAS,HURACÁN,SOCCER,0.5,Goals,goals,Demon,10756303,10756303,277456,138609,2026-03-23T20:15:00.000-04:00,,,,1,https://static.prizepicks.com/images/manual/Valentino_Gandín.png,,,,,OK,,12.0,,,,,,,,,,,Above Avg,2026-03-23T13:40:37.414479+00:00,10.0,9.0,0.9,0.0,3.0,0.0,3.0,0,,,,,,,,,,,,,,,,,,,,,,NO_DATA,,
313285,Wilfredo Rivera,Attacker,BARRACAS,HURACÁN,SOCCER,0.5,Goal + Assist,goal_assist,Demon,10756304,10756304,295521,138609,2026-03-23T20:15:00.000-04:00,,,,1,https://static.prizepicks.com/images/manual/Wilfredo Rivera.png,,,,,OK,,12.0,,,,,,,,,,,Above Avg,2026-03-23T13:40:37.414479+00:00,10.0,9.0,0.9,0.0,3.0,0.0,3.0,0,,,,,,,,,,,,,,,,,,,,,,NO_DATA,,
313285,Wilfredo Rivera,Attacker,BARRACAS,HURACÁN,SOCCER,0.5,Goals,goals,Demon,10756305,10756305,295521,138609,2026-03-23T20:15:00.000-04:00,,,,1,https://static.prizepicks.com/images/manual/Wilfredo Rivera.png,,,,,OK,,12.0,,,,,,,,,,,Above Avg,2026-03-23T13:40:37.414479+00:00,10.0,9.0,0.9,0.0,3.0,0.0,3.0,0,,,,,,,,,,,,,,,,,,,,,,NO_DATA,,
313285,Wilfredo Rivera,Attacker,BARRACAS,HURACÁN,SOCCER,0.5,Shots On Target,shots_on_target,Demon,10756306,10756306,295521,138609,2026-03-23T20:15:00.000-04:00,,,,1,https://static.prizepicks.com/images/manual/Wilfredo Rivera.png,,,,,OK,,12.0,,,,,,,,,,,Above Avg,2026-03-23T13:40:37.414479+00:00,10.0,9.0,0.9,0.0,3.0,0.0,3.0,0,,,,,,,,,,,,,,,,,,,,,,NO_DATA,,
147009,Yeison Gordillo,Midfielder,BARRACAS,HURACÁN,SOCCER,0.5,Shots On Target,shots_on_target,Demon,10756308,10756308,299253,138609,2026-03-23T20:15:00.000-04:00,,,,1,https://static.prizepicks.com/images/manual/Yeison_Gordillo.png,,,,,OK,,12.0,,,,,,,,,,,Above Avg,2026-03-23T13:40:37.414479+00:00,10.0,9.0,0.9,0.0,3.0,0.0,3.0,0,,,,,,,,,,,,,,,,,,,,,,NO_DATA,,
192234,Óscar Romero,Midfielder,HURACÁN,BARRACAS,SOCCER,0.5,Assists,assists,Demon,10756309,10756309,302620,138609,2026-03-23T20:15:00.000-04:00,,,,1,https://static.prizepicks.com/images/manual/Óscar Romero.png,,,,,OK,,12.0,,,,,,,,,,,Above Avg,2026-03-23T13:40:37.414479+00:00,10.0,9.0,0.9,0.0,4.0,0.0,3.0,0,,,,,,,,,,,,,,,,,,,,,,NO_DATA,,
192234,Óscar Romero,Midfielder,HURACÁN,BARRACAS,SOCCER,0.5,Goal + Assist,goal_assist,Demon,10756310,10756310,302620,138609,2026-03-23T20:15:00.000-04:00,,,,1,https://static.prizepicks.com/images/manual/Óscar Romero.png,,,,,OK,,12.0,,,,,,,,,,,Above Avg,2026-03-23T13:40:37.414479+00:00,10.0,9.0,0.9,0.0,4.0,0.0,3.0,0,,,,,,,,,,,,,,,,,,,,,,NO_DATA,,
192234,Óscar Romero,Midfielder,HURACÁN,BARRACAS,SOCCER,0.5,Goals,goals,Demon,10756311,10756311,302620,138609,2026-03-23T20:15:00.000-04:00,,,,1,https://static.prizepicks.com/images/manual/Óscar Romero.png,,,,,OK,,12.0,,,,,,,,,,,Above Avg,2026-03-23T13:40:37.414479+00:00,10.0,9.0,0.9,0.0,4.0,0.0,3.0,0,,,,,,,,,,,,,,,,,,,,,,NO_DATA,,
192234,Óscar Romero,Midfielder,HURACÁN,BARRACAS,SOCCER,0.5,Shots On Target,shots_on_target,Demon,10756312,10756312,302620,138609,2026-03-23T20:15:00.000-04:00,,,,1,https://static.prizepicks.com/images/manual/Óscar Romero.png,,,,,OK,,12.0,,,,,,,,,,,Above Avg,2026-03-23T13:40:37.414479+00:00,10.0,9.0,0.9,0.0,4.0,0.0,3.0,0,,,,,,,,,,,,,,,,,,,,,,NO_DATA,,
334106,Óscar Cortés,Attacker,HURACÁN,BARRACAS,SOCCER,0.5,Goals,goals,Demon,10756313,10756313,295026,138609,2026-03-23T20:15:00.000-04:00,,,,1,https://static.prizepicks.com/images/manual/Óscar_Cortés.png,,,,,OK,,12.0,,,,,,,,,,,Above Avg,2026-03-23T13:40:37.414479+00:00,10.0,9.0,0.9,0.0,4.0,0.0,3.0,0,,,,,,,,,,,,,,,,,,,,,,NO_DATA,,
241547,Lucas Blondel,Defender,HURACÁN,BARRACAS,SOCCER,0.5,Goals,goals,Demon,10758139,10758139,307262,138609,2026-03-23T20:15:00.000-04:00,,,,1,https://static.prizepicks.com/images/manual/Lucas_Blondel.png,,,,,OK,,12.0,,,,,,,,,,,Above Avg,2026-03-23T13:40:37.414479+00:00,10.0,9.0,0.9,0.0,4.0,0.0,3.0,0,,,,,,,,,,,,,,,,,,,,,,NO_DATA,,
318201,Manuel Duarte,Midfielder,BARRACAS,HURACÁN,SOCCER,0.5,Goals,goals,Demon,10758140,10758140,204735,138609,2026-03-23T20:15:00.000-04:00,,,,1,https://static.prizepicks.com/images/manual/Manuel Duarte.png,,,,,OK,,12.0,,,,,,,,,,,Above Avg,2026-03-23T13:40:37.414479+00:00,10.0,9.0,0.9,0.0,3.0,0.0,3.0,0,,,,,,,,,,,,,,,,,,,,,,NO_DATA,,
289737,César Ibáñez,Defender,HURACÁN,BARRACAS,SOCCER,0.5,Goals,goals,Demon,10779924,10779924,236567,138609,2026-03-23T20:15:00.000-04:00,,,,1,https://static.prizepicks.com/images/manual/César_Ibáñez.png,,,,,OK,,12.0,,,,,,,,,,,Above Avg,2026-03-23T13:40:37.414479+00:00,10.0,9.0,0.9,0.0,4.0,0.0,3.0,0,,,,,,,,,,,,,,,,,,,,,,NO_DATA,,
252705,Jhonatan Candia,Attacker,BARRACAS,HURACÁN,SOCCER,0.5,Shots Assisted,shots_assisted,Standard,10794451,10794451,203395,138609,2026-03-23T20:15:00.000-04:00,,,0.5,0,https://static.prizepicks.com/images/manual/Jhonatan_Candia.png,,,,,OK,,12.0,,,,,,,,,,,Above Avg,2026-03-23T13:40:37.414479+00:00,10.0,9.0,0.9,0.0,3.0,0.0,3.0,0,,,,,,,,,,,,,,,,,,,,,,UNSUPPORTED_PROP,,
