projection_id,player_id,player_name,team,position,stat_type,line_score,pick_type,is_promo,description,away_team,home_team,game_start,game_id,fetched_at
10875474,218657,Adam Fox,NYR,D,Time On Ice,23.5,standard,False,CHI,,,2026-03-27T19:00:00.000-04:00,139236,2026-03-27T18:56:27Z
10875472,269749,Artyom Levshunov,CHI,D,Time On Ice,22.75,standard,False,NYR,,,2026-03-27T19:00:00.000-04:00,139236,2026-03-27T18:56:27Z
10875473,218655,Mika Zibanejad,NYR,F,Time On Ice,21,standard,False,CHI,,,2026-03-27T19:00:00.000-04:00,139236,2026-03-27T18:56:27Z
10875471,218572,Connor Bedard,CHI,F,Time On Ice,20.75,standard,False,NYR,,,2026-03-27T19:00:00.000-04:00,139236,2026-03-27T18:56:27Z
10883331,218652,Vincent Trocheck,NYR,F,Faceoffs Won,9.5,standard,False,CHI,,,2026-03-27T19:00:00.000-04:00,139236,2026-03-27T18:56:27Z
10883324,218685,Will Cuylle,NYR,F,Hits,4,standard,False,CHI,,,2026-03-27T19:00:00.000-04:00,139236,2026-03-27T18:56:27Z
10883325,303677,Tye Kartye,NYR,F,Hits,3.5,standard,False,CHI,,,2026-03-27T19:00:00.000-04:00,139236,2026-03-27T18:56:27Z
10883326,218652,Vincent Trocheck,NYR,F,Hits,2.5,goblin,False,CHI,,,2026-03-27T19:00:00.000-04:00,139236,2026-03-27T18:56:27Z
10883327,277945,Jaroslav Chmelar,NYR,F,Hits,1.5,standard,False,CHI,,,2026-03-27T19:00:00.000-04:00,139236,2026-03-27T18:56:27Z
10875476,218571,Moritz Seider,DET,D,Time On Ice,25.5,standard,False,BUF,,,2026-03-27T19:00:00.000-04:00,139235,2026-03-27T18:56:27Z
10875478,218218,Rasmus Dahlin,BUF,D,Time On Ice,24,standard,False,DET,,,2026-03-27T19:00:00.000-04:00,139235,2026-03-27T18:56:27Z
10875475,180376,Patrick Kane,DET,F,Time On Ice,19.5,standard,False,BUF,,,2026-03-27T19:00:00.000-04:00,139235,2026-03-27T18:56:27Z
10875477,218270,Tage Thompson,BUF,F,Time On Ice,19.25,standard,False,DET,,,2026-03-27T19:00:00.000-04:00,139235,2026-03-27T18:56:27Z
10883328,218570,Dylan Larkin,DET,F,Faceoffs Won,12.5,standard,False,BUF,,,2026-03-27T19:00:00.000-04:00,139235,2026-03-27T18:56:27Z
10883329,215149,Ryan McLeod,BUF,F,Faceoffs Won,7.5,standard,False,DET,,,2026-03-27T19:00:00.000-04:00,139235,2026-03-27T18:56:27Z
10883330,87159,Andrew Copp,DET,F,Faceoffs Won,7.5,standard,False,BUF,,,2026-03-27T19:00:00.000-04:00,139235,2026-03-27T18:56:27Z
10883322,218294,Beck Malenstyn,BUF,F,Hits,3.5,standard,False,DET,,,2026-03-27T19:00:00.000-04:00,139235,2026-03-27T18:56:27Z
10883323,87157,David Perron,DET,F,Hits,1.5,standard,False,BUF,,,2026-03-27T19:00:00.000-04:00,139235,2026-03-27T18:56:27Z
10888123,218707,Arvid Soderblom,CHI,G,Goalie Saves,24.5,standard,False,NYR,,,2026-03-27T19:00:00.000-04:00,139236,2026-03-27T18:56:27Z
10886461,309284,Dylan Garand,NYR,G,Goalie Saves,22.5,standard,False,CHI,,,2026-03-27T19:00:00.000-04:00,139236,2026-03-27T18:56:27Z
10876176,218572,Connor Bedard,CHI,F,Shots On Goal,5.5,demon,False,NYR,,,2026-03-27T19:00:00.000-04:00,139236,2026-03-27T18:56:27Z
10876201,218655,Mika Zibanejad,NYR,F,Shots On Goal,5.5,demon,False,CHI,,,2026-03-27T19:00:00.000-04:00,139236,2026-03-27T18:56:27Z
10876157,59488,Alexis Lafreniere,NYR,F,Shots On Goal,4.5,demon,False,CHI,,,2026-03-27T19:00:00.000-04:00,139236,2026-03-27T18:56:27Z
10876166,309659,Anton Frondell,CHI,F,Shots On Goal,4.5,demon,False,NYR,,,2026-03-27T19:00:00.000-04:00,139236,2026-03-27T18:56:27Z
10876175,218572,Connor Bedard,CHI,F,Shots On Goal,4.5,demon,False,NYR,,,2026-03-27T19:00:00.000-04:00,139236,2026-03-27T18:56:27Z
10876191,234283,J.T. Miller,NYR,F,Shots On Goal,4.5,demon,False,CHI,,,2026-03-27T19:00:00.000-04:00,139236,2026-03-27T18:56:27Z
10876200,218655,Mika Zibanejad,NYR,F,Shots On Goal,4.5,demon,False,CHI,,,2026-03-27T19:00:00.000-04:00,139236,2026-03-27T18:56:27Z
10876216,218652,Vincent Trocheck,NYR,F,Shots On Goal,4.5,demon,False,CHI,,,2026-03-27T19:00:00.000-04:00,139236,2026-03-27T18:56:27Z
10876148,218657,Adam Fox,NYR,D,Shots On Goal,3.5,demon,False,CHI,,,2026-03-27T19:00:00.000-04:00,139236,2026-03-27T18:56:27Z
10876156,59488,Alexis Lafreniere,NYR,F,Shots On Goal,3.5,demon,False,CHI,,,2026-03-27T19:00:00.000-04:00,139236,2026-03-27T18:56:27Z
10876165,309659,Anton Frondell,CHI,F,Shots On Goal,3.5,demon,False,NYR,,,2026-03-27T19:00:00.000-04:00,139236,2026-03-27T18:56:27Z
10876181,230314,Frank Nazar,CHI,F,Shots On Goal,3.5,demon,False,NYR,,,2026-03-27T19:00:00.000-04:00,139236,2026-03-27T18:56:27Z
10876190,234283,J.T. Miller,NYR,F,Shots On Goal,3.5,demon,False,CHI,,,2026-03-27T19:00:00.000-04:00,139236,2026-03-27T18:56:27Z
10876204,216400,Tyler Bertuzzi,CHI,F,Shots On Goal,3.5,demon,False,NYR,,,2026-03-27T19:00:00.000-04:00,139236,2026-03-27T18:56:27Z
10876214,218652,Vincent Trocheck,NYR,F,Shots On Goal,3.5,demon,False,CHI,,,2026-03-27T19:00:00.000-04:00,139236,2026-03-27T18:56:27Z
10876221,218685,Will Cuylle,NYR,F,Shots On Goal,3.5,demon,False,CHI,,,2026-03-27T19:00:00.000-04:00,139236,2026-03-27T18:56:27Z
10878693,218572,Connor Bedard,CHI,F,Shots On Goal,3.5,demon,False,NYR,,,2026-03-27T19:00:00.000-04:00,139236,2026-03-27T18:56:27Z
10879375,218655,Mika Zibanejad,NYR,F,Shots On Goal,3.5,demon,False,CHI,,,2026-03-27T19:00:00.000-04:00,139236,2026-03-27T18:56:27Z
10880946,267615,Sam Rinzel,CHI,D,Shots On Goal,3.5,demon,False,NYR,,,2026-03-27T19:00:00.000-04:00,139236,2026-03-27T18:56:27Z
10888124,218707,Arvid Soderblom,CHI,G,Goals Allowed,3.5,demon,False,NYR,,,2026-03-27T19:00:00.000-04:00,139236,2026-03-27T18:56:27Z
10876147,218657,Adam Fox,NYR,D,Shots On Goal,2.5,demon,False,CHI,,,2026-03-27T19:00:00.000-04:00,139236,2026-03-27T18:56:27Z
10876177,218572,Connor Bedard,CHI,F,Shots On Goal,2.5,goblin,False,NYR,,,2026-03-27T19:00:00.000-04:00,139236,2026-03-27T18:56:27Z
10876180,230314,Frank Nazar,CHI,F,Shots On Goal,2.5,demon,False,NYR,,,2026-03-27T19:00:00.000-04:00,139236,2026-03-27T18:56:27Z
10876202,218655,Mika Zibanejad,NYR,F,Shots On Goal,2.5,goblin,False,CHI,,,2026-03-27T19:00:00.000-04:00,139236,2026-03-27T18:56:27Z
10876203,216400,Tyler Bertuzzi,CHI,F,Shots On Goal,2.5,demon,False,NYR,,,2026-03-27T19:00:00.000-04:00,139236,2026-03-27T18:56:27Z
10876215,218652,Vincent Trocheck,NYR,F,Shots On Goal,2.5,demon,False,CHI,,,2026-03-27T19:00:00.000-04:00,139236,2026-03-27T18:56:27Z
10876222,218685,Will Cuylle,NYR,F,Shots On Goal,2.5,demon,False,CHI,,,2026-03-27T19:00:00.000-04:00,139236,2026-03-27T18:56:27Z
10878691,59488,Alexis Lafreniere,NYR,F,Shots On Goal,2.5,demon,False,CHI,,,2026-03-27T19:00:00.000-04:00,139236,2026-03-27T18:56:27Z
10878692,309659,Anton Frondell,CHI,F,Shots On Goal,2.5,demon,False,NYR,,,2026-03-27T19:00:00.000-04:00,139236,2026-03-27T18:56:27Z
10879409,234283,J.T. Miller,NYR,F,Shots On Goal,2.5,demon,False,CHI,,,2026-03-27T19:00:00.000-04:00,139236,2026-03-27T18:56:27Z
10880418,218572,Connor Bedard,CHI,F,Points,2.5,demon,False,NYR,,,2026-03-27T19:00:00.000-04:00,139236,2026-03-27T18:56:27Z
10880459,218655,Mika Zibanejad,NYR,F,Points,2.5,demon,False,CHI,,,2026-03-27T19:00:00.000-04:00,139236,2026-03-27T18:56:27Z
10880935,179254,Alex Vlasic,CHI,D,Blocked Shots,2.5,demon,False,NYR,,,2026-03-27T19:00:00.000-04:00,139236,2026-03-27T18:56:27Z
10880937,92121,Braden Schneider,NYR,D,Blocked Shots,2.5,demon,False,CHI,,,2026-03-27T19:00:00.000-04:00,139236,2026-03-27T18:56:27Z
10880945,267615,Sam Rinzel,CHI,D,Shots On Goal,2.5,demon,False,NYR,,,2026-03-27T19:00:00.000-04:00,139236,2026-03-27T18:56:27Z
10880950,267629,Vladislav Gavrikov,NYR,D,Shots On Goal,2.5,demon,False,CHI,,,2026-03-27T19:00:00.000-04:00,139236,2026-03-27T18:56:27Z
10886462,309284,Dylan Garand,NYR,G,Goals Allowed,2.5,standard,False,CHI,,,2026-03-27T19:00:00.000-04:00,139236,2026-03-27T18:56:27Z
10868279,218655,Mika Zibanejad,NYR,F,Goals,1.5,demon,False,CHI,,,2026-03-27T19:00:00.000-04:00,139236,2026-03-27T18:56:27Z
10876149,218657,Adam Fox,NYR,D,Shots On Goal,1.5,goblin,False,CHI,,,2026-03-27T19:00:00.000-04:00,139236,2026-03-27T18:56:27Z
10876158,59488,Alexis Lafreniere,NYR,F,Shots On Goal,1.5,goblin,False,CHI,,,2026-03-27T19:00:00.000-04:00,139236,2026-03-27T18:56:27Z
10876167,309659,Anton Frondell,CHI,F,Shots On Goal,1.5,goblin,False,NYR,,,2026-03-27T19:00:00.000-04:00,139236,2026-03-27T18:56:27Z
10876182,230314,Frank Nazar,CHI,F,Shots On Goal,1.5,goblin,False,NYR,,,2026-03-27T19:00:00.000-04:00,139236,2026-03-27T18:56:27Z
10876192,234283,J.T. Miller,NYR,F,Shots On Goal,1.5,goblin,False,CHI,,,2026-03-27T19:00:00.000-04:00,139236,2026-03-27T18:56:27Z
10876205,216400,Tyler Bertuzzi,CHI,F,Shots On Goal,1.5,goblin,False,NYR,,,2026-03-27T19:00:00.000-04:00,139236,2026-03-27T18:56:27Z
10876217,218652,Vincent Trocheck,NYR,F,Shots On Goal,1.5,goblin,False,CHI,,,2026-03-27T19:00:00.000-04:00,139236,2026-03-27T18:56:27Z
10876223,218685,Will Cuylle,NYR,F,Shots On Goal,1.5,goblin,False,CHI,,,2026-03-27T19:00:00.000-04:00,139236,2026-03-27T18:56:27Z
10878783,179254,Alex Vlasic,CHI,D,Blocked Shots,1.5,standard,False,NYR,,,2026-03-27T19:00:00.000-04:00,139236,2026-03-27T18:56:27Z
10879374,218655,Mika Zibanejad,NYR,F,Shots On Goal,1.5,goblin,False,CHI,,,2026-03-27T19:00:00.000-04:00,139236,2026-03-27T18:56:27Z
10880344,218657,Adam Fox,NYR,D,Assists,1.5,demon,False,CHI,,,2026-03-27T19:00:00.000-04:00,139236,2026-03-27T18:56:27Z
10880345,218572,Connor Bedard,CHI,F,Assists,1.5,demon,False,NYR,,,2026-03-27T19:00:00.000-04:00,139236,2026-03-27T18:56:27Z
10880346,234283,J.T. Miller,NYR,F,Assists,1.5,demon,False,CHI,,,2026-03-27T19:00:00.000-04:00,139236,2026-03-27T18:56:27Z
10880347,218655,Mika Zibanejad,NYR,F,Assists,1.5,demon,False,CHI,,,2026-03-27T19:00:00.000-04:00,139236,2026-03-27T18:56:27Z
10880348,218652,Vincent Trocheck,NYR,F,Assists,1.5,demon,False,CHI,,,2026-03-27T19:00:00.000-04:00,139236,2026-03-27T18:56:27Z
10880416,218657,Adam Fox,NYR,D,Points,1.5,demon,False,CHI,,,2026-03-27T19:00:00.000-04:00,139236,2026-03-27T18:56:27Z
10880417,218572,Connor Bedard,CHI,F,Points,1.5,demon,False,NYR,,,2026-03-27T19:00:00.000-04:00,139236,2026-03-27T18:56:27Z
10880419,230314,Frank Nazar,CHI,F,Points,1.5,demon,False,NYR,,,2026-03-27T19:00:00.000-04:00,139236,2026-03-27T18:56:27Z
10880420,216400,Tyler Bertuzzi,CHI,F,Points,1.5,demon,False,NYR,,,2026-03-27T19:00:00.000-04:00,139236,2026-03-27T18:56:27Z
10880421,218652,Vincent Trocheck,NYR,F,Points,1.5,demon,False,CHI,,,2026-03-27T19:00:00.000-04:00,139236,2026-03-27T18:56:27Z
10880439,59488,Alexis Lafreniere,NYR,F,Points,1.5,demon,False,CHI,,,2026-03-27T19:00:00.000-04:00,139236,2026-03-27T18:56:27Z
10880441,309659,Anton Frondell,CHI,F,Points,1.5,demon,False,NYR,,,2026-03-27T19:00:00.000-04:00,139236,2026-03-27T18:56:27Z
10880457,234283,J.T. Miller,NYR,F,Points,1.5,demon,False,CHI,,,2026-03-27T19:00:00.000-04:00,139236,2026-03-27T18:56:27Z
10880458,218655,Mika Zibanejad,NYR,F,Points,1.5,demon,False,CHI,,,2026-03-27T19:00:00.000-04:00,139236,2026-03-27T18:56:27Z
10880936,59488,Alexis Lafreniere,NYR,F,Assists,1.5,demon,False,CHI,,,2026-03-27T19:00:00.000-04:00,139236,2026-03-27T18:56:27Z
10880960,218685,Will Cuylle,NYR,F,Points,1.5,demon,False,CHI,,,2026-03-27T19:00:00.000-04:00,139236,2026-03-27T18:56:27Z
10881855,267629,Vladislav Gavrikov,NYR,D,Shots On Goal,1.5,standard,False,CHI,,,2026-03-27T19:00:00.000-04:00,139236,2026-03-27T18:56:27Z
10884272,267629,Vladislav Gavrikov,NYR,D,Points,1.5,demon,False,CHI,,,2026-03-27T19:00:00.000-04:00,139236,2026-03-27T18:56:27Z
10884487,59488,Alexis Lafreniere,NYR,F,Power Play Points,1.5,demon,False,CHI,,,2026-03-27T19:00:00.000-04:00,139236,2026-03-27T18:56:27Z
10884488,309659,Anton Frondell,CHI,F,Power Play Points,1.5,demon,False,NYR,,,2026-03-27T19:00:00.000-04:00,139236,2026-03-27T18:56:27Z
10884489,269749,Artyom Levshunov,CHI,D,Power Play Points,1.5,demon,False,NYR,,,2026-03-27T19:00:00.000-04:00,139236,2026-03-27T18:56:27Z
10884490,218572,Connor Bedard,CHI,F,Power Play Points,1.5,demon,False,NYR,,,2026-03-27T19:00:00.000-04:00,139236,2026-03-27T18:56:27Z
10884491,230314,Frank Nazar,CHI,F,Power Play Points,1.5,demon,False,NYR,,,2026-03-27T19:00:00.000-04:00,139236,2026-03-27T18:56:27Z
10884492,234283,J.T. Miller,NYR,F,Power Play Points,1.5,demon,False,CHI,,,2026-03-27T19:00:00.000-04:00,139236,2026-03-27T18:56:27Z
10884493,218655,Mika Zibanejad,NYR,F,Power Play Points,1.5,demon,False,CHI,,,2026-03-27T19:00:00.000-04:00,139236,2026-03-27T18:56:27Z
10884494,216400,Tyler Bertuzzi,CHI,F,Power Play Points,1.5,demon,False,NYR,,,2026-03-27T19:00:00.000-04:00,139236,2026-03-27T18:56:27Z
10884495,218652,Vincent Trocheck,NYR,F,Power Play Points,1.5,demon,False,CHI,,,2026-03-27T19:00:00.000-04:00,139236,2026-03-27T18:56:27Z
10868265,197251,Adam Edstrom,NYR,F,Goals,0.5,demon,False,CHI,,,2026-03-27T19:00:00.000-04:00,139236,2026-03-27T18:56:27Z
10868266,218657,Adam Fox,NYR,D,Goals,0.5,demon,False,CHI,,,2026-03-27T19:00:00.000-04:00,139236,2026-03-27T18:56:27Z
10868267,59488,Alexis Lafreniere,NYR,F,Goals,0.5,demon,False,CHI,,,2026-03-27T19:00:00.000-04:00,139236,2026-03-27T18:56:27Z
10868268,267614,Andre Burakovsky,CHI,F,Goals,0.5,demon,False,NYR,,,2026-03-27T19:00:00.000-04:00,139236,2026-03-27T18:56:27Z
10868269,309659,Anton Frondell,CHI,F,Goals,0.5,demon,False,NYR,,,2026-03-27T19:00:00.000-04:00,139236,2026-03-27T18:56:27Z
10868270,92121,Braden Schneider,NYR,D,Goals,0.5,demon,False,CHI,,,2026-03-27T19:00:00.000-04:00,139236,2026-03-27T18:56:27Z
10868271,218572,Connor Bedard,CHI,F,Goals,0.5,demon,False,NYR,,,2026-03-27T19:00:00.000-04:00,139236,2026-03-27T18:56:27Z
10868272,267725,Conor Sheary,NYR,F,Goals,0.5,demon,False,CHI,,,2026-03-27T19:00:00.000-04:00,139236,2026-03-27T18:56:27Z
10868273,230314,Frank Nazar,CHI,F,Goals,0.5,demon,False,NYR,,,2026-03-27T19:00:00.000-04:00,139236,2026-03-27T18:56:27Z
10868274,226252,Ilya Mikheyev,CHI,F,Goals,0.5,demon,False,NYR,,,2026-03-27T19:00:00.000-04:00,139236,2026-03-27T18:56:27Z
10868275,234283,J.T. Miller,NYR,F,Goals,0.5,demon,False,CHI,,,2026-03-27T19:00:00.000-04:00,139236,2026-03-27T18:56:27Z
10868276,267618,Landon Slaggert,CHI,F,Goals,0.5,demon,False,NYR,,,2026-03-27T19:00:00.000-04:00,139236,2026-03-27T18:56:27Z
10868277,269201,Matt Grzelcyk,CHI,D,Goals,0.5,demon,False,NYR,,,2026-03-27T19:00:00.000-04:00,139236,2026-03-27T18:56:27Z
10868278,218655,Mika Zibanejad,NYR,F,Goals,0.5,demon,False,CHI,,,2026-03-27T19:00:00.000-04:00,139236,2026-03-27T18:56:27Z
10868280,286546,Nick Lardis,CHI,F,Goals,0.5,demon,False,NYR,,,2026-03-27T19:00:00.000-04:00,139236,2026-03-27T18:56:27Z
10868281,172023,Ryan Donato,CHI,F,Goals,0.5,demon,False,NYR,,,2026-03-27T19:00:00.000-04:00,139236,2026-03-27T18:56:27Z
10868282,267760,Ryan Greene,CHI,F,Goals,0.5,demon,False,NYR,,,2026-03-27T19:00:00.000-04:00,139236,2026-03-27T18:56:27Z
10868283,216151,Teuvo Teravainen,CHI,F,Goals,0.5,demon,False,NYR,,,2026-03-27T19:00:00.000-04:00,139236,2026-03-27T18:56:27Z
10868284,303677,Tye Kartye,NYR,F,Goals,0.5,demon,False,CHI,,,2026-03-27T19:00:00.000-04:00,139236,2026-03-27T18:56:27Z
10868285,216400,Tyler Bertuzzi,CHI,F,Goals,0.5,demon,False,NYR,,,2026-03-27T19:00:00.000-04:00,139236,2026-03-27T18:56:27Z
10868286,218652,Vincent Trocheck,NYR,F,Goals,0.5,demon,False,CHI,,,2026-03-27T19:00:00.000-04:00,139236,2026-03-27T18:56:27Z
10868287,267629,Vladislav Gavrikov,NYR,D,Goals,0.5,demon,False,CHI,,,2026-03-27T19:00:00.000-04:00,139236,2026-03-27T18:56:27Z
10868288,218685,Will Cuylle,NYR,F,Goals,0.5,demon,False,CHI,,,2026-03-27T19:00:00.000-04:00,139236,2026-03-27T18:56:27Z
10875449,187676,Adam Sykora,NYR,F,Goals,0.5,demon,False,CHI,,,2026-03-27T19:00:00.000-04:00,139236,2026-03-27T18:56:27Z
10875455,187929,Jonny Brodzinski,NYR,F,Goals,0.5,demon,False,CHI,,,2026-03-27T19:00:00.000-04:00,139236,2026-03-27T18:56:27Z
10875458,267628,Taylor Raddysh,NYR,F,Goals,0.5,demon,False,CHI,,,2026-03-27T19:00:00.000-04:00,139236,2026-03-27T18:56:27Z
10878694,277945,Jaroslav Chmelar,NYR,F,Goals,0.5,demon,False,CHI,,,2026-03-27T19:00:00.000-04:00,139236,2026-03-27T18:56:27Z
10878778,218657,Adam Fox,NYR,D,Assists,0.5,standard,False,CHI,,,2026-03-27T19:00:00.000-04:00,139236,2026-03-27T18:56:27Z
10878779,218657,Adam Fox,NYR,D,Plus/Minus,0.5,demon,False,CHI,,,2026-03-27T19:00:00.000-04:00,139236,2026-03-27T18:56:27Z
10878780,218657,Adam Fox,NYR,D,Points,0.5,goblin,False,CHI,,,2026-03-27T19:00:00.000-04:00,139236,2026-03-27T18:56:27Z
10878781,218657,Adam Fox,NYR,D,Power Play Points,0.5,demon,False,CHI,,,2026-03-27T19:00:00.000-04:00,139236,2026-03-27T18:56:27Z
10878782,187676,Adam Sykora,NYR,F,Plus/Minus,0.5,demon,False,CHI,,,2026-03-27T19:00:00.000-04:00,139236,2026-03-27T18:56:27Z
10878784,59488,Alexis Lafreniere,NYR,F,Assists,0.5,demon,False,CHI,,,2026-03-27T19:00:00.000-04:00,139236,2026-03-27T18:56:27Z
10878785,59488,Alexis Lafreniere,NYR,F,Plus/Minus,0.5,demon,False,CHI,,,2026-03-27T19:00:00.000-04:00,139236,2026-03-27T18:56:27Z
10878786,59488,Alexis Lafreniere,NYR,F,Points,0.5,goblin,False,CHI,,,2026-03-27T19:00:00.000-04:00,139236,2026-03-27T18:56:27Z
10878787,59488,Alexis Lafreniere,NYR,F,Power Play Points,0.5,demon,False,CHI,,,2026-03-27T19:00:00.000-04:00,139236,2026-03-27T18:56:27Z
10878788,309659,Anton Frondell,CHI,F,Assists,0.5,demon,False,NYR,,,2026-03-27T19:00:00.000-04:00,139236,2026-03-27T18:56:27Z
10878789,309659,Anton Frondell,CHI,F,Points,0.5,standard,False,NYR,,,2026-03-27T19:00:00.000-04:00,139236,2026-03-27T18:56:27Z
10878790,309659,Anton Frondell,CHI,F,Power Play Points,0.5,demon,False,NYR,,,2026-03-27T19:00:00.000-04:00,139236,2026-03-27T18:56:27Z
10878791,269749,Artyom Levshunov,CHI,D,Assists,0.5,demon,False,NYR,,,2026-03-27T19:00:00.000-04:00,139236,2026-03-27T18:56:27Z
10878792,269749,Artyom Levshunov,CHI,D,Points,0.5,demon,False,NYR,,,2026-03-27T19:00:00.000-04:00,139236,2026-03-27T18:56:27Z
10878793,269749,Artyom Levshunov,CHI,D,Power Play Points,0.5,demon,False,NYR,,,2026-03-27T19:00:00.000-04:00,139236,2026-03-27T18:56:27Z
10878794,92121,Braden Schneider,NYR,D,Plus/Minus,0.5,demon,False,CHI,,,2026-03-27T19:00:00.000-04:00,139236,2026-03-27T18:56:27Z
10878795,218572,Connor Bedard,CHI,F,Assists,0.5,demon,False,NYR,,,2026-03-27T19:00:00.000-04:00,139236,2026-03-27T18:56:27Z
10878796,218572,Connor Bedard,CHI,F,Points,0.5,goblin,False,NYR,,,2026-03-27T19:00:00.000-04:00,139236,2026-03-27T18:56:27Z
10878797,218572,Connor Bedard,CHI,F,Power Play Points,0.5,demon,False,NYR,,,2026-03-27T19:00:00.000-04:00,139236,2026-03-27T18:56:27Z
10878798,267725,Conor Sheary,NYR,F,Plus/Minus,0.5,demon,False,CHI,,,2026-03-27T19:00:00.000-04:00,139236,2026-03-27T18:56:27Z
10878799,230314,Frank Nazar,CHI,F,Assists,0.5,demon,False,NYR,,,2026-03-27T19:00:00.000-04:00,139236,2026-03-27T18:56:27Z
10878800,230314,Frank Nazar,CHI,F,Points,0.5,standard,False,NYR,,,2026-03-27T19:00:00.000-04:00,139236,2026-03-27T18:56:27Z
10878801,230314,Frank Nazar,CHI,F,Power Play Points,0.5,demon,False,NYR,,,2026-03-27T19:00:00.000-04:00,139236,2026-03-27T18:56:27Z
10878802,234283,J.T. Miller,NYR,F,Assists,0.5,demon,False,CHI,,,2026-03-27T19:00:00.000-04:00,139236,2026-03-27T18:56:27Z
10878803,234283,J.T. Miller,NYR,F,Plus/Minus,0.5,demon,False,CHI,,,2026-03-27T19:00:00.000-04:00,139236,2026-03-27T18:56:27Z
10878804,234283,J.T. Miller,NYR,F,Points,0.5,goblin,False,CHI,,,2026-03-27T19:00:00.000-04:00,139236,2026-03-27T18:56:27Z
10878805,234283,J.T. Miller,NYR,F,Power Play Points,0.5,demon,False,CHI,,,2026-03-27T19:00:00.000-04:00,139236,2026-03-27T18:56:27Z
10878806,277945,Jaroslav Chmelar,NYR,F,Plus/Minus,0.5,demon,False,CHI,,,2026-03-27T19:00:00.000-04:00,139236,2026-03-27T18:56:27Z
10878807,187929,Jonny Brodzinski,NYR,F,Plus/Minus,0.5,demon,False,CHI,,,2026-03-27T19:00:00.000-04:00,139236,2026-03-27T18:56:27Z
10878808,269125,Matthew Robertson,NYR,D,Plus/Minus,0.5,demon,False,CHI,,,2026-03-27T19:00:00.000-04:00,139236,2026-03-27T18:56:27Z
10878809,218655,Mika Zibanejad,NYR,F,Assists,0.5,standard,False,CHI,,,2026-03-27T19:00:00.000-04:00,139236,2026-03-27T18:56:27Z
10878810,218655,Mika Zibanejad,NYR,F,Plus/Minus,0.5,demon,False,CHI,,,2026-03-27T19:00:00.000-04:00,139236,2026-03-27T18:56:27Z
10878811,218655,Mika Zibanejad,NYR,F,Points,0.5,goblin,False,CHI,,,2026-03-27T19:00:00.000-04:00,139236,2026-03-27T18:56:27Z
10878812,218655,Mika Zibanejad,NYR,F,Power Play Points,0.5,demon,False,CHI,,,2026-03-27T19:00:00.000-04:00,139236,2026-03-27T18:56:27Z
10878813,267760,Ryan Greene,CHI,F,Assists,0.5,demon,False,NYR,,,2026-03-27T19:00:00.000-04:00,139236,2026-03-27T18:56:27Z
10878814,267760,Ryan Greene,CHI,F,Points,0.5,demon,False,NYR,,,2026-03-27T19:00:00.000-04:00,139236,2026-03-27T18:56:27Z
10878815,267615,Sam Rinzel,CHI,D,Assists,0.5,demon,False,NYR,,,2026-03-27T19:00:00.000-04:00,139236,2026-03-27T18:56:27Z
10878816,267615,Sam Rinzel,CHI,D,Points,0.5,demon,False,NYR,,,2026-03-27T19:00:00.000-04:00,139236,2026-03-27T18:56:27Z
10878817,267615,Sam Rinzel,CHI,D,Power Play Points,0.5,demon,False,NYR,,,2026-03-27T19:00:00.000-04:00,139236,2026-03-27T18:56:27Z
10878818,267628,Taylor Raddysh,NYR,F,Plus/Minus,0.5,demon,False,CHI,,,2026-03-27T19:00:00.000-04:00,139236,2026-03-27T18:56:27Z
10878819,216151,Teuvo Teravainen,CHI,F,Assists,0.5,demon,False,NYR,,,2026-03-27T19:00:00.000-04:00,139236,2026-03-27T18:56:27Z
10878820,216151,Teuvo Teravainen,CHI,F,Points,0.5,demon,False,NYR,,,2026-03-27T19:00:00.000-04:00,139236,2026-03-27T18:56:27Z
10878821,216151,Teuvo Teravainen,CHI,F,Power Play Points,0.5,demon,False,NYR,,,2026-03-27T19:00:00.000-04:00,139236,2026-03-27T18:56:27Z
10878822,303677,Tye Kartye,NYR,F,Plus/Minus,0.5,demon,False,CHI,,,2026-03-27T19:00:00.000-04:00,139236,2026-03-27T18:56:27Z
10878823,216400,Tyler Bertuzzi,CHI,F,Assists,0.5,demon,False,NYR,,,2026-03-27T19:00:00.000-04:00,139236,2026-03-27T18:56:27Z
10878824,216400,Tyler Bertuzzi,CHI,F,Points,0.5,standard,False,NYR,,,2026-03-27T19:00:00.000-04:00,139236,2026-03-27T18:56:27Z
10878825,216400,Tyler Bertuzzi,CHI,F,Power Play Points,0.5,demon,False,NYR,,,2026-03-27T19:00:00.000-04:00,139236,2026-03-27T18:56:27Z
10878827,218652,Vincent Trocheck,NYR,F,Plus/Minus,0.5,demon,False,CHI,,,2026-03-27T19:00:00.000-04:00,139236,2026-03-27T18:56:27Z
10878828,218652,Vincent Trocheck,NYR,F,Points,0.5,goblin,False,CHI,,,2026-03-27T19:00:00.000-04:00,139236,2026-03-27T18:56:27Z
10878829,218652,Vincent Trocheck,NYR,F,Power Play Points,0.5,demon,False,CHI,,,2026-03-27T19:00:00.000-04:00,139236,2026-03-27T18:56:27Z
10878830,267629,Vladislav Gavrikov,NYR,D,Assists,0.5,demon,False,CHI,,,2026-03-27T19:00:00.000-04:00,139236,2026-03-27T18:56:27Z
10878831,267629,Vladislav Gavrikov,NYR,D,Plus/Minus,0.5,demon,False,CHI,,,2026-03-27T19:00:00.000-04:00,139236,2026-03-27T18:56:27Z
10878832,267629,Vladislav Gavrikov,NYR,D,Points,0.5,demon,False,CHI,,,2026-03-27T19:00:00.000-04:00,139236,2026-03-27T18:56:27Z
10878833,267629,Vladislav Gavrikov,NYR,D,Power Play Points,0.5,demon,False,CHI,,,2026-03-27T19:00:00.000-04:00,139236,2026-03-27T18:56:27Z
10878834,226455,Will Borgen,NYR,D,Plus/Minus,0.5,demon,False,CHI,,,2026-03-27T19:00:00.000-04:00,139236,2026-03-27T18:56:27Z
10878835,218685,Will Cuylle,NYR,F,Assists,0.5,demon,False,CHI,,,2026-03-27T19:00:00.000-04:00,139236,2026-03-27T18:56:27Z
10878836,218685,Will Cuylle,NYR,F,Plus/Minus,0.5,demon,False,CHI,,,2026-03-27T19:00:00.000-04:00,139236,2026-03-27T18:56:27Z
10878837,218685,Will Cuylle,NYR,F,Points,0.5,demon,False,CHI,,,2026-03-27T19:00:00.000-04:00,139236,2026-03-27T18:56:27Z
10880951,267629,Vladislav Gavrikov,NYR,D,Shots On Goal,0.5,goblin,False,CHI,,,2026-03-27T19:00:00.000-04:00,139236,2026-03-27T18:56:27Z
10881464,187676,Adam Sykora,NYR,F,Assists,0.5,demon,False,CHI,,,2026-03-27T19:00:00.000-04:00,139236,2026-03-27T18:56:27Z
10881465,187676,Adam Sykora,NYR,F,Points,0.5,demon,False,CHI,,,2026-03-27T19:00:00.000-04:00,139236,2026-03-27T18:56:27Z
10881466,179254,Alex Vlasic,CHI,D,Assists,0.5,demon,False,NYR,,,2026-03-27T19:00:00.000-04:00,139236,2026-03-27T18:56:27Z
10881467,179254,Alex Vlasic,CHI,D,Points,0.5,demon,False,NYR,,,2026-03-27T19:00:00.000-04:00,139236,2026-03-27T18:56:27Z
10881469,267614,Andre Burakovsky,CHI,F,Assists,0.5,demon,False,NYR,,,2026-03-27T19:00:00.000-04:00,139236,2026-03-27T18:56:27Z
10881470,267614,Andre Burakovsky,CHI,F,Points,0.5,demon,False,NYR,,,2026-03-27T19:00:00.000-04:00,139236,2026-03-27T18:56:27Z
10881471,92121,Braden Schneider,NYR,D,Assists,0.5,demon,False,CHI,,,2026-03-27T19:00:00.000-04:00,139236,2026-03-27T18:56:27Z
10881472,92121,Braden Schneider,NYR,D,Points,0.5,demon,False,CHI,,,2026-03-27T19:00:00.000-04:00,139236,2026-03-27T18:56:27Z
10881473,267725,Conor Sheary,NYR,F,Assists,0.5,demon,False,CHI,,,2026-03-27T19:00:00.000-04:00,139236,2026-03-27T18:56:27Z
10881474,267725,Conor Sheary,NYR,F,Points,0.5,demon,False,CHI,,,2026-03-27T19:00:00.000-04:00,139236,2026-03-27T18:56:27Z
10881475,287331,Ethan Mastro,CHI,D,Assists,0.5,demon,False,NYR,,,2026-03-27T19:00:00.000-04:00,139236,2026-03-27T18:56:27Z
10881476,287331,Ethan Mastro,CHI,D,Points,0.5,demon,False,NYR,,,2026-03-27T19:00:00.000-04:00,139236,2026-03-27T18:56:27Z
10881477,226252,Ilya Mikheyev,CHI,F,Assists,0.5,demon,False,NYR,,,2026-03-27T19:00:00.000-04:00,139236,2026-03-27T18:56:27Z
10881478,226252,Ilya Mikheyev,CHI,F,Points,0.5,demon,False,NYR,,,2026-03-27T19:00:00.000-04:00,139236,2026-03-27T18:56:27Z
10881479,277945,Jaroslav Chmelar,NYR,F,Assists,0.5,demon,False,CHI,,,2026-03-27T19:00:00.000-04:00,139236,2026-03-27T18:56:27Z
10881480,277945,Jaroslav Chmelar,NYR,F,Points,0.5,demon,False,CHI,,,2026-03-27T19:00:00.000-04:00,139236,2026-03-27T18:56:27Z
10881481,187929,Jonny Brodzinski,NYR,F,Assists,0.5,demon,False,CHI,,,2026-03-27T19:00:00.000-04:00,139236,2026-03-27T18:56:27Z
10881482,187929,Jonny Brodzinski,NYR,F,Points,0.5,demon,False,CHI,,,2026-03-27T19:00:00.000-04:00,139236,2026-03-27T18:56:27Z
10881483,267618,Landon Slaggert,CHI,F,Assists,0.5,demon,False,NYR,,,2026-03-27T19:00:00.000-04:00,139236,2026-03-27T18:56:27Z
10881484,267618,Landon Slaggert,CHI,F,Points,0.5,demon,False,NYR,,,2026-03-27T19:00:00.000-04:00,139236,2026-03-27T18:56:27Z
10881485,223987,Louis Crevier,CHI,D,Assists,0.5,demon,False,NYR,,,2026-03-27T19:00:00.000-04:00,139236,2026-03-27T18:56:27Z
10881486,223987,Louis Crevier,CHI,D,Points,0.5,demon,False,NYR,,,2026-03-27T19:00:00.000-04:00,139236,2026-03-27T18:56:27Z
10881487,269125,Matthew Robertson,NYR,D,Assists,0.5,demon,False,CHI,,,2026-03-27T19:00:00.000-04:00,139236,2026-03-27T18:56:27Z
10881488,269125,Matthew Robertson,NYR,D,Points,0.5,demon,False,CHI,,,2026-03-27T19:00:00.000-04:00,139236,2026-03-27T18:56:27Z
10881489,286546,Nick Lardis,CHI,F,Assists,0.5,demon,False,NYR,,,2026-03-27T19:00:00.000-04:00,139236,2026-03-27T18:56:27Z
10881490,286546,Nick Lardis,CHI,F,Points,0.5,demon,False,NYR,,,2026-03-27T19:00:00.000-04:00,139236,2026-03-27T18:56:27Z
10881491,172023,Ryan Donato,CHI,F,Assists,0.5,demon,False,NYR,,,2026-03-27T19:00:00.000-04:00,139236,2026-03-27T18:56:27Z
10881492,172023,Ryan Donato,CHI,F,Points,0.5,demon,False,NYR,,,2026-03-27T19:00:00.000-04:00,139236,2026-03-27T18:56:27Z
10881493,267628,Taylor Raddysh,NYR,F,Assists,0.5,demon,False,CHI,,,2026-03-27T19:00:00.000-04:00,139236,2026-03-27T18:56:27Z
10881494,267628,Taylor Raddysh,NYR,F,Points,0.5,demon,False,CHI,,,2026-03-27T19:00:00.000-04:00,139236,2026-03-27T18:56:27Z
10881495,303677,Tye Kartye,NYR,F,Assists,0.5,demon,False,CHI,,,2026-03-27T19:00:00.000-04:00,139236,2026-03-27T18:56:27Z
10881496,303677,Tye Kartye,NYR,F,Points,0.5,demon,False,CHI,,,2026-03-27T19:00:00.000-04:00,139236,2026-03-27T18:56:27Z
10881497,303610,Vincent Iorio,NYR,D,Assists,0.5,demon,False,CHI,,,2026-03-27T19:00:00.000-04:00,139236,2026-03-27T18:56:27Z
10881498,303610,Vincent Iorio,NYR,D,Points,0.5,demon,False,CHI,,,2026-03-27T19:00:00.000-04:00,139236,2026-03-27T18:56:27Z
10881499,226455,Will Borgen,NYR,D,Assists,0.5,demon,False,CHI,,,2026-03-27T19:00:00.000-04:00,139236,2026-03-27T18:56:27Z
10881500,226455,Will Borgen,NYR,D,Points,0.5,demon,False,CHI,,,2026-03-27T19:00:00.000-04:00,139236,2026-03-27T18:56:27Z
10881501,218699,Wyatt Kaiser,CHI,D,Assists,0.5,demon,False,NYR,,,2026-03-27T19:00:00.000-04:00,139236,2026-03-27T18:56:27Z
10881502,218699,Wyatt Kaiser,CHI,D,Points,0.5,demon,False,NYR,,,2026-03-27T19:00:00.000-04:00,139236,2026-03-27T18:56:27Z
10883318,63476,Sam Lafferty,CHI,F,Goals,0.5,demon,False,NYR,,,2026-03-27T19:00:00.000-04:00,139236,2026-03-27T18:56:27Z
10883319,63476,Sam Lafferty,CHI,F,Points,0.5,demon,False,NYR,,,2026-03-27T19:00:00.000-04:00,139236,2026-03-27T18:56:27Z
10887626,92121,Braden Schneider,NYR,D,Blocked Shots,0.5,goblin,False,CHI,,,2026-03-27T19:00:00.000-04:00,139236,2026-03-27T18:56:27Z
10886817,268453,Alex Lyon,BUF,G,Goalie Saves,29.5,demon,False,DET,,,2026-03-27T19:00:00.000-04:00,139235,2026-03-27T18:56:27Z
10886822,268447,John Gibson,DET,G,Goalie Saves,29.5,demon,False,BUF,,,2026-03-27T19:00:00.000-04:00,139235,2026-03-27T18:56:27Z
10886815,268453,Alex Lyon,BUF,G,Goalie Saves,28.5,demon,False,DET,,,2026-03-27T19:00:00.000-04:00,139235,2026-03-27T18:56:27Z
10886820,268447,John Gibson,DET,G,Goalie Saves,28.5,demon,False,BUF,,,2026-03-27T19:00:00.000-04:00,139235,2026-03-27T18:56:27Z
10886816,268453,Alex Lyon,BUF,G,Goalie Saves,27.5,demon,False,DET,,,2026-03-27T19:00:00.000-04:00,139235,2026-03-27T18:56:27Z
10886821,268447,John Gibson,DET,G,Goalie Saves,27.5,demon,False,BUF,,,2026-03-27T19:00:00.000-04:00,139235,2026-03-27T18:56:27Z
10886154,268453,Alex Lyon,BUF,G,Goalie Saves,24.5,standard,False,DET,,,2026-03-27T19:00:00.000-04:00,139235,2026-03-27T18:56:27Z
10886652,268447,John Gibson,DET,G,Goalie Saves,24.5,standard,False,BUF,,,2026-03-27T19:00:00.000-04:00,139235,2026-03-27T18:56:27Z
10886818,268453,Alex Lyon,BUF,G,Goalie Saves,21.5,goblin,False,DET,,,2026-03-27T19:00:00.000-04:00,139235,2026-03-27T18:56:27Z
10886823,268447,John Gibson,DET,G,Goalie Saves,21.5,goblin,False,BUF,,,2026-03-27T19:00:00.000-04:00,139235,2026-03-27T18:56:27Z
10886819,268453,Alex Lyon,BUF,G,Goalie Saves,20.5,goblin,False,DET,,,2026-03-27T19:00:00.000-04:00,139235,2026-03-27T18:56:27Z
10886824,268447,John Gibson,DET,G,Goalie Saves,20.5,goblin,False,BUF,,,2026-03-27T19:00:00.000-04:00,139235,2026-03-27T18:56:27Z
10868670,171511,Alex DeBrincat,DET,F,Shots On Goal,6.5,demon,False,BUF,,,2026-03-27T19:00:00.000-04:00,139235,2026-03-27T18:56:27Z
10868669,171511,Alex DeBrincat,DET,F,Shots On Goal,5.5,demon,False,BUF,,,2026-03-27T19:00:00.000-04:00,139235,2026-03-27T18:56:27Z
10868693,218570,Dylan Larkin,DET,F,Shots On Goal,5.5,demon,False,BUF,,,2026-03-27T19:00:00.000-04:00,139235,2026-03-27T18:56:27Z
10868724,218270,Tage Thompson,BUF,F,Shots On Goal,5.5,demon,False,DET,,,2026-03-27T19:00:00.000-04:00,139235,2026-03-27T18:56:27Z
10868668,171511,Alex DeBrincat,DET,F,Shots On Goal,4.5,demon,False,BUF,,,2026-03-27T19:00:00.000-04:00,139235,2026-03-27T18:56:27Z
10868682,218653,Alex Tuch,BUF,F,Shots On Goal,4.5,demon,False,DET,,,2026-03-27T19:00:00.000-04:00,139235,2026-03-27T18:56:27Z
10868692,218570,Dylan Larkin,DET,F,Shots On Goal,4.5,demon,False,BUF,,,2026-03-27T19:00:00.000-04:00,139235,2026-03-27T18:56:27Z
10868710,218218,Rasmus Dahlin,BUF,D,Shots On Goal,4.5,demon,False,DET,,,2026-03-27T19:00:00.000-04:00,139235,2026-03-27T18:56:27Z
10868722,218270,Tage Thompson,BUF,F,Shots On Goal,4.5,demon,False,DET,,,2026-03-27T19:00:00.000-04:00,139235,2026-03-27T18:56:27Z
10876882,268183,Josh Doan,BUF,F,Shots On Goal,4.5,demon,False,DET,,,2026-03-27T19:00:00.000-04:00,139235,2026-03-27T18:56:27Z
10876893,218571,Moritz Seider,DET,D,Shots On Goal,4.5,demon,False,BUF,,,2026-03-27T19:00:00.000-04:00,139235,2026-03-27T18:56:27Z
10876901,180376,Patrick Kane,DET,F,Shots On Goal,4.5,demon,False,BUF,,,2026-03-27T19:00:00.000-04:00,139235,2026-03-27T18:56:27Z
10880391,218575,Lucas Raymond,DET,F,Shots On Goal,4.5,demon,False,BUF,,,2026-03-27T19:00:00.000-04:00,139235,2026-03-27T18:56:27Z
10880641,92751,Jack Quinn,BUF,F,Shots On Goal,4.5,demon,False,DET,,,2026-03-27T19:00:00.000-04:00,139235,2026-03-27T18:56:27Z
10868680,218653,Alex Tuch,BUF,F,Shots On Goal,3.5,demon,False,DET,,,2026-03-27T19:00:00.000-04:00,139235,2026-03-27T18:56:27Z
10868691,218570,Dylan Larkin,DET,F,Shots On Goal,3.5,demon,False,BUF,,,2026-03-27T19:00:00.000-04:00,139235,2026-03-27T18:56:27Z
10868700,218571,Moritz Seider,DET,D,Shots On Goal,3.5,demon,False,BUF,,,2026-03-27T19:00:00.000-04:00,139235,2026-03-27T18:56:27Z
10868708,218218,Rasmus Dahlin,BUF,D,Shots On Goal,3.5,demon,False,DET,,,2026-03-27T19:00:00.000-04:00,139235,2026-03-27T18:56:27Z
10868723,218270,Tage Thompson,BUF,F,Shots On Goal,3.5,demon,False,DET,,,2026-03-27T19:00:00.000-04:00,139235,2026-03-27T18:56:27Z
10876865,92751,Jack Quinn,BUF,F,Shots On Goal,3.5,demon,False,DET,,,2026-03-27T19:00:00.000-04:00,139235,2026-03-27T18:56:27Z
10876874,220168,Jason Zucker,BUF,F,Shots On Goal,3.5,demon,False,DET,,,2026-03-27T19:00:00.000-04:00,139235,2026-03-27T18:56:27Z
10876880,268183,Josh Doan,BUF,F,Shots On Goal,3.5,demon,False,DET,,,2026-03-27T19:00:00.000-04:00,139235,2026-03-27T18:56:27Z
10876886,218575,Lucas Raymond,DET,F,Shots On Goal,3.5,demon,False,BUF,,,2026-03-27T19:00:00.000-04:00,139235,2026-03-27T18:56:27Z
10876900,180376,Patrick Kane,DET,F,Shots On Goal,3.5,demon,False,BUF,,,2026-03-27T19:00:00.000-04:00,139235,2026-03-27T18:56:27Z
10881853,171511,Alex DeBrincat,DET,F,Shots On Goal,3.5,standard,False,BUF,,,2026-03-27T19:00:00.000-04:00,139235,2026-03-27T18:56:27Z
10886653,268447,John Gibson,DET,G,Goals Allowed,3.5,demon,False,BUF,,,2026-03-27T19:00:00.000-04:00,139235,2026-03-27T18:56:27Z
10868667,171511,Alex DeBrincat,DET,F,Shots On Goal,2.5,goblin,False,BUF,,,2026-03-27T19:00:00.000-04:00,139235,2026-03-27T18:56:27Z
10868681,218653,Alex Tuch,BUF,F,Shots On Goal,2.5,demon,False,DET,,,2026-03-27T19:00:00.000-04:00,139235,2026-03-27T18:56:27Z
10868690,218570,Dylan Larkin,DET,F,Shots On Goal,2.5,goblin,False,BUF,,,2026-03-27T19:00:00.000-04:00,139235,2026-03-27T18:56:27Z
10868699,218571,Moritz Seider,DET,D,Shots On Goal,2.5,demon,False,BUF,,,2026-03-27T19:00:00.000-04:00,139235,2026-03-27T18:56:27Z
10868709,218218,Rasmus Dahlin,BUF,D,Shots On Goal,2.5,demon,False,DET,,,2026-03-27T19:00:00.000-04:00,139235,2026-03-27T18:56:27Z
10868721,218270,Tage Thompson,BUF,F,Shots On Goal,2.5,goblin,False,DET,,,2026-03-27T19:00:00.000-04:00,139235,2026-03-27T18:56:27Z
10876864,92751,Jack Quinn,BUF,F,Shots On Goal,2.5,demon,False,DET,,,2026-03-27T19:00:00.000-04:00,139235,2026-03-27T18:56:27Z
10876873,220168,Jason Zucker,BUF,F,Shots On Goal,2.5,demon,False,DET,,,2026-03-27T19:00:00.000-04:00,139235,2026-03-27T18:56:27Z
10876881,268183,Josh Doan,BUF,F,Shots On Goal,2.5,demon,False,DET,,,2026-03-27T19:00:00.000-04:00,139235,2026-03-27T18:56:27Z
10876885,218575,Lucas Raymond,DET,F,Shots On Goal,2.5,demon,False,BUF,,,2026-03-27T19:00:00.000-04:00,139235,2026-03-27T18:56:27Z
10878761,180376,Patrick Kane,DET,F,Shots On Goal,2.5,standard,False,BUF,,,2026-03-27T19:00:00.000-04:00,139235,2026-03-27T18:56:27Z
10880537,218270,Tage Thompson,BUF,F,Points,2.5,demon,False,DET,,,2026-03-27T19:00:00.000-04:00,139235,2026-03-27T18:56:27Z
10880561,87726,Ben Chiarot,DET,D,Blocked Shots,2.5,demon,False,BUF,,,2026-03-27T19:00:00.000-04:00,139235,2026-03-27T18:56:27Z
10880566,268332,Emmitt Finnie,DET,F,Shots On Goal,2.5,demon,False,BUF,,,2026-03-27T19:00:00.000-04:00,139235,2026-03-27T18:56:27Z
10880588,230933,Josh Norris,BUF,F,Shots On Goal,2.5,demon,False,DET,,,2026-03-27T19:00:00.000-04:00,139235,2026-03-27T18:56:27Z
10880590,305421,Justin Faulk,DET,D,Blocked Shots,2.5,demon,False,BUF,,,2026-03-27T19:00:00.000-04:00,139235,2026-03-27T18:56:27Z
10880595,305421,Justin Faulk,DET,D,Shots On Goal,2.5,demon,False,BUF,,,2026-03-27T19:00:00.000-04:00,139235,2026-03-27T18:56:27Z
10880596,92038,Mattias Samuelsson,BUF,D,Blocked Shots,2.5,demon,False,DET,,,2026-03-27T19:00:00.000-04:00,139235,2026-03-27T18:56:27Z
10880597,218571,Moritz Seider,DET,D,Blocked Shots,2.5,demon,False,BUF,,,2026-03-27T19:00:00.000-04:00,139235,2026-03-27T18:56:27Z
10880603,220288,Simon Edvinsson,DET,D,Blocked Shots,2.5,demon,False,BUF,,,2026-03-27T19:00:00.000-04:00,139235,2026-03-27T18:56:27Z
10886155,268453,Alex Lyon,BUF,G,Goals Allowed,2.5,standard,False,DET,,,2026-03-27T19:00:00.000-04:00,139235,2026-03-27T18:56:27Z
10868252,218270,Tage Thompson,BUF,F,Goals,1.5,demon,False,DET,,,2026-03-27T19:00:00.000-04:00,139235,2026-03-27T18:56:27Z
10868679,218653,Alex Tuch,BUF,F,Shots On Goal,1.5,goblin,False,DET,,,2026-03-27T19:00:00.000-04:00,139235,2026-03-27T18:56:27Z
10868698,218571,Moritz Seider,DET,D,Shots On Goal,1.5,goblin,False,BUF,,,2026-03-27T19:00:00.000-04:00,139235,2026-03-27T18:56:27Z
10868707,218218,Rasmus Dahlin,BUF,D,Shots On Goal,1.5,goblin,False,DET,,,2026-03-27T19:00:00.000-04:00,139235,2026-03-27T18:56:27Z
10876866,92751,Jack Quinn,BUF,F,Shots On Goal,1.5,goblin,False,DET,,,2026-03-27T19:00:00.000-04:00,139235,2026-03-27T18:56:27Z
10876875,220168,Jason Zucker,BUF,F,Shots On Goal,1.5,goblin,False,DET,,,2026-03-27T19:00:00.000-04:00,139235,2026-03-27T18:56:27Z
10876883,268183,Josh Doan,BUF,F,Shots On Goal,1.5,goblin,False,DET,,,2026-03-27T19:00:00.000-04:00,139235,2026-03-27T18:56:27Z
10876887,218575,Lucas Raymond,DET,F,Shots On Goal,1.5,goblin,False,BUF,,,2026-03-27T19:00:00.000-04:00,139235,2026-03-27T18:56:27Z
10876902,180376,Patrick Kane,DET,F,Shots On Goal,1.5,goblin,False,BUF,,,2026-03-27T19:00:00.000-04:00,139235,2026-03-27T18:56:27Z
10878745,305421,Justin Faulk,DET,D,Shots On Goal,1.5,demon,False,BUF,,,2026-03-27T19:00:00.000-04:00,139235,2026-03-27T18:56:27Z
10878750,92038,Mattias Samuelsson,BUF,D,Blocked Shots,1.5,standard,False,DET,,,2026-03-27T19:00:00.000-04:00,139235,2026-03-27T18:56:27Z
10878753,218571,Moritz Seider,DET,D,Blocked Shots,1.5,goblin,False,BUF,,,2026-03-27T19:00:00.000-04:00,139235,2026-03-27T18:56:27Z
10880429,171511,Alex DeBrincat,DET,F,Assists,1.5,demon,False,BUF,,,2026-03-27T19:00:00.000-04:00,139235,2026-03-27T18:56:27Z
10880430,218575,Lucas Raymond,DET,F,Assists,1.5,demon,False,BUF,,,2026-03-27T19:00:00.000-04:00,139235,2026-03-27T18:56:27Z
10880431,218571,Moritz Seider,DET,D,Assists,1.5,demon,False,BUF,,,2026-03-27T19:00:00.000-04:00,139235,2026-03-27T18:56:27Z
10880432,218218,Rasmus Dahlin,BUF,D,Assists,1.5,demon,False,DET,,,2026-03-27T19:00:00.000-04:00,139235,2026-03-27T18:56:27Z
10880433,218270,Tage Thompson,BUF,F,Assists,1.5,demon,False,DET,,,2026-03-27T19:00:00.000-04:00,139235,2026-03-27T18:56:27Z
10880512,171511,Alex DeBrincat,DET,F,Points,1.5,demon,False,BUF,,,2026-03-27T19:00:00.000-04:00,139235,2026-03-27T18:56:27Z
10880519,218570,Dylan Larkin,DET,F,Points,1.5,demon,False,BUF,,,2026-03-27T19:00:00.000-04:00,139235,2026-03-27T18:56:27Z
10880521,218575,Lucas Raymond,DET,F,Points,1.5,demon,False,BUF,,,2026-03-27T19:00:00.000-04:00,139235,2026-03-27T18:56:27Z
10880527,218571,Moritz Seider,DET,D,Points,1.5,demon,False,BUF,,,2026-03-27T19:00:00.000-04:00,139235,2026-03-27T18:56:27Z
10880530,180376,Patrick Kane,DET,F,Points,1.5,demon,False,BUF,,,2026-03-27T19:00:00.000-04:00,139235,2026-03-27T18:56:27Z
10880532,218218,Rasmus Dahlin,BUF,D,Points,1.5,demon,False,DET,,,2026-03-27T19:00:00.000-04:00,139235,2026-03-27T18:56:27Z
10880536,218270,Tage Thompson,BUF,F,Points,1.5,demon,False,DET,,,2026-03-27T19:00:00.000-04:00,139235,2026-03-27T18:56:27Z
10880551,87726,Ben Chiarot,DET,D,Blocked Shots,1.5,goblin,False,BUF,,,2026-03-27T19:00:00.000-04:00,139235,2026-03-27T18:56:27Z
10880552,305421,Justin Faulk,DET,D,Blocked Shots,1.5,demon,False,BUF,,,2026-03-27T19:00:00.000-04:00,139235,2026-03-27T18:56:27Z
10880553,220288,Simon Edvinsson,DET,D,Blocked Shots,1.5,goblin,False,BUF,,,2026-03-27T19:00:00.000-04:00,139235,2026-03-27T18:56:27Z
10880558,218653,Alex Tuch,BUF,F,Points,1.5,demon,False,DET,,,2026-03-27T19:00:00.000-04:00,139235,2026-03-27T18:56:27Z
10880562,192709,Bowen Byram,BUF,D,Points,1.5,demon,False,DET,,,2026-03-27T19:00:00.000-04:00,139235,2026-03-27T18:56:27Z
10880571,92751,Jack Quinn,BUF,F,Points,1.5,demon,False,DET,,,2026-03-27T19:00:00.000-04:00,139235,2026-03-27T18:56:27Z
10880574,220168,Jason Zucker,BUF,F,Points,1.5,demon,False,DET,,,2026-03-27T19:00:00.000-04:00,139235,2026-03-27T18:56:27Z
10880577,268183,Josh Doan,BUF,F,Points,1.5,demon,False,DET,,,2026-03-27T19:00:00.000-04:00,139235,2026-03-27T18:56:27Z
10880582,230933,Josh Norris,BUF,F,Points,1.5,demon,False,DET,,,2026-03-27T19:00:00.000-04:00,139235,2026-03-27T18:56:27Z
10880602,215149,Ryan McLeod,BUF,F,Points,1.5,demon,False,DET,,,2026-03-27T19:00:00.000-04:00,139235,2026-03-27T18:56:27Z
10883349,218570,Dylan Larkin,DET,F,Assists,1.5,demon,False,BUF,,,2026-03-27T19:00:00.000-04:00,139235,2026-03-27T18:56:27Z
10883350,180376,Patrick Kane,DET,F,Assists,1.5,demon,False,BUF,,,2026-03-27T19:00:00.000-04:00,139235,2026-03-27T18:56:27Z
10884271,305421,Justin Faulk,DET,D,Points,1.5,demon,False,BUF,,,2026-03-27T19:00:00.000-04:00,139235,2026-03-27T18:56:27Z
10868224,171511,Alex DeBrincat,DET,F,Goals,0.5,demon,False,BUF,,,2026-03-27T19:00:00.000-04:00,139235,2026-03-27T18:56:27Z
10868225,218653,Alex Tuch,BUF,F,Goals,0.5,demon,False,DET,,,2026-03-27T19:00:00.000-04:00,139235,2026-03-27T18:56:27Z
10868226,87159,Andrew Copp,DET,F,Goals,0.5,demon,False,BUF,,,2026-03-27T19:00:00.000-04:00,139235,2026-03-27T18:56:27Z
10868227,218294,Beck Malenstyn,BUF,F,Goals,0.5,demon,False,DET,,,2026-03-27T19:00:00.000-04:00,139235,2026-03-27T18:56:27Z
10868228,192709,Bowen Byram,BUF,D,Goals,0.5,demon,False,DET,,,2026-03-27T19:00:00.000-04:00,139235,2026-03-27T18:56:27Z
10868229,87157,David Perron,DET,F,Goals,0.5,demon,False,BUF,,,2026-03-27T19:00:00.000-04:00,139235,2026-03-27T18:56:27Z
10868230,218570,Dylan Larkin,DET,F,Goals,0.5,demon,False,BUF,,,2026-03-27T19:00:00.000-04:00,139235,2026-03-27T18:56:27Z
10868231,268332,Emmitt Finnie,DET,F,Goals,0.5,demon,False,BUF,,,2026-03-27T19:00:00.000-04:00,139235,2026-03-27T18:56:27Z
10868232,171513,J.T. Compher,DET,F,Goals,0.5,demon,False,BUF,,,2026-03-27T19:00:00.000-04:00,139235,2026-03-27T18:56:27Z
10868233,92751,Jack Quinn,BUF,F,Goals,0.5,demon,False,DET,,,2026-03-27T19:00:00.000-04:00,139235,2026-03-27T18:56:27Z
10868234,268367,James Riemsdyk,DET,F,Goals,0.5,demon,False,BUF,,,2026-03-27T19:00:00.000-04:00,139235,2026-03-27T18:56:27Z
10868235,220168,Jason Zucker,BUF,F,Goals,0.5,demon,False,DET,,,2026-03-27T19:00:00.000-04:00,139235,2026-03-27T18:56:27Z
10868236,268183,Josh Doan,BUF,F,Goals,0.5,demon,False,DET,,,2026-03-27T19:00:00.000-04:00,139235,2026-03-27T18:56:27Z
10868237,230933,Josh Norris,BUF,F,Goals,0.5,demon,False,DET,,,2026-03-27T19:00:00.000-04:00,139235,2026-03-27T18:56:27Z
10868238,305421,Justin Faulk,DET,D,Goals,0.5,demon,False,BUF,,,2026-03-27T19:00:00.000-04:00,139235,2026-03-27T18:56:27Z
10868239,218575,Lucas Raymond,DET,F,Goals,0.5,demon,False,BUF,,,2026-03-27T19:00:00.000-04:00,139235,2026-03-27T18:56:27Z
10868240,222244,Marco Kasper,DET,F,Goals,0.5,demon,False,BUF,,,2026-03-27T19:00:00.000-04:00,139235,2026-03-27T18:56:27Z
10868241,268414,Mason Appleton,DET,F,Goals,0.5,demon,False,BUF,,,2026-03-27T19:00:00.000-04:00,139235,2026-03-27T18:56:27Z
10868242,92038,Mattias Samuelsson,BUF,D,Goals,0.5,demon,False,DET,,,2026-03-27T19:00:00.000-04:00,139235,2026-03-27T18:56:27Z
10868243,58306,Michael Rasmussen,DET,F,Goals,0.5,demon,False,BUF,,,2026-03-27T19:00:00.000-04:00,139235,2026-03-27T18:56:27Z
10868244,218571,Moritz Seider,DET,D,Goals,0.5,demon,False,BUF,,,2026-03-27T19:00:00.000-04:00,139235,2026-03-27T18:56:27Z
10868245,272058,Noah Ostlund,BUF,F,Goals,0.5,demon,False,DET,,,2026-03-27T19:00:00.000-04:00,139235,2026-03-27T18:56:27Z
10868246,92131,Owen Power,BUF,D,Goals,0.5,demon,False,DET,,,2026-03-27T19:00:00.000-04:00,139235,2026-03-27T18:56:27Z
10868247,180376,Patrick Kane,DET,F,Goals,0.5,demon,False,BUF,,,2026-03-27T19:00:00.000-04:00,139235,2026-03-27T18:56:27Z
10868248,175663,Peyton Krebs,BUF,F,Goals,0.5,demon,False,DET,,,2026-03-27T19:00:00.000-04:00,139235,2026-03-27T18:56:27Z
10868249,218218,Rasmus Dahlin,BUF,D,Goals,0.5,demon,False,DET,,,2026-03-27T19:00:00.000-04:00,139235,2026-03-27T18:56:27Z
10868250,215149,Ryan McLeod,BUF,F,Goals,0.5,demon,False,DET,,,2026-03-27T19:00:00.000-04:00,139235,2026-03-27T18:56:27Z
10868251,305143,Sam Carrick,BUF,F,Goals,0.5,demon,False,DET,,,2026-03-27T19:00:00.000-04:00,139235,2026-03-27T18:56:27Z
10868253,180709,Zach Benson,BUF,F,Goals,0.5,demon,False,DET,,,2026-03-27T19:00:00.000-04:00,139235,2026-03-27T18:56:27Z
10868713,218270,Tage Thompson,BUF,F,Goals,0.5,demon,False,DET,,,2026-03-27T19:00:00.000-04:00,139235,2026-03-27T18:56:27Z
10878710,171511,Alex DeBrincat,DET,F,Assists,0.5,demon,False,BUF,,,2026-03-27T19:00:00.000-04:00,139235,2026-03-27T18:56:27Z
10878711,171511,Alex DeBrincat,DET,F,Points,0.5,goblin,False,BUF,,,2026-03-27T19:00:00.000-04:00,139235,2026-03-27T18:56:27Z
10878712,171511,Alex DeBrincat,DET,F,Power Play Points,0.5,demon,False,BUF,,,2026-03-27T19:00:00.000-04:00,139235,2026-03-27T18:56:27Z
10878713,218653,Alex Tuch,BUF,F,Assists,0.5,demon,False,DET,,,2026-03-27T19:00:00.000-04:00,139235,2026-03-27T18:56:27Z
10878714,218653,Alex Tuch,BUF,F,Plus/Minus,0.5,demon,False,DET,,,2026-03-27T19:00:00.000-04:00,139235,2026-03-27T18:56:27Z
10878715,218653,Alex Tuch,BUF,F,Points,0.5,goblin,False,DET,,,2026-03-27T19:00:00.000-04:00,139235,2026-03-27T18:56:27Z
10878716,218653,Alex Tuch,BUF,F,Power Play Points,0.5,demon,False,DET,,,2026-03-27T19:00:00.000-04:00,139235,2026-03-27T18:56:27Z
10878717,87159,Andrew Copp,DET,F,Assists,0.5,demon,False,BUF,,,2026-03-27T19:00:00.000-04:00,139235,2026-03-27T18:56:27Z
10878718,87159,Andrew Copp,DET,F,Points,0.5,demon,False,BUF,,,2026-03-27T19:00:00.000-04:00,139235,2026-03-27T18:56:27Z
10878719,87159,Andrew Copp,DET,F,Power Play Points,0.5,demon,False,BUF,,,2026-03-27T19:00:00.000-04:00,139235,2026-03-27T18:56:27Z
10878720,218294,Beck Malenstyn,BUF,F,Plus/Minus,0.5,demon,False,DET,,,2026-03-27T19:00:00.000-04:00,139235,2026-03-27T18:56:27Z
10878721,192709,Bowen Byram,BUF,D,Assists,0.5,demon,False,DET,,,2026-03-27T19:00:00.000-04:00,139235,2026-03-27T18:56:27Z
10878722,192709,Bowen Byram,BUF,D,Plus/Minus,0.5,demon,False,DET,,,2026-03-27T19:00:00.000-04:00,139235,2026-03-27T18:56:27Z
10878723,192709,Bowen Byram,BUF,D,Points,0.5,demon,False,DET,,,2026-03-27T19:00:00.000-04:00,139235,2026-03-27T18:56:27Z
10878724,192709,Bowen Byram,BUF,D,Power Play Points,0.5,demon,False,DET,,,2026-03-27T19:00:00.000-04:00,139235,2026-03-27T18:56:27Z
10878725,272442,Conor Timmins,BUF,D,Plus/Minus,0.5,demon,False,DET,,,2026-03-27T19:00:00.000-04:00,139235,2026-03-27T18:56:27Z
10878726,218570,Dylan Larkin,DET,F,Assists,0.5,demon,False,BUF,,,2026-03-27T19:00:00.000-04:00,139235,2026-03-27T18:56:27Z
10878727,218570,Dylan Larkin,DET,F,Points,0.5,goblin,False,BUF,,,2026-03-27T19:00:00.000-04:00,139235,2026-03-27T18:56:27Z
10878728,218570,Dylan Larkin,DET,F,Power Play Points,0.5,demon,False,BUF,,,2026-03-27T19:00:00.000-04:00,139235,2026-03-27T18:56:27Z
10878729,92751,Jack Quinn,BUF,F,Assists,0.5,demon,False,DET,,,2026-03-27T19:00:00.000-04:00,139235,2026-03-27T18:56:27Z
10878730,92751,Jack Quinn,BUF,F,Points,0.5,standard,False,DET,,,2026-03-27T19:00:00.000-04:00,139235,2026-03-27T18:56:27Z
10878731,92751,Jack Quinn,BUF,F,Power Play Points,0.5,demon,False,DET,,,2026-03-27T19:00:00.000-04:00,139235,2026-03-27T18:56:27Z
10878732,268367,James Riemsdyk,DET,F,Power Play Points,0.5,demon,False,BUF,,,2026-03-27T19:00:00.000-04:00,139235,2026-03-27T18:56:27Z
10878733,220168,Jason Zucker,BUF,F,Assists,0.5,demon,False,DET,,,2026-03-27T19:00:00.000-04:00,139235,2026-03-27T18:56:27Z
10878734,220168,Jason Zucker,BUF,F,Plus/Minus,0.5,demon,False,DET,,,2026-03-27T19:00:00.000-04:00,139235,2026-03-27T18:56:27Z
10878735,220168,Jason Zucker,BUF,F,Points,0.5,standard,False,DET,,,2026-03-27T19:00:00.000-04:00,139235,2026-03-27T18:56:27Z
10878736,220168,Jason Zucker,BUF,F,Power Play Points,0.5,demon,False,DET,,,2026-03-27T19:00:00.000-04:00,139235,2026-03-27T18:56:27Z
10878737,268183,Josh Doan,BUF,F,Assists,0.5,demon,False,DET,,,2026-03-27T19:00:00.000-04:00,139235,2026-03-27T18:56:27Z
10878738,268183,Josh Doan,BUF,F,Plus/Minus,0.5,demon,False,DET,,,2026-03-27T19:00:00.000-04:00,139235,2026-03-27T18:56:27Z
10878739,268183,Josh Doan,BUF,F,Points,0.5,demon,False,DET,,,2026-03-27T19:00:00.000-04:00,139235,2026-03-27T18:56:27Z
10878740,268183,Josh Doan,BUF,F,Power Play Points,0.5,demon,False,DET,,,2026-03-27T19:00:00.000-04:00,139235,2026-03-27T18:56:27Z
10878741,230933,Josh Norris,BUF,F,Assists,0.5,demon,False,DET,,,2026-03-27T19:00:00.000-04:00,139235,2026-03-27T18:56:27Z
10878742,230933,Josh Norris,BUF,F,Plus/Minus,0.5,demon,False,DET,,,2026-03-27T19:00:00.000-04:00,139235,2026-03-27T18:56:27Z
10878743,230933,Josh Norris,BUF,F,Power Play Points,0.5,demon,False,DET,,,2026-03-27T19:00:00.000-04:00,139235,2026-03-27T18:56:27Z
10878744,305421,Justin Faulk,DET,D,Power Play Points,0.5,demon,False,BUF,,,2026-03-27T19:00:00.000-04:00,139235,2026-03-27T18:56:27Z
10878746,305142,Logan Stanley,BUF,D,Plus/Minus,0.5,demon,False,DET,,,2026-03-27T19:00:00.000-04:00,139235,2026-03-27T18:56:27Z
10878747,218575,Lucas Raymond,DET,F,Assists,0.5,demon,False,BUF,,,2026-03-27T19:00:00.000-04:00,139235,2026-03-27T18:56:27Z
10878748,218575,Lucas Raymond,DET,F,Points,0.5,goblin,False,BUF,,,2026-03-27T19:00:00.000-04:00,139235,2026-03-27T18:56:27Z
10878749,218575,Lucas Raymond,DET,F,Power Play Points,0.5,demon,False,BUF,,,2026-03-27T19:00:00.000-04:00,139235,2026-03-27T18:56:27Z
10878751,92038,Mattias Samuelsson,BUF,D,Plus/Minus,0.5,demon,False,DET,,,2026-03-27T19:00:00.000-04:00,139235,2026-03-27T18:56:27Z
10878752,218571,Moritz Seider,DET,D,Assists,0.5,demon,False,BUF,,,2026-03-27T19:00:00.000-04:00,139235,2026-03-27T18:56:27Z
10878754,218571,Moritz Seider,DET,D,Points,0.5,standard,False,BUF,,,2026-03-27T19:00:00.000-04:00,139235,2026-03-27T18:56:27Z
10878755,218571,Moritz Seider,DET,D,Power Play Points,0.5,demon,False,BUF,,,2026-03-27T19:00:00.000-04:00,139235,2026-03-27T18:56:27Z
10878756,92131,Owen Power,BUF,D,Assists,0.5,demon,False,DET,,,2026-03-27T19:00:00.000-04:00,139235,2026-03-27T18:56:27Z
10878757,92131,Owen Power,BUF,D,Plus/Minus,0.5,demon,False,DET,,,2026-03-27T19:00:00.000-04:00,139235,2026-03-27T18:56:27Z
10878758,92131,Owen Power,BUF,D,Points,0.5,demon,False,DET,,,2026-03-27T19:00:00.000-04:00,139235,2026-03-27T18:56:27Z
10878759,180376,Patrick Kane,DET,F,Assists,0.5,demon,False,BUF,,,2026-03-27T19:00:00.000-04:00,139235,2026-03-27T18:56:27Z
10878760,180376,Patrick Kane,DET,F,Power Play Points,0.5,demon,False,BUF,,,2026-03-27T19:00:00.000-04:00,139235,2026-03-27T18:56:27Z
10878762,175663,Peyton Krebs,BUF,F,Assists,0.5,demon,False,DET,,,2026-03-27T19:00:00.000-04:00,139235,2026-03-27T18:56:27Z
10878763,175663,Peyton Krebs,BUF,F,Plus/Minus,0.5,demon,False,DET,,,2026-03-27T19:00:00.000-04:00,139235,2026-03-27T18:56:27Z
10878764,175663,Peyton Krebs,BUF,F,Points,0.5,demon,False,DET,,,2026-03-27T19:00:00.000-04:00,139235,2026-03-27T18:56:27Z
10878765,218218,Rasmus Dahlin,BUF,D,Assists,0.5,standard,False,DET,,,2026-03-27T19:00:00.000-04:00,139235,2026-03-27T18:56:27Z
10878766,218218,Rasmus Dahlin,BUF,D,Plus/Minus,0.5,demon,False,DET,,,2026-03-27T19:00:00.000-04:00,139235,2026-03-27T18:56:27Z
10878767,218218,Rasmus Dahlin,BUF,D,Points,0.5,goblin,False,DET,,,2026-03-27T19:00:00.000-04:00,139235,2026-03-27T18:56:27Z
10878768,218218,Rasmus Dahlin,BUF,D,Power Play Points,0.5,demon,False,DET,,,2026-03-27T19:00:00.000-04:00,139235,2026-03-27T18:56:27Z
10878769,215149,Ryan McLeod,BUF,F,Assists,0.5,demon,False,DET,,,2026-03-27T19:00:00.000-04:00,139235,2026-03-27T18:56:27Z
10878770,215149,Ryan McLeod,BUF,F,Plus/Minus,0.5,demon,False,DET,,,2026-03-27T19:00:00.000-04:00,139235,2026-03-27T18:56:27Z
10878771,215149,Ryan McLeod,BUF,F,Power Play Points,0.5,demon,False,DET,,,2026-03-27T19:00:00.000-04:00,139235,2026-03-27T18:56:27Z
10878772,305143,Sam Carrick,BUF,F,Plus/Minus,0.5,demon,False,DET,,,2026-03-27T19:00:00.000-04:00,139235,2026-03-27T18:56:27Z
10878773,218270,Tage Thompson,BUF,F,Assists,0.5,demon,False,DET,,,2026-03-27T19:00:00.000-04:00,139235,2026-03-27T18:56:27Z
10878774,218270,Tage Thompson,BUF,F,Plus/Minus,0.5,demon,False,DET,,,2026-03-27T19:00:00.000-04:00,139235,2026-03-27T18:56:27Z
10878775,218270,Tage Thompson,BUF,F,Points,0.5,goblin,False,DET,,,2026-03-27T19:00:00.000-04:00,139235,2026-03-27T18:56:27Z
10878776,218270,Tage Thompson,BUF,F,Power Play Points,0.5,demon,False,DET,,,2026-03-27T19:00:00.000-04:00,139235,2026-03-27T18:56:27Z
10878777,180709,Zach Benson,BUF,F,Plus/Minus,0.5,demon,False,DET,,,2026-03-27T19:00:00.000-04:00,139235,2026-03-27T18:56:27Z
10880565,268332,Emmitt Finnie,DET,F,Shots On Goal,0.5,goblin,False,BUF,,,2026-03-27T19:00:00.000-04:00,139235,2026-03-27T18:56:27Z
10880587,230933,Josh Norris,BUF,F,Shots On Goal,0.5,goblin,False,DET,,,2026-03-27T19:00:00.000-04:00,139235,2026-03-27T18:56:27Z
10880589,305421,Justin Faulk,DET,D,Blocked Shots,0.5,goblin,False,BUF,,,2026-03-27T19:00:00.000-04:00,139235,2026-03-27T18:56:27Z
10880594,305421,Justin Faulk,DET,D,Shots On Goal,0.5,goblin,False,BUF,,,2026-03-27T19:00:00.000-04:00,139235,2026-03-27T18:56:27Z
10881427,226618,Albert Johansson,DET,D,Assists,0.5,demon,False,BUF,,,2026-03-27T19:00:00.000-04:00,139235,2026-03-27T18:56:27Z
10881428,226618,Albert Johansson,DET,D,Points,0.5,demon,False,BUF,,,2026-03-27T19:00:00.000-04:00,139235,2026-03-27T18:56:27Z
10881429,218294,Beck Malenstyn,BUF,F,Assists,0.5,demon,False,DET,,,2026-03-27T19:00:00.000-04:00,139235,2026-03-27T18:56:27Z
10881430,218294,Beck Malenstyn,BUF,F,Points,0.5,demon,False,DET,,,2026-03-27T19:00:00.000-04:00,139235,2026-03-27T18:56:27Z
10881432,87726,Ben Chiarot,DET,D,Points,0.5,demon,False,BUF,,,2026-03-27T19:00:00.000-04:00,139235,2026-03-27T18:56:27Z
10881433,272442,Conor Timmins,BUF,D,Assists,0.5,demon,False,DET,,,2026-03-27T19:00:00.000-04:00,139235,2026-03-27T18:56:27Z
10881434,272442,Conor Timmins,BUF,D,Points,0.5,demon,False,DET,,,2026-03-27T19:00:00.000-04:00,139235,2026-03-27T18:56:27Z
10881435,87157,David Perron,DET,F,Assists,0.5,demon,False,BUF,,,2026-03-27T19:00:00.000-04:00,139235,2026-03-27T18:56:27Z
10881436,87157,David Perron,DET,F,Points,0.5,demon,False,BUF,,,2026-03-27T19:00:00.000-04:00,139235,2026-03-27T18:56:27Z
10881437,303956,Dominik Shine,DET,F,Assists,0.5,demon,False,BUF,,,2026-03-27T19:00:00.000-04:00,139235,2026-03-27T18:56:27Z
10881438,303956,Dominik Shine,DET,F,Points,0.5,demon,False,BUF,,,2026-03-27T19:00:00.000-04:00,139235,2026-03-27T18:56:27Z
10881439,268332,Emmitt Finnie,DET,F,Assists,0.5,demon,False,BUF,,,2026-03-27T19:00:00.000-04:00,139235,2026-03-27T18:56:27Z
10881440,268332,Emmitt Finnie,DET,F,Points,0.5,demon,False,BUF,,,2026-03-27T19:00:00.000-04:00,139235,2026-03-27T18:56:27Z
10881441,171513,J.T. Compher,DET,F,Assists,0.5,demon,False,BUF,,,2026-03-27T19:00:00.000-04:00,139235,2026-03-27T18:56:27Z
10881442,171513,J.T. Compher,DET,F,Points,0.5,demon,False,BUF,,,2026-03-27T19:00:00.000-04:00,139235,2026-03-27T18:56:27Z
10881444,272491,Jacob Bernard-Docker,DET,D,Assists,0.5,demon,False,BUF,,,2026-03-27T19:00:00.000-04:00,139235,2026-03-27T18:56:27Z
10881445,272491,Jacob Bernard-Docker,DET,D,Points,0.5,demon,False,BUF,,,2026-03-27T19:00:00.000-04:00,139235,2026-03-27T18:56:27Z
10881446,268367,James Riemsdyk,DET,F,Assists,0.5,demon,False,BUF,,,2026-03-27T19:00:00.000-04:00,139235,2026-03-27T18:56:27Z
10881447,268367,James Riemsdyk,DET,F,Points,0.5,demon,False,BUF,,,2026-03-27T19:00:00.000-04:00,139235,2026-03-27T18:56:27Z
10881448,305421,Justin Faulk,DET,D,Assists,0.5,demon,False,BUF,,,2026-03-27T19:00:00.000-04:00,139235,2026-03-27T18:56:27Z
10881449,305421,Justin Faulk,DET,D,Points,0.5,demon,False,BUF,,,2026-03-27T19:00:00.000-04:00,139235,2026-03-27T18:56:27Z
10881450,305142,Logan Stanley,BUF,D,Assists,0.5,demon,False,DET,,,2026-03-27T19:00:00.000-04:00,139235,2026-03-27T18:56:27Z
10881451,305142,Logan Stanley,BUF,D,Points,0.5,demon,False,DET,,,2026-03-27T19:00:00.000-04:00,139235,2026-03-27T18:56:27Z
10881452,222244,Marco Kasper,DET,F,Assists,0.5,demon,False,BUF,,,2026-03-27T19:00:00.000-04:00,139235,2026-03-27T18:56:27Z
10881453,222244,Marco Kasper,DET,F,Points,0.5,demon,False,BUF,,,2026-03-27T19:00:00.000-04:00,139235,2026-03-27T18:56:27Z
10881454,268414,Mason Appleton,DET,F,Assists,0.5,demon,False,BUF,,,2026-03-27T19:00:00.000-04:00,139235,2026-03-27T18:56:27Z
10881455,268414,Mason Appleton,DET,F,Points,0.5,demon,False,BUF,,,2026-03-27T19:00:00.000-04:00,139235,2026-03-27T18:56:27Z
10881456,92038,Mattias Samuelsson,BUF,D,Assists,0.5,demon,False,DET,,,2026-03-27T19:00:00.000-04:00,139235,2026-03-27T18:56:27Z
10881457,92038,Mattias Samuelsson,BUF,D,Points,0.5,demon,False,DET,,,2026-03-27T19:00:00.000-04:00,139235,2026-03-27T18:56:27Z
10881458,305143,Sam Carrick,BUF,F,Assists,0.5,demon,False,DET,,,2026-03-27T19:00:00.000-04:00,139235,2026-03-27T18:56:27Z
10881459,305143,Sam Carrick,BUF,F,Points,0.5,demon,False,DET,,,2026-03-27T19:00:00.000-04:00,139235,2026-03-27T18:56:27Z
10881460,220288,Simon Edvinsson,DET,D,Assists,0.5,demon,False,BUF,,,2026-03-27T19:00:00.000-04:00,139235,2026-03-27T18:56:27Z
10881461,220288,Simon Edvinsson,DET,D,Points,0.5,demon,False,BUF,,,2026-03-27T19:00:00.000-04:00,139235,2026-03-27T18:56:27Z
10881462,180709,Zach Benson,BUF,F,Assists,0.5,demon,False,DET,,,2026-03-27T19:00:00.000-04:00,139235,2026-03-27T18:56:27Z
10881463,180709,Zach Benson,BUF,F,Points,0.5,demon,False,DET,,,2026-03-27T19:00:00.000-04:00,139235,2026-03-27T18:56:27Z
10881823,272058,Noah Ostlund,BUF,F,Assists,0.5,demon,False,DET,,,2026-03-27T19:00:00.000-04:00,139235,2026-03-27T18:56:27Z
10881824,272058,Noah Ostlund,BUF,F,Points,0.5,demon,False,DET,,,2026-03-27T19:00:00.000-04:00,139235,2026-03-27T18:56:27Z
10888669,57845,Aaron Ekblad,FLA,D,Goals,0.5,demon,False,NYI,,,2026-03-28T13:00:00.000-04:00,139472,2026-03-27T18:56:27Z
10888670,218367,Anders Lee,NYI,F,Goals,0.5,demon,False,FLA,,,2026-03-28T13:00:00.000-04:00,139472,2026-03-27T18:56:27Z
10888673,218307,Bo Horvat,NYI,F,Goals,0.5,demon,False,FLA,,,2026-03-28T13:00:00.000-04:00,139472,2026-03-27T18:56:27Z
10888675,305209,Brayden Schenn,NYI,F,Goals,0.5,demon,False,FLA,,,2026-03-28T13:00:00.000-04:00,139472,2026-03-27T18:56:27Z
10888676,275380,Calum Ritchie,NYI,F,Goals,0.5,demon,False,FLA,,,2026-03-28T13:00:00.000-04:00,139472,2026-03-27T18:56:27Z
10888678,57848,Carter Verhaeghe,FLA,F,Goals,0.5,demon,False,NYI,,,2026-03-28T13:00:00.000-04:00,139472,2026-03-27T18:56:27Z
10888679,89567,Eetu Luostarinen,FLA,F,Goals,0.5,demon,False,NYI,,,2026-03-28T13:00:00.000-04:00,139472,2026-03-27T18:56:27Z
10888681,268177,Emil Heineman,NYI,F,Goals,0.5,demon,False,FLA,,,2026-03-28T13:00:00.000-04:00,139472,2026-03-27T18:56:27Z
10888682,57997,Jean-Gabriel Pageau,NYI,F,Goals,0.5,demon,False,FLA,,,2026-03-28T13:00:00.000-04:00,139472,2026-03-27T18:56:27Z
10888683,218683,Jesper Boqvist,FLA,F,Goals,0.5,demon,False,NYI,,,2026-03-28T13:00:00.000-04:00,139472,2026-03-27T18:56:27Z
10888684,267619,Luke Kunin,FLA,F,Goals,0.5,demon,False,NYI,,,2026-03-28T13:00:00.000-04:00,139472,2026-03-27T18:56:27Z
10888685,230678,Mackie Samoskevich,FLA,F,Goals,0.5,demon,False,NYI,,,2026-03-28T13:00:00.000-04:00,139472,2026-03-27T18:56:27Z
10888687,218279,Mathew Barzal,NYI,F,Goals,0.5,demon,False,FLA,,,2026-03-28T13:00:00.000-04:00,139472,2026-03-27T18:56:27Z
10888688,268326,Matthew Schaefer,NYI,D,Goals,0.5,demon,False,FLA,,,2026-03-28T13:00:00.000-04:00,139472,2026-03-27T18:56:27Z
10888691,218665,Matthew Tkachuk,FLA,F,Goals,0.5,demon,False,NYI,,,2026-03-28T13:00:00.000-04:00,139472,2026-03-27T18:56:27Z
10888692,297011,Ondrej Palat,NYI,F,Goals,0.5,demon,False,FLA,,,2026-03-28T13:00:00.000-04:00,139472,2026-03-27T18:56:27Z
10888693,218663,Sam Bennett,FLA,F,Goals,0.5,demon,False,NYI,,,2026-03-28T13:00:00.000-04:00,139472,2026-03-27T18:56:27Z
10888695,230679,Simon Holmstrom,NYI,F,Goals,0.5,demon,False,FLA,,,2026-03-28T13:00:00.000-04:00,139472,2026-03-27T18:56:27Z
10888696,237819,Tomas Nosek,FLA,F,Goals,0.5,demon,False,NYI,,,2026-03-28T13:00:00.000-04:00,139472,2026-03-27T18:56:27Z
10888697,308326,Vinnie Hinostroza,FLA,F,Goals,0.5,demon,False,NYI,,,2026-03-28T13:00:00.000-04:00,139472,2026-03-27T18:56:27Z
10888050,218073,Jack Hughes,NJ,F,Shots On Goal,5.5,demon,False,CAR,,,2026-03-28T17:00:00.000-04:00,139475,2026-03-27T18:56:27Z
10888118,125414,Timo Meier,NJ,F,Shots On Goal,5.5,demon,False,CAR,,,2026-03-28T17:00:00.000-04:00,139475,2026-03-27T18:56:27Z
10888049,218073,Jack Hughes,NJ,F,Shots On Goal,4.5,demon,False,CAR,,,2026-03-28T17:00:00.000-04:00,139475,2026-03-27T18:56:27Z
10888068,57868,Nico Hischier,NJ,F,Shots On Goal,4.5,demon,False,CAR,,,2026-03-28T17:00:00.000-04:00,139475,2026-03-27T18:56:27Z
10888080,265264,Nikolaj Ehlers,CAR,F,Shots On Goal,4.5,demon,False,NJ,,,2026-03-28T17:00:00.000-04:00,139475,2026-03-27T18:56:27Z
10888092,218224,Sebastian Aho,CAR,F,Shots On Goal,4.5,demon,False,NJ,,,2026-03-28T17:00:00.000-04:00,139475,2026-03-27T18:56:27Z
10888104,61274,Seth Jarvis,CAR,F,Shots On Goal,4.5,demon,False,NJ,,,2026-03-28T17:00:00.000-04:00,139475,2026-03-27T18:56:27Z
10888117,125414,Timo Meier,NJ,F,Shots On Goal,4.5,demon,False,CAR,,,2026-03-28T17:00:00.000-04:00,139475,2026-03-27T18:56:27Z
10888067,57868,Nico Hischier,NJ,F,Shots On Goal,3.5,demon,False,CAR,,,2026-03-28T17:00:00.000-04:00,139475,2026-03-27T18:56:27Z
10888078,265264,Nikolaj Ehlers,CAR,F,Shots On Goal,3.5,demon,False,NJ,,,2026-03-28T17:00:00.000-04:00,139475,2026-03-27T18:56:27Z
10888091,218224,Sebastian Aho,CAR,F,Shots On Goal,3.5,demon,False,NJ,,,2026-03-28T17:00:00.000-04:00,139475,2026-03-27T18:56:27Z
10888103,61274,Seth Jarvis,CAR,F,Shots On Goal,3.5,demon,False,NJ,,,2026-03-28T17:00:00.000-04:00,139475,2026-03-27T18:56:27Z
10888051,218073,Jack Hughes,NJ,F,Shots On Goal,2.5,goblin,False,CAR,,,2026-03-28T17:00:00.000-04:00,139475,2026-03-27T18:56:27Z
10888079,265264,Nikolaj Ehlers,CAR,F,Shots On Goal,2.5,demon,False,NJ,,,2026-03-28T17:00:00.000-04:00,139475,2026-03-27T18:56:27Z
10888106,61274,Seth Jarvis,CAR,F,Shots On Goal,2.5,goblin,False,NJ,,,2026-03-28T17:00:00.000-04:00,139475,2026-03-27T18:56:27Z
10888119,125414,Timo Meier,NJ,F,Shots On Goal,2.5,goblin,False,CAR,,,2026-03-28T17:00:00.000-04:00,139475,2026-03-27T18:56:27Z
10888069,57868,Nico Hischier,NJ,F,Shots On Goal,1.5,goblin,False,CAR,,,2026-03-28T17:00:00.000-04:00,139475,2026-03-27T18:56:27Z
10888081,265264,Nikolaj Ehlers,CAR,F,Shots On Goal,1.5,goblin,False,NJ,,,2026-03-28T17:00:00.000-04:00,139475,2026-03-27T18:56:27Z
10888093,218224,Sebastian Aho,CAR,F,Shots On Goal,1.5,goblin,False,NJ,,,2026-03-28T17:00:00.000-04:00,139475,2026-03-27T18:56:27Z
10888105,61274,Seth Jarvis,CAR,F,Shots On Goal,1.5,goblin,False,NJ,,,2026-03-28T17:00:00.000-04:00,139475,2026-03-27T18:56:27Z
10888031,268899,Alexander Nikishin,CAR,D,Goals,0.5,demon,False,NJ,,,2026-03-28T17:00:00.000-04:00,139475,2026-03-27T18:56:27Z
10888032,218693,Andrei Svechnikov,CAR,F,Goals,0.5,demon,False,NJ,,,2026-03-28T17:00:00.000-04:00,139475,2026-03-27T18:56:27Z
10888034,232483,Cody Glass,NJ,F,Goals,0.5,demon,False,CAR,,,2026-03-28T17:00:00.000-04:00,139475,2026-03-27T18:56:27Z
10888035,268024,Connor Brown,NJ,F,Goals,0.5,demon,False,CAR,,,2026-03-28T17:00:00.000-04:00,139475,2026-03-27T18:56:27Z
10888036,58481,Dawson Mercer,NJ,F,Goals,0.5,demon,False,CAR,,,2026-03-28T17:00:00.000-04:00,139475,2026-03-27T18:56:27Z
10888037,218074,Dougie Hamilton,NJ,D,Goals,0.5,demon,False,CAR,,,2026-03-28T17:00:00.000-04:00,139475,2026-03-27T18:56:27Z
10888038,268025,Evgenii Dadonov,NJ,F,Goals,0.5,demon,False,CAR,,,2026-03-28T17:00:00.000-04:00,139475,2026-03-27T18:56:27Z
10888039,218073,Jack Hughes,NJ,F,Goals,0.5,demon,False,CAR,,,2026-03-28T17:00:00.000-04:00,139475,2026-03-27T18:56:27Z
10888052,232486,Jackson Blake,CAR,F,Goals,0.5,demon,False,NJ,,,2026-03-28T17:00:00.000-04:00,139475,2026-03-27T18:56:27Z
10888053,57870,Jesper Bratt,NJ,F,Goals,0.5,demon,False,CAR,,,2026-03-28T17:00:00.000-04:00,139475,2026-03-27T18:56:27Z
10888054,64225,Jordan Martinook,CAR,F,Goals,0.5,demon,False,NJ,,,2026-03-28T17:00:00.000-04:00,139475,2026-03-27T18:56:27Z
10888055,218298,Jordan Staal,CAR,F,Goals,0.5,demon,False,NJ,,,2026-03-28T17:00:00.000-04:00,139475,2026-03-27T18:56:27Z
10888056,268026,K'Andre Miller,CAR,D,Goals,0.5,demon,False,NJ,,,2026-03-28T17:00:00.000-04:00,139475,2026-03-27T18:56:27Z
10888057,294988,Lenni Hameenaho,NJ,F,Goals,0.5,demon,False,CAR,,,2026-03-28T17:00:00.000-04:00,139475,2026-03-27T18:56:27Z
10888058,231268,Logan Stankoven,CAR,F,Goals,0.5,demon,False,NJ,,,2026-03-28T17:00:00.000-04:00,139475,2026-03-27T18:56:27Z
10888059,268027,Mark Jankowski,CAR,F,Goals,0.5,demon,False,NJ,,,2026-03-28T17:00:00.000-04:00,139475,2026-03-27T18:56:27Z
10888060,57868,Nico Hischier,NJ,F,Goals,0.5,demon,False,CAR,,,2026-03-28T17:00:00.000-04:00,139475,2026-03-27T18:56:27Z
10888070,265264,Nikolaj Ehlers,CAR,F,Goals,0.5,demon,False,NJ,,,2026-03-28T17:00:00.000-04:00,139475,2026-03-27T18:56:27Z
10888084,218224,Sebastian Aho,CAR,F,Goals,0.5,demon,False,NJ,,,2026-03-28T17:00:00.000-04:00,139475,2026-03-27T18:56:27Z
10888094,61274,Seth Jarvis,CAR,F,Goals,0.5,demon,False,NJ,,,2026-03-28T17:00:00.000-04:00,139475,2026-03-27T18:56:27Z
10888107,218704,Shayne Gostisbehere,CAR,D,Goals,0.5,demon,False,NJ,,,2026-03-28T17:00:00.000-04:00,139475,2026-03-27T18:56:27Z
10888108,226405,Taylor Hall,CAR,F,Goals,0.5,demon,False,NJ,,,2026-03-28T17:00:00.000-04:00,139475,2026-03-27T18:56:27Z
10888109,125414,Timo Meier,NJ,F,Goals,0.5,demon,False,CAR,,,2026-03-28T17:00:00.000-04:00,139475,2026-03-27T18:56:27Z
10888127,265264,Nikolaj Ehlers,CAR,F,Goals,0.5,demon,False,NJ,,,2026-03-28T17:00:00.000-04:00,139475,2026-03-27T18:56:27Z
10889111,218684,William Carrier,CAR,F,Goals,0.5,demon,False,NJ,,,2026-03-28T17:00:00.000-04:00,139475,2026-03-27T18:56:27Z
10888753,218696,Jason Robertson,DAL,F,Shots On Goal,6.5,demon,False,PIT,,,2026-03-28T17:00:00.000-04:00,139476,2026-03-27T18:56:27Z
10888752,218696,Jason Robertson,DAL,F,Shots On Goal,5.5,demon,False,PIT,,,2026-03-28T17:00:00.000-04:00,139476,2026-03-27T18:56:27Z
10888725,58361,Bryan Rust,PIT,F,Shots On Goal,4.5,demon,False,DAL,,,2026-03-28T17:00:00.000-04:00,139476,2026-03-27T18:56:27Z
10888737,218226,Erik Karlsson,PIT,D,Shots On Goal,4.5,demon,False,DAL,,,2026-03-28T17:00:00.000-04:00,139476,2026-03-27T18:56:27Z
10888751,218696,Jason Robertson,DAL,F,Shots On Goal,4.5,demon,False,PIT,,,2026-03-28T17:00:00.000-04:00,139476,2026-03-27T18:56:27Z
10888779,218227,Rickard Rakell,PIT,F,Shots On Goal,4.5,demon,False,DAL,,,2026-03-28T17:00:00.000-04:00,139476,2026-03-27T18:56:27Z
10888794,124195,Wyatt Johnston,DAL,F,Shots On Goal,4.5,demon,False,PIT,,,2026-03-28T17:00:00.000-04:00,139476,2026-03-27T18:56:27Z
10888724,58361,Bryan Rust,PIT,F,Shots On Goal,3.5,demon,False,DAL,,,2026-03-28T17:00:00.000-04:00,139476,2026-03-27T18:56:27Z
10888736,218226,Erik Karlsson,PIT,D,Shots On Goal,3.5,demon,False,DAL,,,2026-03-28T17:00:00.000-04:00,139476,2026-03-27T18:56:27Z
10888766,58482,Miro Heiskanen,DAL,D,Shots On Goal,3.5,demon,False,PIT,,,2026-03-28T17:00:00.000-04:00,139476,2026-03-27T18:56:27Z
10888778,218227,Rickard Rakell,PIT,F,Shots On Goal,3.5,demon,False,DAL,,,2026-03-28T17:00:00.000-04:00,139476,2026-03-27T18:56:27Z
10888793,124195,Wyatt Johnston,DAL,F,Shots On Goal,3.5,demon,False,PIT,,,2026-03-28T17:00:00.000-04:00,139476,2026-03-27T18:56:27Z
10888723,58361,Bryan Rust,PIT,F,Shots On Goal,2.5,goblin,False,DAL,,,2026-03-28T17:00:00.000-04:00,139476,2026-03-27T18:56:27Z
10888750,218696,Jason Robertson,DAL,F,Shots On Goal,2.5,goblin,False,PIT,,,2026-03-28T17:00:00.000-04:00,139476,2026-03-27T18:56:27Z
10888765,58482,Miro Heiskanen,DAL,D,Shots On Goal,2.5,demon,False,PIT,,,2026-03-28T17:00:00.000-04:00,139476,2026-03-27T18:56:27Z
10888792,124195,Wyatt Johnston,DAL,F,Shots On Goal,2.5,goblin,False,PIT,,,2026-03-28T17:00:00.000-04:00,139476,2026-03-27T18:56:27Z
10888735,218226,Erik Karlsson,PIT,D,Shots On Goal,1.5,goblin,False,DAL,,,2026-03-28T17:00:00.000-04:00,139476,2026-03-27T18:56:27Z
10888741,218696,Jason Robertson,DAL,F,Goals,1.5,demon,False,PIT,,,2026-03-28T17:00:00.000-04:00,139476,2026-03-27T18:56:27Z
10888764,58482,Miro Heiskanen,DAL,D,Shots On Goal,1.5,goblin,False,PIT,,,2026-03-28T17:00:00.000-04:00,139476,2026-03-27T18:56:27Z
10888777,218227,Rickard Rakell,PIT,F,Shots On Goal,1.5,goblin,False,DAL,,,2026-03-28T17:00:00.000-04:00,139476,2026-03-27T18:56:27Z
10888791,124195,Wyatt Johnston,DAL,F,Shots On Goal,1.5,goblin,False,PIT,,,2026-03-28T17:00:00.000-04:00,139476,2026-03-27T18:56:27Z
10889105,58361,Bryan Rust,PIT,F,Shots On Goal,1.5,goblin,False,DAL,,,2026-03-28T17:00:00.000-04:00,139476,2026-03-27T18:56:27Z
10888711,270673,Adam Erne,DAL,F,Goals,0.5,demon,False,PIT,,,2026-03-28T17:00:00.000-04:00,139476,2026-03-27T18:56:27Z
10888712,267616,Anthony Mantha,PIT,F,Goals,0.5,demon,False,DAL,,,2026-03-28T17:00:00.000-04:00,139476,2026-03-27T18:56:27Z
10888713,267838,Ben Kindel,PIT,F,Goals,0.5,demon,False,DAL,,,2026-03-28T17:00:00.000-04:00,139476,2026-03-27T18:56:27Z
10888716,58361,Bryan Rust,PIT,F,Goals,0.5,demon,False,DAL,,,2026-03-28T17:00:00.000-04:00,139476,2026-03-27T18:56:27Z
10888726,268013,Colin Blackwell,DAL,F,Goals,0.5,demon,False,PIT,,,2026-03-28T17:00:00.000-04:00,139476,2026-03-27T18:56:27Z
10888727,267623,Connor Dewar,PIT,F,Goals,0.5,demon,False,DAL,,,2026-03-28T17:00:00.000-04:00,139476,2026-03-27T18:56:27Z
10888728,218226,Erik Karlsson,PIT,D,Goals,0.5,demon,False,DAL,,,2026-03-28T17:00:00.000-04:00,139476,2026-03-27T18:56:27Z
10888738,58486,Jamie Benn,DAL,F,Goals,0.5,demon,False,PIT,,,2026-03-28T17:00:00.000-04:00,139476,2026-03-27T18:56:27Z
10888740,218696,Jason Robertson,DAL,F,Goals,0.5,demon,False,PIT,,,2026-03-28T17:00:00.000-04:00,139476,2026-03-27T18:56:27Z
10888754,267625,Justin Brazeau,PIT,F,Goals,0.5,demon,False,DAL,,,2026-03-28T17:00:00.000-04:00,139476,2026-03-27T18:56:27Z
10888755,268497,Justin Hryckowian,DAL,F,Goals,0.5,demon,False,PIT,,,2026-03-28T17:00:00.000-04:00,139476,2026-03-27T18:56:27Z
10888756,224658,Kevin Hayes,PIT,F,Goals,0.5,demon,False,DAL,,,2026-03-28T17:00:00.000-04:00,139476,2026-03-27T18:56:27Z
10888757,171558,Matt Duchene,DAL,F,Goals,0.5,demon,False,PIT,,,2026-03-28T17:00:00.000-04:00,139476,2026-03-27T18:56:27Z
10888758,268015,Mavrik Bourque,DAL,F,Goals,0.5,demon,False,PIT,,,2026-03-28T17:00:00.000-04:00,139476,2026-03-27T18:56:27Z
10888759,304859,Michael Bunting,DAL,F,Goals,0.5,demon,False,PIT,,,2026-03-28T17:00:00.000-04:00,139476,2026-03-27T18:56:27Z
10888760,58482,Miro Heiskanen,DAL,D,Goals,0.5,demon,False,PIT,,,2026-03-28T17:00:00.000-04:00,139476,2026-03-27T18:56:27Z
10888767,170898,Noel Acciari,PIT,F,Goals,0.5,demon,False,DAL,,,2026-03-28T17:00:00.000-04:00,139476,2026-03-27T18:56:27Z
10888770,218227,Rickard Rakell,PIT,F,Goals,0.5,demon,False,DAL,,,2026-03-28T17:00:00.000-04:00,139476,2026-03-27T18:56:27Z
10888780,140703,Thomas Harley,DAL,D,Goals,0.5,demon,False,PIT,,,2026-03-28T17:00:00.000-04:00,139476,2026-03-27T18:56:27Z
10888781,234598,Ville Koivunen,PIT,F,Goals,0.5,demon,False,DAL,,,2026-03-28T17:00:00.000-04:00,139476,2026-03-27T18:56:27Z
10888782,124195,Wyatt Johnston,DAL,F,Goals,0.5,demon,False,PIT,,,2026-03-28T17:00:00.000-04:00,139476,2026-03-27T18:56:27Z
10888795,289282,Yegor Chinakhov,PIT,F,Goals,0.5,demon,False,DAL,,,2026-03-28T17:00:00.000-04:00,139476,2026-03-27T18:56:27Z
10887653,225514,Cam Fowler,STL,D,Goals,0.5,demon,False,TOR,,,2026-03-28T19:00:00.000-04:00,139479,2026-03-27T18:56:27Z
10887654,267668,Dakota Joshua,TOR,F,Goals,0.5,demon,False,STL,,,2026-03-28T19:00:00.000-04:00,139479,2026-03-27T18:56:27Z
10887656,274996,Dalibor Dvorsky,STL,F,Goals,0.5,demon,False,TOR,,,2026-03-28T19:00:00.000-04:00,139479,2026-03-27T18:56:27Z
10887658,218311,Dylan Holloway,STL,F,Goals,0.5,demon,False,TOR,,,2026-03-28T19:00:00.000-04:00,139479,2026-03-27T18:56:27Z
10887660,269199,Easton Cowan,TOR,F,Goals,0.5,demon,False,STL,,,2026-03-28T19:00:00.000-04:00,139479,2026-03-27T18:56:27Z
10887661,218312,Jake Neighbours,STL,F,Goals,0.5,demon,False,TOR,,,2026-03-28T19:00:00.000-04:00,139479,2026-03-27T18:56:27Z
10887663,268035,Jimmy Snuggerud,STL,F,Goals,0.5,demon,False,TOR,,,2026-03-28T19:00:00.000-04:00,139479,2026-03-27T18:56:27Z
10887664,58166,John Tavares,TOR,F,Goals,0.5,demon,False,STL,,,2026-03-28T19:00:00.000-04:00,139479,2026-03-27T18:56:27Z
10887667,287074,Jonatan Berggren,STL,F,Goals,0.5,demon,False,TOR,,,2026-03-28T19:00:00.000-04:00,139479,2026-03-27T18:56:27Z
10887668,58161,Jordan Kyrou,STL,F,Goals,0.5,demon,False,TOR,,,2026-03-28T19:00:00.000-04:00,139479,2026-03-27T18:56:27Z
10887670,267721,Matias Maccelli,TOR,F,Goals,0.5,demon,False,STL,,,2026-03-28T19:00:00.000-04:00,139479,2026-03-27T18:56:27Z
10887671,218365,Matthew Knies,TOR,F,Goals,0.5,demon,False,STL,,,2026-03-28T19:00:00.000-04:00,139479,2026-03-27T18:56:27Z
10887673,173844,Max Domi,TOR,F,Goals,0.5,demon,False,STL,,,2026-03-28T19:00:00.000-04:00,139479,2026-03-27T18:56:27Z
10887674,218277,Morgan Rielly,TOR,D,Goals,0.5,demon,False,STL,,,2026-03-28T19:00:00.000-04:00,139479,2026-03-27T18:56:27Z
10887675,87689,Nicholas Robertson,TOR,F,Goals,0.5,demon,False,STL,,,2026-03-28T19:00:00.000-04:00,139479,2026-03-27T18:56:27Z
10887676,219206,Oliver Ekman-Larsson,TOR,D,Goals,0.5,demon,False,STL,,,2026-03-28T19:00:00.000-04:00,139479,2026-03-27T18:56:27Z
10887677,218232,Pavel Buchnevich,STL,F,Goals,0.5,demon,False,TOR,,,2026-03-28T19:00:00.000-04:00,139479,2026-03-27T18:56:27Z
10887679,226661,Philip Broberg,STL,D,Goals,0.5,demon,False,TOR,,,2026-03-28T19:00:00.000-04:00,139479,2026-03-27T18:56:27Z
10887680,268039,Pius Suter,STL,F,Goals,0.5,demon,False,TOR,,,2026-03-28T19:00:00.000-04:00,139479,2026-03-27T18:56:27Z
10887681,58169,William Nylander,TOR,F,Goals,0.5,demon,False,STL,,,2026-03-28T19:00:00.000-04:00,139479,2026-03-27T18:56:27Z
10887832,218285,Nathan MacKinnon,COL,F,Goals,1.5,demon,False,WPG,,,2026-03-28T19:00:00.000-04:00,139480,2026-03-27T18:56:27Z
10887805,60013,Adam Lowry,WPG,F,Goals,0.5,demon,False,COL,,,2026-03-28T19:00:00.000-04:00,139480,2026-03-27T18:56:27Z
10887806,171392,Alex Iafallo,WPG,F,Goals,0.5,demon,False,COL,,,2026-03-28T19:00:00.000-04:00,139480,2026-03-27T18:56:27Z
10887807,218244,Artturi Lehkonen,COL,F,Goals,0.5,demon,False,WPG,,,2026-03-28T19:00:00.000-04:00,139480,2026-03-27T18:56:27Z
10887809,272064,Brad Lambert,WPG,F,Goals,0.5,demon,False,COL,,,2026-03-28T19:00:00.000-04:00,139480,2026-03-27T18:56:27Z
10887811,231244,Brock Nelson,COL,F,Goals,0.5,demon,False,WPG,,,2026-03-28T19:00:00.000-04:00,139480,2026-03-27T18:56:27Z
10887813,218286,Cale Makar,COL,D,Goals,0.5,demon,False,WPG,,,2026-03-28T19:00:00.000-04:00,139480,2026-03-27T18:56:27Z
10887814,89328,Cole Perfetti,WPG,F,Goals,0.5,demon,False,COL,,,2026-03-28T19:00:00.000-04:00,139480,2026-03-27T18:56:27Z
10887816,58240,Gabriel Landeskog,COL,F,Goals,0.5,demon,False,WPG,,,2026-03-28T19:00:00.000-04:00,139480,2026-03-27T18:56:27Z
10887817,218264,Gabriel Vilardi,WPG,F,Goals,0.5,demon,False,COL,,,2026-03-28T19:00:00.000-04:00,139480,2026-03-27T18:56:27Z
10887818,268014,Gustav Nyquist,WPG,F,Goals,0.5,demon,False,COL,,,2026-03-28T19:00:00.000-04:00,139480,2026-03-27T18:56:27Z
10887819,305304,Isak Rosen,WPG,F,Goals,0.5,demon,False,COL,,,2026-03-28T19:00:00.000-04:00,139480,2026-03-27T18:56:27Z
10887820,267632,Jack Drury,COL,F,Goals,0.5,demon,False,WPG,,,2026-03-28T19:00:00.000-04:00,139480,2026-03-27T18:56:27Z
10887821,268342,Jonathan Toews,WPG,F,Goals,0.5,demon,False,COL,,,2026-03-28T19:00:00.000-04:00,139480,2026-03-27T18:56:27Z
10887822,218262,Josh Morrissey,WPG,D,Goals,0.5,demon,False,COL,,,2026-03-28T19:00:00.000-04:00,139480,2026-03-27T18:56:27Z
10887823,218261,Kyle Connor,WPG,F,Goals,0.5,demon,False,COL,,,2026-03-28T19:00:00.000-04:00,139480,2026-03-27T18:56:27Z
10887826,61869,Logan O'Connor,COL,F,Goals,0.5,demon,False,WPG,,,2026-03-28T19:00:00.000-04:00,139480,2026-03-27T18:56:27Z
10887827,218324,Mark Scheifele,WPG,F,Goals,0.5,demon,False,COL,,,2026-03-28T19:00:00.000-04:00,139480,2026-03-27T18:56:27Z
10887831,226249,Martin Necas,COL,F,Goals,0.5,demon,False,WPG,,,2026-03-28T19:00:00.000-04:00,139480,2026-03-27T18:56:27Z
10887836,58241,Nazem Kadri,COL,F,Goals,0.5,demon,False,WPG,,,2026-03-28T19:00:00.000-04:00,139480,2026-03-27T18:56:27Z
10887837,174394,Ross Colton,COL,F,Goals,0.5,demon,False,WPG,,,2026-03-28T19:00:00.000-04:00,139480,2026-03-27T18:56:27Z
10887838,62145,Valeri Nichushkin,COL,F,Goals,0.5,demon,False,WPG,,,2026-03-28T19:00:00.000-04:00,139480,2026-03-27T18:56:27Z
10887739,218266,Cole Caufield,MTL,F,Goals,1.5,demon,False,NSH,,,2026-03-28T19:00:00.000-04:00,139481,2026-03-27T18:56:27Z
10887734,171835,Alex Newhook,MTL,F,Goals,0.5,demon,False,NSH,,,2026-03-28T19:00:00.000-04:00,139481,2026-03-27T18:56:27Z
10887735,57977,Brendan Gallagher,MTL,F,Goals,0.5,demon,False,NSH,,,2026-03-28T19:00:00.000-04:00,139481,2026-03-27T18:56:27Z
10887738,218266,Cole Caufield,MTL,F,Goals,0.5,demon,False,NSH,,,2026-03-28T19:00:00.000-04:00,139481,2026-03-27T18:56:27Z
10887740,268028,Erik Haula,NSH,F,Goals,0.5,demon,False,MTL,,,2026-03-28T19:00:00.000-04:00,139481,2026-03-27T18:56:27Z
10887742,218072,Filip Forsberg,NSH,F,Goals,0.5,demon,False,MTL,,,2026-03-28T19:00:00.000-04:00,139481,2026-03-27T18:56:27Z
10887744,235084,Ivan Demidov,MTL,F,Goals,0.5,demon,False,NSH,,,2026-03-28T19:00:00.000-04:00,139481,2026-03-27T18:56:27Z
10887745,88751,Jake Evans,MTL,F,Goals,0.5,demon,False,NSH,,,2026-03-28T19:00:00.000-04:00,139481,2026-03-27T18:56:27Z
10887746,215672,Jonathan Marchessault,NSH,F,Goals,0.5,demon,False,MTL,,,2026-03-28T19:00:00.000-04:00,139481,2026-03-27T18:56:27Z
10887747,59156,Josh Anderson,MTL,F,Goals,0.5,demon,False,NSH,,,2026-03-28T19:00:00.000-04:00,139481,2026-03-27T18:56:27Z
10887748,218237,Juraj Slafkovský,MTL,F,Goals,0.5,demon,False,NSH,,,2026-03-28T19:00:00.000-04:00,139481,2026-03-27T18:56:27Z
10887751,218267,Lane Hutson,MTL,D,Goals,0.5,demon,False,NSH,,,2026-03-28T19:00:00.000-04:00,139481,2026-03-27T18:56:27Z
10887752,126450,Luke Evangelista,NSH,F,Goals,0.5,demon,False,MTL,,,2026-03-28T19:00:00.000-04:00,139481,2026-03-27T18:56:27Z
10887753,268355,Matthew Wood,NSH,F,Goals,0.5,demon,False,MTL,,,2026-03-28T19:00:00.000-04:00,139481,2026-03-27T18:56:27Z
10887756,218322,Nick Suzuki,MTL,F,Goals,0.5,demon,False,NSH,,,2026-03-28T19:00:00.000-04:00,139481,2026-03-27T18:56:27Z
10887758,267670,Noah Dobson,MTL,D,Goals,0.5,demon,False,NSH,,,2026-03-28T19:00:00.000-04:00,139481,2026-03-27T18:56:27Z
10887759,267671,Oliver Kapanen,MTL,F,Goals,0.5,demon,False,NSH,,,2026-03-28T19:00:00.000-04:00,139481,2026-03-27T18:56:27Z
10887760,268032,Ozzy Wiesblatt,NSH,F,Goals,0.5,demon,False,MTL,,,2026-03-28T19:00:00.000-04:00,139481,2026-03-27T18:56:27Z
10887761,58326,Roman Josi,NSH,D,Goals,0.5,demon,False,MTL,,,2026-03-28T19:00:00.000-04:00,139481,2026-03-27T18:56:27Z
10887763,218086,Ryan O'Reilly,NSH,F,Goals,0.5,demon,False,MTL,,,2026-03-28T19:00:00.000-04:00,139481,2026-03-27T18:56:27Z
10887765,216156,Steven Stamkos,NSH,F,Goals,0.5,demon,False,MTL,,,2026-03-28T19:00:00.000-04:00,139481,2026-03-27T18:56:27Z
10887767,268699,Tyson Jost,NSH,F,Goals,0.5,demon,False,MTL,,,2026-03-28T19:00:00.000-04:00,139481,2026-03-27T18:56:27Z
10887768,277040,Zachary L'Heureux,NSH,F,Goals,0.5,demon,False,MTL,,,2026-03-28T19:00:00.000-04:00,139481,2026-03-27T18:56:27Z
10888151,171511,Alex DeBrincat,DET,F,Shots On Goal,5.5,demon,False,PHI,,,2026-03-28T20:00:00.000-04:00,139482,2026-03-27T18:56:27Z
10888170,218570,Dylan Larkin,DET,F,Shots On Goal,5.5,demon,False,PHI,,,2026-03-28T20:00:00.000-04:00,139482,2026-03-27T18:56:27Z
10888192,218221,Owen Tippett,PHI,F,Shots On Goal,5.5,demon,False,DET,,,2026-03-28T20:00:00.000-04:00,139482,2026-03-27T18:56:27Z
10888150,171511,Alex DeBrincat,DET,F,Shots On Goal,4.5,demon,False,PHI,,,2026-03-28T20:00:00.000-04:00,139482,2026-03-27T18:56:27Z
10888168,218570,Dylan Larkin,DET,F,Shots On Goal,4.5,demon,False,PHI,,,2026-03-28T20:00:00.000-04:00,139482,2026-03-27T18:56:27Z
10888191,218221,Owen Tippett,PHI,F,Shots On Goal,4.5,demon,False,DET,,,2026-03-28T20:00:00.000-04:00,139482,2026-03-27T18:56:27Z
10888202,180376,Patrick Kane,DET,F,Shots On Goal,4.5,demon,False,PHI,,,2026-03-28T20:00:00.000-04:00,139482,2026-03-27T18:56:27Z
10888224,268081,Trevor Zegras,PHI,F,Shots On Goal,4.5,demon,False,DET,,,2026-03-28T20:00:00.000-04:00,139482,2026-03-27T18:56:27Z
10888169,218570,Dylan Larkin,DET,F,Shots On Goal,3.5,demon,False,PHI,,,2026-03-28T20:00:00.000-04:00,139482,2026-03-27T18:56:27Z
10888201,180376,Patrick Kane,DET,F,Shots On Goal,3.5,demon,False,PHI,,,2026-03-28T20:00:00.000-04:00,139482,2026-03-27T18:56:27Z
10888212,218222,Travis Konecny,PHI,F,Shots On Goal,3.5,demon,False,DET,,,2026-03-28T20:00:00.000-04:00,139482,2026-03-27T18:56:27Z
10888222,268081,Trevor Zegras,PHI,F,Shots On Goal,3.5,demon,False,DET,,,2026-03-28T20:00:00.000-04:00,139482,2026-03-27T18:56:27Z
10888152,171511,Alex DeBrincat,DET,F,Shots On Goal,2.5,goblin,False,PHI,,,2026-03-28T20:00:00.000-04:00,139482,2026-03-27T18:56:27Z
10888171,218570,Dylan Larkin,DET,F,Shots On Goal,2.5,goblin,False,PHI,,,2026-03-28T20:00:00.000-04:00,139482,2026-03-27T18:56:27Z
10888193,218221,Owen Tippett,PHI,F,Shots On Goal,2.5,goblin,False,DET,,,2026-03-28T20:00:00.000-04:00,139482,2026-03-27T18:56:27Z
10888204,180376,Patrick Kane,DET,F,Shots On Goal,2.5,goblin,False,PHI,,,2026-03-28T20:00:00.000-04:00,139482,2026-03-27T18:56:27Z
10888213,218222,Travis Konecny,PHI,F,Shots On Goal,2.5,demon,False,DET,,,2026-03-28T20:00:00.000-04:00,139482,2026-03-27T18:56:27Z
10888223,268081,Trevor Zegras,PHI,F,Shots On Goal,2.5,demon,False,DET,,,2026-03-28T20:00:00.000-04:00,139482,2026-03-27T18:56:27Z
10888203,180376,Patrick Kane,DET,F,Shots On Goal,1.5,goblin,False,PHI,,,2026-03-28T20:00:00.000-04:00,139482,2026-03-27T18:56:27Z
10888214,218222,Travis Konecny,PHI,F,Shots On Goal,1.5,goblin,False,DET,,,2026-03-28T20:00:00.000-04:00,139482,2026-03-27T18:56:27Z
10888225,268081,Trevor Zegras,PHI,F,Shots On Goal,1.5,goblin,False,DET,,,2026-03-28T20:00:00.000-04:00,139482,2026-03-27T18:56:27Z
10888139,305708,Alex Bump,PHI,F,Goals,0.5,demon,False,DET,,,2026-03-28T20:00:00.000-04:00,139482,2026-03-27T18:56:27Z
10888140,171511,Alex DeBrincat,DET,F,Goals,0.5,demon,False,PHI,,,2026-03-28T20:00:00.000-04:00,139482,2026-03-27T18:56:27Z
10888153,87159,Andrew Copp,DET,F,Goals,0.5,demon,False,PHI,,,2026-03-28T20:00:00.000-04:00,139482,2026-03-27T18:56:27Z
10888154,268079,Christian Dvorak,PHI,F,Goals,0.5,demon,False,DET,,,2026-03-28T20:00:00.000-04:00,139482,2026-03-27T18:56:27Z
10888155,87157,David Perron,DET,F,Goals,0.5,demon,False,PHI,,,2026-03-28T20:00:00.000-04:00,139482,2026-03-27T18:56:27Z
10888156,287617,Denver Barkey,PHI,F,Goals,0.5,demon,False,DET,,,2026-03-28T20:00:00.000-04:00,139482,2026-03-27T18:56:27Z
10888157,303956,Dominik Shine,DET,F,Goals,0.5,demon,False,PHI,,,2026-03-28T20:00:00.000-04:00,139482,2026-03-27T18:56:27Z
10888160,218570,Dylan Larkin,DET,F,Goals,0.5,demon,False,PHI,,,2026-03-28T20:00:00.000-04:00,139482,2026-03-27T18:56:27Z
10888172,268332,Emmitt Finnie,DET,F,Goals,0.5,demon,False,PHI,,,2026-03-28T20:00:00.000-04:00,139482,2026-03-27T18:56:27Z
10888173,171513,J.T. Compher,DET,F,Goals,0.5,demon,False,PHI,,,2026-03-28T20:00:00.000-04:00,139482,2026-03-27T18:56:27Z
10888174,268367,James Riemsdyk,DET,F,Goals,0.5,demon,False,PHI,,,2026-03-28T20:00:00.000-04:00,139482,2026-03-27T18:56:27Z
10888175,305421,Justin Faulk,DET,D,Goals,0.5,demon,False,PHI,,,2026-03-28T20:00:00.000-04:00,139482,2026-03-27T18:56:27Z
10888177,218575,Lucas Raymond,DET,F,Goals,0.5,demon,False,PHI,,,2026-03-28T20:00:00.000-04:00,139482,2026-03-27T18:56:27Z
10888178,222244,Marco Kasper,DET,F,Goals,0.5,demon,False,PHI,,,2026-03-28T20:00:00.000-04:00,139482,2026-03-27T18:56:27Z
10888179,218271,Matvei Michkov,PHI,F,Goals,0.5,demon,False,DET,,,2026-03-28T20:00:00.000-04:00,139482,2026-03-27T18:56:27Z
10888180,218571,Moritz Seider,DET,D,Goals,0.5,demon,False,PHI,,,2026-03-28T20:00:00.000-04:00,139482,2026-03-27T18:56:27Z
10888181,63587,Noah Cates,PHI,F,Goals,0.5,demon,False,DET,,,2026-03-28T20:00:00.000-04:00,139482,2026-03-27T18:56:27Z
10888182,218221,Owen Tippett,PHI,F,Goals,0.5,demon,False,DET,,,2026-03-28T20:00:00.000-04:00,139482,2026-03-27T18:56:27Z
10888194,180376,Patrick Kane,DET,F,Goals,0.5,demon,False,PHI,,,2026-03-28T20:00:00.000-04:00,139482,2026-03-27T18:56:27Z
10888205,218296,Sean Couturier,PHI,F,Goals,0.5,demon,False,DET,,,2026-03-28T20:00:00.000-04:00,139482,2026-03-27T18:56:27Z
10888207,218222,Travis Konecny,PHI,F,Goals,0.5,demon,False,DET,,,2026-03-28T20:00:00.000-04:00,139482,2026-03-27T18:56:27Z
10888216,268081,Trevor Zegras,PHI,F,Goals,0.5,demon,False,DET,,,2026-03-28T20:00:00.000-04:00,139482,2026-03-27T18:56:27Z
10889130,302130,Artemi Panarin,LA,F,Shots On Goal,5.5,demon,False,UTA,,,2026-03-28T21:00:00.000-04:00,139674,2026-03-27T18:56:27Z
10889140,218280,Clayton Keller,UTA,F,Shots On Goal,5.5,demon,False,LA,,,2026-03-28T21:00:00.000-04:00,139674,2026-03-27T18:56:27Z
10889119,57769,Adrian Kempe,LA,F,Shots On Goal,4.5,demon,False,UTA,,,2026-03-28T21:00:00.000-04:00,139674,2026-03-27T18:56:27Z
10889128,302130,Artemi Panarin,LA,F,Shots On Goal,4.5,demon,False,UTA,,,2026-03-28T21:00:00.000-04:00,139674,2026-03-27T18:56:27Z
10889138,218280,Clayton Keller,UTA,F,Shots On Goal,4.5,demon,False,LA,,,2026-03-28T21:00:00.000-04:00,139674,2026-03-27T18:56:27Z
10889149,218263,Dylan Guenther,UTA,F,Shots On Goal,4.5,demon,False,LA,,,2026-03-28T21:00:00.000-04:00,139674,2026-03-27T18:56:27Z
10889158,215671,Nick Schmaltz,UTA,F,Shots On Goal,4.5,demon,False,LA,,,2026-03-28T21:00:00.000-04:00,139674,2026-03-27T18:56:27Z
10889118,57769,Adrian Kempe,LA,F,Shots On Goal,3.5,demon,False,UTA,,,2026-03-28T21:00:00.000-04:00,139674,2026-03-27T18:56:27Z
10889129,302130,Artemi Panarin,LA,F,Shots On Goal,3.5,demon,False,UTA,,,2026-03-28T21:00:00.000-04:00,139674,2026-03-27T18:56:27Z
10889139,218280,Clayton Keller,UTA,F,Shots On Goal,3.5,demon,False,LA,,,2026-03-28T21:00:00.000-04:00,139674,2026-03-27T18:56:27Z
10889148,218263,Dylan Guenther,UTA,F,Shots On Goal,3.5,demon,False,LA,,,2026-03-28T21:00:00.000-04:00,139674,2026-03-27T18:56:27Z
10889156,215671,Nick Schmaltz,UTA,F,Shots On Goal,3.5,demon,False,LA,,,2026-03-28T21:00:00.000-04:00,139674,2026-03-27T18:56:27Z
10889131,302130,Artemi Panarin,LA,F,Shots On Goal,2.5,goblin,False,UTA,,,2026-03-28T21:00:00.000-04:00,139674,2026-03-27T18:56:27Z
10889141,218280,Clayton Keller,UTA,F,Shots On Goal,2.5,goblin,False,LA,,,2026-03-28T21:00:00.000-04:00,139674,2026-03-27T18:56:27Z
10889151,218263,Dylan Guenther,UTA,F,Shots On Goal,2.5,goblin,False,LA,,,2026-03-28T21:00:00.000-04:00,139674,2026-03-27T18:56:27Z
10889157,215671,Nick Schmaltz,UTA,F,Shots On Goal,2.5,demon,False,LA,,,2026-03-28T21:00:00.000-04:00,139674,2026-03-27T18:56:27Z
10889120,57769,Adrian Kempe,LA,F,Shots On Goal,1.5,goblin,False,UTA,,,2026-03-28T21:00:00.000-04:00,139674,2026-03-27T18:56:27Z
10889150,218263,Dylan Guenther,UTA,F,Shots On Goal,1.5,goblin,False,LA,,,2026-03-28T21:00:00.000-04:00,139674,2026-03-27T18:56:27Z
10889159,215671,Nick Schmaltz,UTA,F,Shots On Goal,1.5,goblin,False,LA,,,2026-03-28T21:00:00.000-04:00,139674,2026-03-27T18:56:27Z
10889021,57769,Adrian Kempe,LA,F,Goals,0.5,demon,False,UTA,,,2026-03-28T21:00:00.000-04:00,139674,2026-03-27T18:56:27Z
10889022,173242,Alex Laferriere,LA,F,Goals,0.5,demon,False,UTA,,,2026-03-28T21:00:00.000-04:00,139674,2026-03-27T18:56:27Z
10889023,218070,Anze Kopitar,LA,F,Goals,0.5,demon,False,UTA,,,2026-03-28T21:00:00.000-04:00,139674,2026-03-27T18:56:27Z
10889024,302130,Artemi Panarin,LA,F,Goals,0.5,demon,False,UTA,,,2026-03-28T21:00:00.000-04:00,139674,2026-03-27T18:56:27Z
10889027,221574,Brandt Clarke,LA,D,Goals,0.5,demon,False,UTA,,,2026-03-28T21:00:00.000-04:00,139674,2026-03-27T18:56:27Z
10889029,218280,Clayton Keller,UTA,F,Goals,0.5,demon,False,LA,,,2026-03-28T21:00:00.000-04:00,139674,2026-03-27T18:56:27Z
10889030,298034,Daniil But,UTA,F,Goals,0.5,demon,False,LA,,,2026-03-28T21:00:00.000-04:00,139674,2026-03-27T18:56:27Z
10889031,57763,Drew Doughty,LA,D,Goals,0.5,demon,False,UTA,,,2026-03-28T21:00:00.000-04:00,139674,2026-03-27T18:56:27Z
10889034,218263,Dylan Guenther,UTA,F,Goals,0.5,demon,False,LA,,,2026-03-28T21:00:00.000-04:00,139674,2026-03-27T18:56:27Z
10889035,268288,JJ Peterka,UTA,F,Goals,0.5,demon,False,LA,,,2026-03-28T21:00:00.000-04:00,139674,2026-03-27T18:56:27Z
10889036,218308,Jack McBain,UTA,F,Goals,0.5,demon,False,LA,,,2026-03-28T21:00:00.000-04:00,139674,2026-03-27T18:56:27Z
10889037,267634,Joel Armia,LA,F,Goals,0.5,demon,False,UTA,,,2026-03-28T21:00:00.000-04:00,139674,2026-03-27T18:56:27Z
10889038,216053,Lawson Crouse,UTA,F,Goals,0.5,demon,False,LA,,,2026-03-28T21:00:00.000-04:00,139674,2026-03-27T18:56:27Z
10889039,220958,Logan Cooley,UTA,F,Goals,0.5,demon,False,LA,,,2026-03-28T21:00:00.000-04:00,139674,2026-03-27T18:56:27Z
10889040,268548,Michael Carcone,UTA,F,Goals,0.5,demon,False,LA,,,2026-03-28T21:00:00.000-04:00,139674,2026-03-27T18:56:27Z
10889041,218265,Mikhail Sergachev,UTA,D,Goals,0.5,demon,False,LA,,,2026-03-28T21:00:00.000-04:00,139674,2026-03-27T18:56:27Z
10889043,215671,Nick Schmaltz,UTA,F,Goals,0.5,demon,False,LA,,,2026-03-28T21:00:00.000-04:00,139674,2026-03-27T18:56:27Z
10889045,86998,Quinton Byfield,LA,F,Goals,0.5,demon,False,UTA,,,2026-03-28T21:00:00.000-04:00,139674,2026-03-27T18:56:27Z
10889046,305206,Scott Laughton,LA,F,Goals,0.5,demon,False,UTA,,,2026-03-28T21:00:00.000-04:00,139674,2026-03-27T18:56:27Z
10889047,59042,Trevor Moore,LA,F,Goals,0.5,demon,False,UTA,,,2026-03-28T21:00:00.000-04:00,139674,2026-03-27T18:56:27Z
