PLAYER_NAME,PLAYER_NORM,TEAM,season_avg,games,avg_min,category,team_slate,team_def_key,rank_on_team,PLAYER_NAME_split,n_games,n_elite,n_weak,avg_delta_all,avg_delta_vs_elite,avg_delta_vs_weak,avg_delta_vs_mid,def_rank_corr,weak_over_rate,elite_over_rate,def_boost,overperform_vs_weak,fades_vs_elite,player,team,opp_team,prop_norm,line,bet_direction,final_bet_direction,rank_score,edge,tier,slate_opp_def_rank,slate_opp_def_tier,line_hit_rate_over_ou_5,stat_last5_avg,player_norm,on_slate,slate_edge_signal
Jordin Canada,jordin canada,ATL,5.857142857142857,7,24.571428571428573,ast,ATL,ATL,1,Jordin Canada,4.0,2.0,1.0,3.408333333333333,1.5666666666666667,9.5,1.0,,1.0,1.0,7.933333333333334,False,False,,,,,,,,,,,,,,,,False,False
Maite Cazorla,maite cazorla,ATL,4.0,1,22.0,ast,ATL,ATL,2,,,,,,,,,,,,,False,False,,,,,,,,,,,,,,,,False,False
Rhyne Howard,rhyne howard,ATL,3.6666666666666665,6,28.166666666666668,ast,ATL,ATL,3,Rhyne Howard,3.0,2.0,1.0,0.25555555555555526,2.583333333333333,-4.4,,,0.0,1.0,-6.983333333333333,False,False,,,,,,,,,,,,,,,,False,False
Isobel Borlase,isobel borlase,ATL,1.0,3,18.0,blk,ATL,ATL,1,,,,,,,,,,,,,False,False,,,,,,,,,,,,,,,,False,False
Angel Reese,angel reese,ATL,0.8571428571428571,7,26.142857142857142,blk,ATL,ATL,2,Angel Reese,4.0,2.0,1.0,-0.20833333333333334,-0.5,0.16666666666666663,0.0,,1.0,0.0,0.6666666666666666,False,True,,,,,,,,,,,,,,,,False,False
Allisha Gray,allisha gray,ATL,0.5714285714285714,7,27.714285714285715,blk,ATL,ATL,3,Allisha Gray,4.0,2.0,1.0,0.22500000000000006,0.5333333333333334,-0.6666666666666666,0.5,,0.0,1.0,-1.2000000000000002,False,False,,,,,,,,,,,,,,,,False,False
Rhyne Howard,rhyne howard,ATL,2.5,6,28.166666666666668,fg3m,ATL,ATL,1,Rhyne Howard,3.0,2.0,1.0,1.1500000000000001,-0.375,4.2,,,1.0,0.5,4.575,False,True,,,,,,,,,,,,,,,,False,False
Te-Hina Paopao,te hina paopao,ATL,1.8571428571428572,7,18.571428571428573,fg3m,ATL,ATL,2,Te-Hina Paopao,4.0,2.0,1.0,0.3208333333333333,-0.2333333333333334,-1.0,2.75,,0.0,0.5,-0.7666666666666666,False,False,,,,,,,,,,,,,,,,False,False
Allisha Gray,allisha gray,ATL,1.2857142857142858,7,27.714285714285715,fg3m,ATL,ATL,3,Allisha Gray,4.0,2.0,1.0,0.5666666666666667,0.9666666666666668,0.8333333333333333,-0.5,,1.0,0.5,-0.13333333333333353,False,False,,,,,,,,,,,,,,,,False,False
Angel Reese,angel reese,ATL,23.571428571428573,7,26.142857142857142,pra,ATL,ATL,1,Angel Reese,4.0,2.0,1.0,5.433333333333334,7.533333333333333,8.666666666666668,-2.0,,1.0,1.0,1.1333333333333346,False,False,,,,,,,,,,,,,,,,False,False
Rhyne Howard,rhyne howard,ATL,21.5,6,28.166666666666668,pra,ATL,ATL,2,Rhyne Howard,3.0,2.0,1.0,12.416666666666666,14.125,9.0,,,1.0,1.0,-5.125,False,False,,,,,,,,,,,,,,,,False,False
Allisha Gray,allisha gray,ATL,21.285714285714285,7,27.714285714285715,pra,ATL,ATL,3,Allisha Gray,4.0,2.0,1.0,7.091666666666667,7.266666666666667,-2.666666666666668,16.5,,0.0,0.5,-9.933333333333334,False,False,,,,,,,,,,,,,,,,False,False
Allisha Gray,allisha gray,ATL,16.714285714285715,7,27.714285714285715,pts,ATL,ATL,1,Allisha Gray,4.0,2.0,1.0,6.683333333333334,7.366666666666666,1.5,10.5,,1.0,0.5,-5.866666666666666,False,False,,,,,,,,,,,,,,,,False,False
Rhyne Howard,rhyne howard,ATL,14.333333333333334,6,28.166666666666668,pts,ATL,ATL,2,Rhyne Howard,3.0,2.0,1.0,9.444444444444445,10.166666666666668,8.0,,,1.0,1.0,-2.166666666666668,False,False,,,,,,,,,,,,,,,,False,False
Holly Winterburn,holly winterburn,ATL,12.0,1,22.0,pts,ATL,ATL,3,,,,,,,,,,,,,False,False,,,,,,,,,,,,,,,,False,False
Angel Reese,angel reese,ATL,9.714285714285714,7,26.142857142857142,reb,ATL,ATL,1,Angel Reese,4.0,2.0,1.0,1.2374999999999998,3.4333333333333327,0.3333333333333339,-2.25,,1.0,0.5,-3.0999999999999988,False,False,,,,,,,,,,,,,,,,False,False
Stephanie Jones,stephanie jones,ATL,6.0,1,20.0,reb,ATL,ATL,2,,,,,,,,,,,,,False,False,,,,,,,,,,,,,,,,False,False
Maite Cazorla,maite cazorla,ATL,4.0,1,22.0,reb,ATL,ATL,3,,,,,,,,,,,,,False,False,,,,,,,,,,,,,,,,False,False
Holly Winterburn,holly winterburn,ATL,2.0,1,22.0,stl,ATL,ATL,1,,,,,,,,,,,,,False,False,,,,,,,,,,,,,,,,False,False
Jordin Canada,jordin canada,ATL,2.0,7,24.571428571428573,stl,ATL,ATL,2,Jordin Canada,4.0,2.0,1.0,2.3541666666666665,1.0,1.1666666666666667,6.25,,1.0,0.5,0.16666666666666674,False,False,,,,,,,,,,,,,,,,False,False
Maite Cazorla,maite cazorla,ATL,2.0,1,22.0,stl,ATL,ATL,3,,,,,,,,,,,,,False,False,,,,,,,,,,,,,,,,False,False
Angel Reese,angel reese,ATL,2.5714285714285716,7,26.142857142857142,stocks,ATL,ATL,1,Angel Reese,4.0,2.0,1.0,-0.775,-1.9666666666666668,2.8333333333333335,-2.0,,1.0,0.0,4.800000000000001,False,True,,,,,,,,,,,,,,,,False,False
Rhyne Howard,rhyne howard,ATL,2.3333333333333335,6,28.166666666666668,stocks,ATL,ATL,2,Rhyne Howard,3.0,2.0,1.0,0.5499999999999999,1.625,-1.6,,,0.0,0.5,-3.225,False,False,,,,,,,,,,,,,,,,False,False
Jordin Canada,jordin canada,ATL,2.142857142857143,7,24.571428571428573,stocks,ATL,ATL,3,Jordin Canada,4.0,2.0,1.0,2.604166666666667,1.0,2.166666666666667,6.25,,1.0,0.5,1.166666666666667,False,False,,,,,,,,,,,,,,,,False,False
Skylar Diggins,skylar diggins,CHI,5.166666666666667,6,26.5,ast,CHI,CHI,1,Skylar Diggins,3.0,1.0,1.0,-1.0833333333333333,-1.25,-3.0,1.0,,0.0,0.0,-1.75,False,False,,,,,,,,,,,,,,,,False,False
Hailey Van Lith,hailey van lith,CHI,4.5,2,20.5,ast,CHI,CHI,2,,,,,,,,,,,,,False,False,,,,,,,,,,,,,,,,False,False
Natasha Cloud,natasha cloud,CHI,4.0,5,28.0,ast,CHI,CHI,3,Natasha Cloud,2.0,1.0,0.0,-1.7083333333333335,0.33333333333333304,,-3.75,,,1.0,,False,False,,,,,,,,,,,,,,,,False,False
Kamilla Cardoso,kamilla cardoso,CHI,1.25,8,23.75,blk,CHI,CHI,1,Kamilla Cardoso,5.0,1.0,1.0,0.12428571428571425,-0.5,-0.25,0.4571428571428571,-0.0746128885503206,0.0,0.0,0.25,False,False,,,,,,,,,,,,,,,,False,False
Rickea Jackson,rickea jackson,CHI,1.1666666666666667,6,26.833333333333332,blk,CHI,CHI,2,Rickea Jackson,3.0,0.0,1.0,1.238888888888889,,2.25,0.7333333333333334,,1.0,,,False,False,,,,,,,,,,,,,,,,False,False
Azura Stevens,azura stevens,CHI,1.0,1,16.0,blk,CHI,CHI,3,,,,,,,,,,,,,False,False,,,,,,,,,,,,,,,,False,False
Rachel Banham,rachel banham,CHI,1.75,8,16.5,fg3m,CHI,CHI,1,Rachel Banham,5.0,1.0,1.0,-0.412857142857143,0.33333333333333326,-0.75,-0.5492063492063493,0.23533488829752386,0.0,1.0,-1.0833333333333333,False,False,,,,,,,,,,,,,,,,False,False
Rickea Jackson,rickea jackson,CHI,1.0,6,26.833333333333332,fg3m,CHI,CHI,2,Rickea Jackson,3.0,0.0,1.0,0.9888888888888889,,3.5,-0.2666666666666666,,1.0,,,False,False,,,,,,,,,,,,,,,,False,False
Skylar Diggins,skylar diggins,CHI,0.8333333333333334,6,26.5,fg3m,CHI,CHI,3,Skylar Diggins,3.0,1.0,1.0,-0.25,1.25,-1.0,-1.0,,0.0,1.0,-2.25,False,False,,,,,,,,,,,,,,,,False,False
Kamilla Cardoso,kamilla cardoso,CHI,22.75,8,23.75,pra,CHI,CHI,1,Kamilla Cardoso,5.0,1.0,1.0,4.829047619047619,20.333333333333332,-2.75,2.1873015873015866,-0.49632300535211527,0.0,1.0,-23.083333333333332,False,False,,,,,,,,,,,,,,,,False,False
Rickea Jackson,rickea jackson,CHI,22.0,6,26.833333333333332,pra,CHI,CHI,2,Rickea Jackson,3.0,0.0,1.0,0.6111111111111107,,12.5,-5.333333333333334,,1.0,,,False,False,,,,,,,,,,,,,,,,False,False
Skylar Diggins,skylar diggins,CHI,21.333333333333332,6,26.5,pra,CHI,CHI,3,Skylar Diggins,3.0,1.0,1.0,-5.783333333333334,-0.75,-21.0,4.399999999999999,,0.0,0.0,-20.25,False,False,,,,,,,,,,,,,,,,False,False
Rickea Jackson,rickea jackson,CHI,16.0,6,26.833333333333332,pts,CHI,CHI,1,Rickea Jackson,3.0,0.0,1.0,1.8055555555555547,,13.75,-4.166666666666667,,1.0,,,False,False,,,,,,,,,,,,,,,,False,False
Kamilla Cardoso,kamilla cardoso,CHI,12.75,8,23.75,pts,CHI,CHI,2,Kamilla Cardoso,5.0,1.0,1.0,2.454761904761905,13.833333333333334,-3.75,0.7301587301587306,-0.5171798909195117,0.0,1.0,-17.583333333333336,False,False,,,,,,,,,,,,,,,,False,False
Hailey Van Lith,hailey van lith,CHI,12.5,2,20.5,pts,CHI,CHI,3,,,,,,,,,,,,,False,False,,,,,,,,,,,,,,,,False,False
Kamilla Cardoso,kamilla cardoso,CHI,8.375,8,23.75,reb,CHI,CHI,1,Kamilla Cardoso,5.0,1.0,1.0,1.2557142857142858,2.833333333333334,0.75,0.8984126984126984,-0.08670057243956665,1.0,1.0,-2.083333333333334,False,False,,,,,,,,,,,,,,,,False,False
Gabriela Jaquez,gabriela jaquez,CHI,4.875,8,25.125,reb,CHI,CHI,2,Gabriela Jaquez,5.0,1.0,1.0,0.23666666666666653,0.0,-1.75,0.9777777777777775,-0.13042310812095498,0.0,0.0,-1.75,False,False,,,,,,,,,,,,,,,,False,False
Natasha Cloud,natasha cloud,CHI,4.6,5,28.0,reb,CHI,CHI,3,Natasha Cloud,2.0,1.0,0.0,0.20833333333333348,3.666666666666667,,-3.25,,,1.0,,False,False,,,,,,,,,,,,,,,,False,False
Jacy Sheldon,jacy sheldon,CHI,1.375,8,24.625,stl,CHI,CHI,1,Jacy Sheldon,5.0,1.0,1.0,0.6595238095238096,-1.5,-1.25,2.0158730158730163,0.011723928769066444,0.0,0.0,0.25,False,False,,,,,,,,,,,,,,,,False,False
Azura Stevens,azura stevens,CHI,1.0,1,16.0,stl,CHI,CHI,2,,,,,,,,,,,,,False,False,,,,,,,,,,,,,,,,False,False
Gabriela Jaquez,gabriela jaquez,CHI,1.0,8,25.125,stl,CHI,CHI,3,Gabriela Jaquez,5.0,1.0,1.0,0.15190476190476188,0.16666666666666663,0.25,0.11428571428571425,0.5232990003886528,1.0,1.0,0.08333333333333337,False,False,,,,,,,,,,,,,,,,False,False
Azura Stevens,azura stevens,CHI,2.0,1,16.0,stocks,CHI,CHI,1,,,,,,,,,,,,,False,False,,,,,,,,,,,,,,,,False,False
Jacy Sheldon,jacy sheldon,CHI,1.875,8,24.625,stocks,CHI,CHI,2,Jacy Sheldon,5.0,1.0,1.0,0.0519047619047619,-2.1666666666666665,-2.25,1.5587301587301585,-0.099253272176904,0.0,0.0,-0.08333333333333348,False,False,,,,,,,,,,,,,,,,False,False
Skylar Diggins,skylar diggins,CHI,1.6666666666666667,6,26.5,stocks,CHI,CHI,3,Skylar Diggins,3.0,1.0,1.0,-0.5166666666666667,0.25,-1.0,-0.8,,0.0,1.0,-1.25,False,False,,,,,,,,,,,,,,,,False,False
Saniya Rivers,saniya rivers,CON,3.5555555555555554,9,23.11111111111111,ast,CON,CON,1,Saniya Rivers,6.0,0.0,3.0,-1.0198412698412698,,-1.7063492063492063,-0.3333333333333333,-0.14515194793719483,0.0,,,False,False,,,,,,,,,,,,,,,,False,False
Kennedy Burke,kennedy burke,CON,2.7777777777777777,9,25.11111111111111,ast,CON,CON,2,Kennedy Burke,6.0,0.0,3.0,-1.0783730158730158,,-1.1984126984126984,-0.9583333333333334,0.04942089966858564,0.3333333333333333,,,False,False,,,,,,,,,,,,,,,,False,False
Charlisse Leger-Walker,charlisse leger walker,CON,2.5555555555555554,9,21.11111111111111,ast,CON,CON,3,Charlisse Leger-Walker,6.0,0.0,3.0,0.9509920634920634,,1.2936507936507937,0.6083333333333334,0.3947455365302519,1.0,,,False,False,,,,,,,,,,,,,,,,False,False
Kennedy Burke,kennedy burke,CON,0.8888888888888888,9,25.11111111111111,blk,CON,CON,1,Kennedy Burke,6.0,0.0,3.0,0.05555555555555558,,0.4444444444444445,-0.3333333333333333,0.6587248519395074,0.3333333333333333,,,False,False,,,,,,,,,,,,,,,,False,False
Saniya Rivers,saniya rivers,CON,0.7777777777777778,9,23.11111111111111,blk,CON,CON,2,Saniya Rivers,6.0,0.0,3.0,-0.1412698412698413,,-0.5158730158730159,0.2333333333333333,-0.6696741847443679,0.3333333333333333,,,False,False,,,,,,,,,,,,,,,,False,False
Aaliyah Edwards,aaliyah edwards,CON,0.4,5,21.2,blk,CON,CON,3,Aaliyah Edwards,2.0,0.0,1.0,0.875,,1.0,0.75,,1.0,,,False,False,,,,,,,,,,,,,,,,False,False
Kennedy Burke,kennedy burke,CON,1.2222222222222223,9,25.11111111111111,fg3m,CON,CON,1,Kennedy Burke,6.0,0.0,3.0,-0.16726190476190475,,0.6904761904761904,-1.0250000000000001,0.7580256331759739,0.6666666666666666,,,False,False,,,,,,,,,,,,,,,,False,False
Hailey Van Lith,hailey van lith,CON,1.0,7,17.142857142857142,fg3m,CON,CON,2,Hailey Van Lith,6.0,0.0,3.0,0.10277777777777782,,-0.2777777777777778,0.4833333333333334,-0.20628334494600864,0.3333333333333333,,,False,False,,,,,,,,,,,,,,,,False,False
Aneesah Morrow,aneesah morrow,CON,0.8888888888888888,9,21.444444444444443,fg3m,CON,CON,3,Aneesah Morrow,6.0,0.0,3.0,0.025198412698412737,,0.4920634920634921,-0.44166666666666665,0.3487981161050082,0.6666666666666666,,,False,False,,,,,,,,,,,,,,,,False,False
Aneesah Morrow,aneesah morrow,CON,20.88888888888889,9,21.444444444444443,pra,CON,CON,1,Aneesah Morrow,6.0,0.0,3.0,-2.575992063492064,,-5.293650793650794,0.1416666666666669,-0.28915319443488247,0.3333333333333333,,,False,False,,,,,,,,,,,,,,,,False,False
Brittney Griner,brittney griner,CON,19.5,4,23.0,pra,CON,CON,2,Brittney Griner,1.0,0.0,1.0,3.333333333333332,,3.333333333333332,,,1.0,,,False,False,,,,,,,,,,,,,,,,False,False
Aaliyah Edwards,aaliyah edwards,CON,15.8,5,21.2,pra,CON,CON,3,Aaliyah Edwards,2.0,0.0,1.0,-0.08333333333333304,,3.333333333333334,-3.5,,1.0,,,False,False,,,,,,,,,,,,,,,,False,False
Brittney Griner,brittney griner,CON,13.0,4,23.0,pts,CON,CON,1,Brittney Griner,1.0,0.0,1.0,4.0,,4.0,,,1.0,,,False,False,Brittney Griner,CON,NYL,pts,8.5,OVER,OVER,0.6489912286793551,1.9499999999999993,D,,,0.6,11.2,brittney griner,True,False
Aneesah Morrow,aneesah morrow,CON,11.88888888888889,9,21.444444444444443,pts,CON,CON,2,Aneesah Morrow,6.0,0.0,3.0,-3.588492063492063,,-5.2936507936507935,-1.8833333333333335,-0.35433321333895734,0.3333333333333333,,,False,False,,,,,,,,,,,,,,,,False,False
Aaliyah Edwards,aaliyah edwards,CON,10.0,5,21.2,pts,CON,CON,3,Aaliyah Edwards,2.0,0.0,1.0,-1.583333333333333,,-0.6666666666666661,-2.5,,0.0,,,False,False,,,,,,,,,,,,,,,,False,False
Aneesah Morrow,aneesah morrow,CON,8.444444444444445,9,21.444444444444443,reb,CON,CON,1,Aneesah Morrow,6.0,0.0,3.0,0.47142857142857153,,-0.023809523809523725,0.9666666666666668,-0.11856525075817244,0.3333333333333333,,,False,False,,,,,,,,,,,,,,,,False,False
Brittney Griner,brittney griner,CON,5.25,4,23.0,reb,CON,CON,2,Brittney Griner,1.0,0.0,1.0,1.0,,1.0,,,1.0,,,False,False,Brittney Griner,CON,NYL,reb,4.5,OVER,OVER,,-0.8999999999999999,B,,,0.6,4.2,brittney griner,True,False
Aaliyah Edwards,aaliyah edwards,CON,4.8,5,21.2,reb,CON,CON,3,Aaliyah Edwards,2.0,0.0,1.0,1.625,,3.0,0.25,,1.0,,,False,False,,,,,,,,,,,,,,,,False,False
Aaliyah Edwards,aaliyah edwards,CON,1.0,5,21.2,stl,CON,CON,1,Aaliyah Edwards,2.0,0.0,1.0,0.6666666666666667,,1.3333333333333335,0.0,,1.0,,,False,False,,,,,,,,,,,,,,,,False,False
Aneesah Morrow,aneesah morrow,CON,1.0,9,21.444444444444443,stl,CON,CON,2,Aneesah Morrow,6.0,0.0,3.0,-0.7462301587301586,,-1.150793650793651,-0.3416666666666666,-0.4615704911535387,0.0,,,False,False,,,,,,,,,,,,,,,,False,False
Diamond Miller,diamond miller,CON,0.8,10,18.7,stl,CON,CON,3,Diamond Miller,7.0,0.0,4.0,-0.10719954648526078,,-0.04315476190476192,-0.19259259259259262,0.09206029022308039,0.25,,,False,False,,,,,,,,,,,,,,,,False,False
Kennedy Burke,kennedy burke,CON,1.6666666666666667,9,25.11111111111111,stocks,CON,CON,1,Kennedy Burke,6.0,0.0,3.0,0.9117063492063493,,0.3650793650793651,1.4583333333333333,-0.2858946197070208,0.6666666666666666,,,False,False,,,,,,,,,,,,,,,,False,False
Saniya Rivers,saniya rivers,CON,1.5555555555555556,9,23.11111111111111,stocks,CON,CON,2,Saniya Rivers,6.0,0.0,3.0,0.07579365079365079,,-0.5317460317460319,0.6833333333333332,-0.5398511671080563,0.3333333333333333,,,False,False,,,,,,,,,,,,,,,,False,False
Aaliyah Edwards,aaliyah edwards,CON,1.4,5,21.2,stocks,CON,CON,3,Aaliyah Edwards,2.0,0.0,1.0,1.5416666666666667,,2.3333333333333335,0.75,,1.0,,,False,False,,,,,,,,,,,,,,,,False,False
Jessica Shepard,jessica shepard,DAL,4.875,8,27.0,ast,DAL,DAL,1,Jessica Shepard,5.0,2.0,1.0,0.4304761904761902,2.516666666666666,-3.5,0.3095238095238093,-0.4333384736721445,0.0,0.5,-6.016666666666666,False,False,,,,,,,,,,,,,,,,False,False
Paige Bueckers,paige bueckers,DAL,4.666666666666667,9,28.11111111111111,ast,DAL,DAL,2,Paige Bueckers,6.0,3.0,1.0,-0.6718253968253968,-0.2936507936507935,-3.4000000000000004,0.125,-0.3383811992848196,0.0,0.3333333333333333,-3.106349206349207,False,False,Paige Bueckers,DAL,LVA,ast,3.5,OVER,OVER,1.374414666804158,1.25,C,,,0.6,4.6,paige bueckers,True,False
Odyssey Sims,odyssey sims,DAL,3.0,9,18.11111111111111,ast,DAL,DAL,3,Odyssey Sims,6.0,3.0,1.0,0.25297619047619047,1.2142857142857142,-1.0,-0.5625,-0.8510706612657583,0.0,1.0,-2.2142857142857144,False,False,,,,,,,,,,,,,,,,False,False
Azzi Fudd,azzi fudd,DAL,0.75,8,20.75,blk,DAL,DAL,1,Azzi Fudd,5.0,2.0,1.0,0.9623809523809526,1.3166666666666667,-0.25,1.2142857142857144,-0.45531419399265394,0.0,0.5,-1.5666666666666667,False,False,,,,,,,,,,,,,,,,False,False
Aziaha James,aziaha james,DAL,0.5714285714285714,7,16.571428571428573,blk,DAL,DAL,2,Aziaha James,4.0,3.0,0.0,-0.12916666666666665,0.07777777777777779,,-0.75,,,0.6666666666666666,,False,False,,,,,,,,,,,,,,,,False,False
Alanna Smith,alanna smith,DAL,0.4444444444444444,9,17.0,blk,DAL,DAL,3,Alanna Smith,6.0,3.0,1.0,-0.0007936507936507539,0.19841269841269846,-0.6,0.0,-0.4665006179169577,0.0,0.6666666666666666,-0.7984126984126985,False,False,,,,,,,,,,,,,,,,False,False
Arike Ogunbowale,arike ogunbowale,DAL,2.0,7,29.285714285714285,fg3m,DAL,DAL,1,Arike Ogunbowale,4.0,2.0,1.0,1.0291666666666668,0.475,-0.33333333333333326,3.5,,0.0,0.5,-0.8083333333333332,False,False,,,,,,,,,,,,,,,,False,False
Paige Bueckers,paige bueckers,DAL,1.7777777777777777,9,28.11111111111111,fg3m,DAL,DAL,2,Paige Bueckers,6.0,3.0,1.0,-0.30119047619047623,-0.6190476190476191,-1.2000000000000002,0.625,0.0830129059524912,0.0,0.0,-0.5809523809523811,False,True,,,,,,,,,,,,,,,,False,False
Azzi Fudd,azzi fudd,DAL,1.375,8,20.75,fg3m,DAL,DAL,3,Azzi Fudd,5.0,2.0,1.0,1.2104761904761905,0.9666666666666668,-0.5,2.3095238095238093,-0.03307622102431793,0.0,1.0,-1.4666666666666668,False,False,,,,,,,,,,,,,,,,False,False
Paige Bueckers,paige bueckers,DAL,24.444444444444443,9,28.11111111111111,pra,DAL,DAL,1,Paige Bueckers,6.0,3.0,1.0,-0.6690476190476193,-2.5714285714285716,-18.8,11.25,-0.12447621900145797,0.0,0.3333333333333333,-16.228571428571428,False,True,,,,,,,,,,,,,,,,False,False
Jessica Shepard,jessica shepard,DAL,23.125,8,27.0,pra,DAL,DAL,2,Jessica Shepard,5.0,2.0,1.0,2.119047619047619,10.75,-10.0,-0.45238095238095255,-0.6799374500333978,0.0,1.0,-20.75,False,False,,,,,,,,,,,,,,,,False,False
Arike Ogunbowale,arike ogunbowale,DAL,19.0,7,29.285714285714285,pra,DAL,DAL,3,Arike Ogunbowale,4.0,2.0,1.0,-2.0583333333333327,-2.6999999999999993,-13.333333333333332,10.5,,0.0,0.5,-10.633333333333333,False,True,,,,,,,,,,,,,,,,False,False
Paige Bueckers,paige bueckers,DAL,17.0,9,28.11111111111111,pts,DAL,DAL,1,Paige Bueckers,6.0,3.0,1.0,0.002182539682539897,-1.5873015873015863,-13.600000000000001,9.1875,-0.09278824224370652,0.0,0.3333333333333333,-12.012698412698414,False,True,Paige Bueckers,DAL,LVA,pts,9.5,OVER,OVER,4.111088920597169,8.05,A,,,0.6,17.4,paige bueckers,True,False
Arike Ogunbowale,arike ogunbowale,DAL,14.142857142857142,7,29.285714285714285,pts,DAL,DAL,2,Arike Ogunbowale,4.0,2.0,1.0,-1.9208333333333334,-2.175,-9.0,5.666666666666666,,0.0,0.5,-6.825,False,True,Arike Ogunbowale,DAL,IND,pts,14.5,OVER,OVER,,-1.6999999999999993,B,6.0,Above Avg,0.4,11.4,arike ogunbowale,True,False
Jessica Shepard,jessica shepard,DAL,10.0,8,27.0,pts,DAL,DAL,3,Jessica Shepard,5.0,2.0,1.0,0.15333333333333315,4.8,-5.5,-1.666666666666667,-0.7315726131892353,0.0,0.5,-10.3,False,False,,,,,,,,,,,,,,,,False,False
Li Yueru,li yueru,DAL,8.5,2,16.0,reb,DAL,DAL,1,,,,,,,,,,,,,False,False,,,,,,,,,,,,,,,,False,False
Jessica Shepard,jessica shepard,DAL,8.25,8,27.0,reb,DAL,DAL,2,Jessica Shepard,5.0,2.0,1.0,1.5352380952380955,3.4333333333333336,-1.0,0.9047619047619051,-0.7289225681812141,0.0,1.0,-4.433333333333334,False,False,,,,,,,,,,,,,,,,False,False
Alanna Smith,alanna smith,DAL,3.888888888888889,9,17.0,reb,DAL,DAL,3,Alanna Smith,6.0,3.0,1.0,-1.0311507936507938,0.24603174603174574,-3.8,-1.5625,-0.7005842121002367,0.0,0.6666666666666666,-4.046031746031746,False,False,,,,,,,,,,,,,,,,False,False
Aziaha James,aziaha james,DAL,2.0,7,16.571428571428573,stl,DAL,DAL,1,Aziaha James,4.0,3.0,0.0,0.041666666666666685,0.05555555555555558,,0.0,,,0.3333333333333333,,False,False,,,,,,,,,,,,,,,,False,False
Alanna Smith,alanna smith,DAL,1.0,9,17.0,stl,DAL,DAL,2,Alanna Smith,6.0,3.0,1.0,-0.009920634920634922,-0.7698412698412698,1.0,0.625,0.8338697325988316,1.0,0.0,1.7698412698412698,False,True,,,,,,,,,,,,,,,,False,False
Odyssey Sims,odyssey sims,DAL,0.8888888888888888,9,18.11111111111111,stl,DAL,DAL,3,Odyssey Sims,6.0,3.0,1.0,-0.07341269841269843,0.10317460317460314,-1.0,0.125,-0.33075925222338576,0.0,0.6666666666666666,-1.1031746031746033,False,False,,,,,,,,,,,,,,,,False,False
Aziaha James,aziaha james,DAL,2.5714285714285716,7,16.571428571428573,stocks,DAL,DAL,1,Aziaha James,4.0,3.0,0.0,-0.08750000000000002,0.1333333333333333,,-0.75,,,0.6666666666666666,,False,False,,,,,,,,,,,,,,,,False,False
Azzi Fudd,azzi fudd,DAL,1.625,8,20.75,stocks,DAL,DAL,2,Azzi Fudd,5.0,2.0,1.0,1.6614285714285715,1.2666666666666666,0.25,2.761904761904762,-0.05215553908514948,1.0,0.5,-1.0166666666666666,False,False,,,,,,,,,,,,,,,,False,False
Alanna Smith,alanna smith,DAL,1.4444444444444444,9,17.0,stocks,DAL,DAL,3,Alanna Smith,6.0,3.0,1.0,-0.010714285714285713,-0.5714285714285714,0.3999999999999999,0.625,0.4679855727863313,1.0,0.3333333333333333,0.9714285714285713,False,True,,,,,,,,,,,,,,,,False,False
Veronica Burton,veronica burton,GS,5.857142857142857,7,26.571428571428573,ast,GSV,GS,1,Veronica Burton,4.0,2.0,0.0,-1.3708333333333333,-1.4166666666666665,,-1.3250000000000002,,,0.5,,False,True,,,,,,,,,,,,,,,,False,False
Gabby Williams,gabby williams,GS,2.3333333333333335,6,24.833333333333332,ast,GSV,GS,2,Gabby Williams,3.0,1.0,0.0,-0.5888888888888889,-1.6,,-0.08333333333333326,,,0.0,,False,False,,,,,,,,,,,,,,,,False,False
Ashlon Jackson,ashlon jackson,GS,2.0,1,26.0,ast,GSV,GS,3,,,,,,,,,,,,,False,False,,,,,,,,,,,,,,,,False,False
Kiah Stokes,kiah stokes,GS,1.4285714285714286,7,19.714285714285715,blk,GSV,GS,1,Kiah Stokes,4.0,2.0,0.0,0.13333333333333336,1.1666666666666665,,-0.9,,,0.5,,False,False,,,,,,,,,,,,,,,,False,False
Laeticia Amihere,laeticia amihere,GS,1.1428571428571428,7,15.571428571428571,blk,GSV,GS,2,Laeticia Amihere,4.0,2.0,0.0,-0.2583333333333333,0.8333333333333334,,-1.35,,,1.0,,False,False,,,,,,,,,,,,,,,,False,False
Ashlon Jackson,ashlon jackson,GS,1.0,1,26.0,blk,GSV,GS,3,,,,,,,,,,,,,False,False,,,,,,,,,,,,,,,,False,False
Gabby Williams,gabby williams,GS,2.5,6,24.833333333333332,fg3m,GSV,GS,1,Gabby Williams,3.0,1.0,0.0,-0.35555555555555546,0.6000000000000001,,-0.8333333333333333,,,1.0,,False,False,,,,,,,,,,,,,,,,False,False
Veronica Burton,veronica burton,GS,2.2857142857142856,7,26.571428571428573,fg3m,GSV,GS,2,Veronica Burton,4.0,2.0,0.0,-0.07916666666666672,-0.3333333333333335,,0.17500000000000004,,,0.0,,False,True,,,,,,,,,,,,,,,,False,False
Janelle Salaun,janelle salaun,GS,2.1666666666666665,6,23.833333333333332,fg3m,GSV,GS,3,Janelle Salaun,3.0,1.0,0.0,-1.9111111111111114,-1.4,,-2.166666666666667,,,0.0,,False,False,,,,,,,,,,,,,,,,False,False
Veronica Burton,veronica burton,GS,22.714285714285715,7,26.571428571428573,pra,GSV,GS,1,Veronica Burton,4.0,2.0,0.0,-1.0791666666666657,-2.333333333333332,,0.1750000000000007,,,0.0,,False,True,,,,,,,,,,,,,,,,False,False
Gabby Williams,gabby williams,GS,19.166666666666668,6,24.833333333333332,pra,GSV,GS,2,Gabby Williams,3.0,1.0,0.0,-5.688888888888889,-1.3999999999999986,,-7.833333333333334,,,0.0,,False,False,,,,,,,,,,,,,,,,False,False
Kate Martin,kate martin,GS,17.0,1,23.0,pra,GSV,GS,3,,,,,,,,,,,,,False,False,,,,,,,,,,,,,,,,False,False
Veronica Burton,veronica burton,GS,14.285714285714286,7,26.571428571428573,pts,GSV,GS,1,Veronica Burton,4.0,2.0,0.0,-0.32916666666666705,-1.083333333333334,,0.4249999999999998,,,0.5,,False,True,,,,,,,,,,,,,,,,False,False
Gabby Williams,gabby williams,GS,13.5,6,24.833333333333332,pts,GSV,GS,2,Gabby Williams,3.0,1.0,0.0,-1.955555555555555,1.8000000000000007,,-3.833333333333333,,,1.0,,False,False,,,,,,,,,,,,,,,,False,False
Janelle Salaun,janelle salaun,GS,12.0,6,23.833333333333332,pts,GSV,GS,3,Janelle Salaun,3.0,1.0,0.0,-6.0055555555555555,-3.5999999999999996,,-7.208333333333333,,,0.0,,False,False,,,,,,,,,,,,,,,,False,False
Kate Martin,kate martin,GS,7.0,1,23.0,reb,GSV,GS,1,,,,,,,,,,,,,False,False,,,,,,,,,,,,,,,,False,False
Kaila Charles,kaila charles,GS,6.666666666666667,6,24.333333333333332,reb,GSV,GS,2,Kaila Charles,3.0,1.0,0.0,0.5222222222222225,0.40000000000000036,,0.5833333333333335,,,1.0,,False,False,,,,,,,,,,,,,,,,False,False
Ashlon Jackson,ashlon jackson,GS,5.0,1,26.0,reb,GSV,GS,3,,,,,,,,,,,,,False,False,,,,,,,,,,,,,,,,False,False
Ashlon Jackson,ashlon jackson,GS,2.0,1,26.0,stl,GSV,GS,1,,,,,,,,,,,,,False,False,,,,,,,,,,,,,,,,False,False
Gabby Williams,gabby williams,GS,1.6666666666666667,6,24.833333333333332,stl,GSV,GS,2,Gabby Williams,3.0,1.0,0.0,-0.5,-2.0,,0.25,,,0.0,,False,False,,,,,,,,,,,,,,,,False,False
Veronica Burton,veronica burton,GS,1.0,7,26.571428571428573,stl,GSV,GS,3,Veronica Burton,4.0,2.0,0.0,-1.3291666666666668,-1.0833333333333335,,-1.575,,,0.0,,False,True,,,,,,,,,,,,,,,,False,False
Ashlon Jackson,ashlon jackson,GS,3.0,1,26.0,stocks,GSV,GS,1,,,,,,,,,,,,,False,False,,,,,,,,,,,,,,,,False,False
Kiah Stokes,kiah stokes,GS,2.2857142857142856,7,19.714285714285715,stocks,GSV,GS,2,Kiah Stokes,4.0,2.0,0.0,0.03749999999999998,0.75,,-0.675,,,0.5,,False,False,,,,,,,,,,,,,,,,False,False
Gabby Williams,gabby williams,GS,2.0,6,24.833333333333332,stocks,GSV,GS,3,Gabby Williams,3.0,1.0,0.0,-1.0222222222222221,-2.4,,-0.33333333333333326,,,0.0,,False,False,,,,,,,,,,,,,,,,False,False
Caitlin Clark,caitlin clark,IND,6.875,8,25.125,ast,IND,IND,1,Caitlin Clark,5.0,1.0,2.0,3.2157142857142857,3.0,3.2,3.3392857142857144,0.08526326900814453,1.0,1.0,0.20000000000000018,False,False,Caitlin Clark,IND,DAL,ast,7.5,OVER,OVER,-1.099932426769611,0.5500000000000007,D,4.0,Above Avg,0.8,8.6,caitlin clark,True,False
Aliyah Boston,aliyah boston,IND,3.0,6,21.666666666666668,ast,IND,IND,2,Aliyah Boston,3.0,0.0,2.0,-0.8888888888888888,,-1.3333333333333333,0.0,,0.0,,,False,False,Aliyah Boston,IND,DAL,ast,5.5,OVER,OVER,,-2.7,B,4.0,Above Avg,0.0,2.4,aliyah boston,True,False
Raven Johnson,raven johnson,IND,2.857142857142857,7,17.285714285714285,ast,IND,IND,3,Raven Johnson,4.0,1.0,2.0,-2.2666666666666666,-2.666666666666667,-2.7,-1.0,,0.0,0.0,-0.033333333333333215,False,False,,,,,,,,,,,,,,,,False,False
Shatori Walker-Kimbrough,shatori walker kimbrough,IND,1.3333333333333333,3,20.333333333333332,blk,IND,IND,1,,,,,,,,,,,,,False,False,,,,,,,,,,,,,,,,False,False
Aliyah Boston,aliyah boston,IND,0.8333333333333334,6,21.666666666666668,blk,IND,IND,2,Aliyah Boston,3.0,0.0,2.0,-0.7777777777777777,,-0.6666666666666666,-1.0,,0.0,,,False,False,,,,,,,,,,,,,,,,False,False
Caitlin Clark,caitlin clark,IND,0.75,8,25.125,blk,IND,IND,3,Caitlin Clark,5.0,1.0,2.0,0.5604761904761905,-0.3333333333333333,1.05,0.5178571428571428,0.7217242108245286,1.0,0.0,1.3833333333333333,True,False,,,,,,,,,,,,,,,,False,False
Caitlin Clark,caitlin clark,IND,2.625,8,25.125,fg3m,IND,IND,1,Caitlin Clark,5.0,1.0,2.0,1.210952380952381,0.33333333333333326,2.45,0.4107142857142858,0.4764294379068562,0.5,1.0,2.116666666666667,False,False,,,,,,,,,,,,,,,,False,False
Kelsey Mitchell,kelsey mitchell,IND,1.8888888888888888,9,26.0,fg3m,IND,IND,2,Kelsey Mitchell,6.0,1.0,3.0,-0.0029761904761905398,0.33333333333333326,0.17460317460317457,-0.4375,0.3391586509279488,0.3333333333333333,1.0,-0.1587301587301587,False,False,,,,,,,,,,,,,,,,False,False
Lexie Hull,lexie hull,IND,1.3333333333333333,6,19.833333333333332,fg3m,IND,IND,3,Lexie Hull,3.0,0.0,2.0,1.2111111111111112,,1.4166666666666667,0.8,,0.5,,,False,False,,,,,,,,,,,,,,,,False,False
Caitlin Clark,caitlin clark,IND,30.375,8,25.125,pra,IND,IND,1,Caitlin Clark,5.0,1.0,2.0,11.463333333333333,12.333333333333332,13.866666666666665,8.625,0.5353670188729037,1.0,1.0,1.5333333333333332,True,False,,,,,,,,,,,,,,,,False,False
Aliyah Boston,aliyah boston,IND,23.666666666666668,6,21.666666666666668,pra,IND,IND,2,Aliyah Boston,3.0,0.0,2.0,10.799999999999999,,7.0,18.4,,0.5,,,False,False,,,,,,,,,,,,,,,,False,False
Kelsey Mitchell,kelsey mitchell,IND,22.444444444444443,9,26.0,pra,IND,IND,3,Kelsey Mitchell,6.0,1.0,3.0,4.148809523809524,20.333333333333332,1.26984126984127,0.375,-0.5240292646781257,0.6666666666666666,1.0,-19.063492063492063,False,False,,,,,,,,,,,,,,,,False,False
Kelsey Mitchell,kelsey mitchell,IND,19.88888888888889,9,26.0,pts,IND,IND,1,Kelsey Mitchell,6.0,1.0,3.0,3.409920634920635,15.0,0.7365079365079362,1.625,-0.47698711502895075,0.6666666666666666,1.0,-14.263492063492064,False,False,Kelsey Mitchell,IND,DAL,pts,20.5,UNDER,UNDER,-0.624280391672306,-0.3999999999999986,D,4.0,Above Avg,0.6,20.8,kelsey mitchell,True,False
Caitlin Clark,caitlin clark,IND,19.875,8,25.125,pts,IND,IND,2,Caitlin Clark,5.0,1.0,2.0,6.992380952380953,6.666666666666666,8.433333333333334,5.7142857142857135,0.43017056106900514,1.0,1.0,1.7666666666666675,True,False,Caitlin Clark,IND,DAL,pts,14.5,OVER,OVER,2.308668621721644,6.75,A,4.0,Above Avg,1.0,23.8,caitlin clark,True,False
Aliyah Boston,aliyah boston,IND,14.0,6,21.666666666666668,pts,IND,IND,3,Aliyah Boston,3.0,0.0,2.0,6.622222222222223,,6.333333333333333,7.199999999999999,,0.5,,,False,False,Aliyah Boston,IND,DAL,pts,15.5,UNDER,UNDER,-0.5964464550103824,-0.4499999999999993,D,4.0,Above Avg,0.6,16.0,aliyah boston,True,False
Aliyah Boston,aliyah boston,IND,6.666666666666667,6,21.666666666666668,reb,IND,IND,1,Aliyah Boston,3.0,0.0,2.0,5.066666666666666,,2.0,11.2,,0.5,,,False,False,Aliyah Boston,IND,DAL,reb,7.5,OVER,OVER,-0.8505622413715815,0.9499999999999993,D,4.0,Above Avg,0.4,7.8,aliyah boston,True,False
Monique Billings,monique billings,IND,5.125,8,20.5,reb,IND,IND,2,Monique Billings,5.0,0.0,3.0,0.6209523809523809,,0.5111111111111111,0.7857142857142856,0.3265169309155732,0.3333333333333333,,,False,False,,,,,,,,,,,,,,,,False,False
Myisha Hines-Allen,myisha hines allen,IND,4.111111111111111,9,17.77777777777778,reb,IND,IND,3,Myisha Hines-Allen,6.0,1.0,3.0,-1.318849206349206,0.666666666666667,-0.9015873015873014,-2.9375,-0.02652934815852817,0.3333333333333333,1.0,-1.5682539682539685,False,False,,,,,,,,,,,,,,,,False,False
Aliyah Boston,aliyah boston,IND,1.3333333333333333,6,21.666666666666668,stl,IND,IND,1,Aliyah Boston,3.0,0.0,2.0,0.6,,0.5,0.8,,0.5,,,False,False,,,,,,,,,,,,,,,,False,False
Shatori Walker-Kimbrough,shatori walker kimbrough,IND,1.3333333333333333,3,20.333333333333332,stl,IND,IND,2,,,,,,,,,,,,,False,False,,,,,,,,,,,,,,,,False,False
Raven Johnson,raven johnson,IND,1.1428571428571428,7,17.285714285714285,stl,IND,IND,3,Raven Johnson,4.0,1.0,2.0,-1.5666666666666667,-1.3333333333333335,-1.8,-1.3333333333333333,,0.0,0.0,-0.46666666666666656,False,False,,,,,,,,,,,,,,,,False,False
Shatori Walker-Kimbrough,shatori walker kimbrough,IND,2.6666666666666665,3,20.333333333333332,stocks,IND,IND,1,,,,,,,,,,,,,False,False,,,,,,,,,,,,,,,,False,False
Aliyah Boston,aliyah boston,IND,2.1666666666666665,6,21.666666666666668,stocks,IND,IND,2,Aliyah Boston,3.0,0.0,2.0,-0.1777777777777779,,-0.16666666666666674,-0.20000000000000018,,0.5,,,False,False,,,,,,,,,,,,,,,,False,False
Raven Johnson,raven johnson,IND,1.8571428571428572,7,17.285714285714285,stocks,IND,IND,3,Raven Johnson,4.0,1.0,2.0,-1.9125,-2.3333333333333335,-1.575,-2.1666666666666665,,0.0,0.0,0.7583333333333335,False,False,,,,,,,,,,,,,,,,False,False
Kelsey Plum,kelsey plum,LA,5.5,8,31.375,ast,LAS,LA,1,Kelsey Plum,5.0,0.0,3.0,3.293333333333333,,3.711111111111111,2.666666666666667,0.5024805882584094,1.0,,,False,False,Kelsey Plum,LAS,,ast,3.5,OVER,OVER,4.053589089613629,2.950000000000001,A,,,1.0,7.2,kelsey plum,True,False
Erica Wheeler,erica wheeler,LA,4.75,8,23.5,ast,LAS,LA,2,Erica Wheeler,5.0,0.0,3.0,1.5457142857142856,,1.8777777777777775,1.0476190476190477,0.5757219939223465,0.6666666666666666,,,False,False,,,,,,,,,,,,,,,,False,False
Ta'Niya Latson,ta niya latson,LA,4.0,2,18.0,ast,LAS,LA,3,,,,,,,,,,,,,False,False,,,,,,,,,,,,,,,,False,False
Cameron Brink,cameron brink,LA,1.625,8,16.75,blk,LAS,LA,1,Cameron Brink,5.0,0.0,3.0,0.5771428571428572,,0.5333333333333333,0.6428571428571429,-0.2829609832512858,0.6666666666666666,,,False,False,,,,,,,,,,,,,,,,False,False
Ta'Niya Latson,ta niya latson,LA,0.5,2,18.0,blk,LAS,LA,2,,,,,,,,,,,,,False,False,,,,,,,,,,,,,,,,False,False
Ariel Atkins,ariel atkins,LA,0.3333333333333333,6,23.666666666666668,blk,LAS,LA,3,Ariel Atkins,3.0,0.0,1.0,0.005555555555555554,,0.75,-0.3666666666666667,,1.0,,,False,False,,,,,,,,,,,,,,,,False,False
Kelsey Plum,kelsey plum,LA,3.25,8,31.375,fg3m,LAS,LA,1,Kelsey Plum,5.0,0.0,3.0,0.2785714285714286,,0.1944444444444445,0.40476190476190466,-0.06496956815895256,0.6666666666666666,,,False,False,,,,,,,,,,,,,,,,False,False
Nneka Ogwumike,nneka ogwumike,LA,1.8333333333333333,6,29.833333333333332,fg3m,LAS,LA,2,Nneka Ogwumike,3.0,0.0,3.0,-0.18333333333333335,,-0.18333333333333335,,,0.6666666666666666,,,False,False,,,,,,,,,,,,,,,,False,False
Ariel Atkins,ariel atkins,LA,1.1666666666666667,6,23.666666666666668,fg3m,LAS,LA,3,Ariel Atkins,3.0,0.0,1.0,0.35000000000000003,,2.25,-0.6,,1.0,,,False,False,,,,,,,,,,,,,,,,False,False
Kelsey Plum,kelsey plum,LA,31.75,8,31.375,pra,LAS,LA,1,Kelsey Plum,5.0,0.0,3.0,7.43,,3.6055555555555556,13.166666666666666,-0.2470898347612486,0.6666666666666666,,,False,False,,,,,,,,,,,,,,,,False,False
Dearica Hamby,dearica hamby,LA,25.625,8,27.5,pra,LAS,LA,2,Dearica Hamby,5.0,0.0,3.0,11.143809523809525,,15.700000000000001,4.309523809523809,0.5050285198076303,1.0,,,False,False,,,,,,,,,,,,,,,,False,False
Nneka Ogwumike,nneka ogwumike,LA,24.5,6,29.833333333333332,pra,LAS,LA,3,Nneka Ogwumike,3.0,0.0,3.0,0.20000000000000048,,0.20000000000000048,,,0.6666666666666666,,,False,False,,,,,,,,,,,,,,,,False,False
Kelsey Plum,kelsey plum,LA,24.5,8,31.375,pts,LAS,LA,1,Kelsey Plum,5.0,0.0,3.0,4.509047619047618,,0.9277777777777771,9.88095238095238,-0.310670578698165,0.6666666666666666,,,False,False,Kelsey Plum,LAS,,pts,12.5,OVER,OVER,5.546954202607957,12.3,A,,,1.0,26.8,kelsey plum,True,False
Dearica Hamby,dearica hamby,LA,16.25,8,27.5,pts,LAS,LA,2,Dearica Hamby,5.0,0.0,3.0,6.586190476190477,,9.183333333333334,2.6904761904761907,0.5410724594590761,1.0,,,False,False,,,,,,,,,,,,,,,,False,False
Nneka Ogwumike,nneka ogwumike,LA,15.833333333333334,6,29.833333333333332,pts,LAS,LA,3,Nneka Ogwumike,3.0,0.0,3.0,0.18888888888888822,,0.18888888888888822,,,0.6666666666666666,,,False,False,,,,,,,,,,,,,,,,False,False
Dearica Hamby,dearica hamby,LA,6.875,8,27.5,reb,LAS,LA,1,Dearica Hamby,5.0,0.0,3.0,3.4814285714285718,,5.072222222222223,1.0952380952380953,0.2516843635831547,1.0,,,False,False,,,,,,,,,,,,,,,,False,False
Nneka Ogwumike,nneka ogwumike,LA,6.166666666666667,6,29.833333333333332,reb,LAS,LA,2,Nneka Ogwumike,3.0,0.0,3.0,-0.17777777777777773,,-0.17777777777777773,,,0.3333333333333333,,,False,False,,,,,,,,,,,,,,,,False,False
Cameron Brink,cameron brink,LA,4.125,8,16.75,reb,LAS,LA,3,Cameron Brink,5.0,0.0,3.0,1.0823809523809522,,-0.22777777777777786,3.0476190476190474,-0.8333239260313805,0.3333333333333333,,,False,False,Cameron Brink,LAS,,reb,5.5,UNDER,UNDER,2.838750360613327,-1.1500000000000004,D,,,0.2,4.6,cameron brink,True,False
Ariel Atkins,ariel atkins,LA,2.0,6,23.666666666666668,stl,LAS,LA,1,Ariel Atkins,3.0,0.0,1.0,-0.5111111111111112,,1.0,-1.2666666666666668,,1.0,,,False,False,,,,,,,,,,,,,,,,False,False
Erica Wheeler,erica wheeler,LA,1.25,8,23.5,stl,LAS,LA,2,Erica Wheeler,5.0,0.0,3.0,-0.14190476190476184,,-0.7444444444444445,0.761904761904762,-0.7233862398651054,0.0,,,False,False,,,,,,,,,,,,,,,,False,False
Nneka Ogwumike,nneka ogwumike,LA,1.1666666666666667,6,29.833333333333332,stl,LAS,LA,3,Nneka Ogwumike,3.0,0.0,3.0,-0.7888888888888891,,-0.7888888888888891,,,0.0,,,False,False,,,,,,,,,,,,,,,,False,False
Cameron Brink,cameron brink,LA,2.5,8,16.75,stocks,LAS,LA,1,Cameron Brink,5.0,0.0,3.0,0.439047619047619,,0.25555555555555554,0.7142857142857142,-0.4699698123855913,0.3333333333333333,,,False,False,,,,,,,,,,,,,,,,False,False
Ariel Atkins,ariel atkins,LA,2.3333333333333335,6,23.666666666666668,stocks,LAS,LA,2,Ariel Atkins,3.0,0.0,1.0,-0.5055555555555555,,1.75,-1.6333333333333333,,1.0,,,False,False,,,,,,,,,,,,,,,,False,False
Erica Wheeler,erica wheeler,LA,1.375,8,23.5,stocks,LAS,LA,3,Erica Wheeler,5.0,0.0,3.0,-0.003809523809523796,,-0.4666666666666666,0.6904761904761905,-0.399549920638565,0.3333333333333333,,,False,False,,,,,,,,,,,,,,,,False,False
Chelsea Gray,chelsea gray,LV,6.125,8,28.75,ast,LVA,LV,1,Chelsea Gray,5.0,3.0,0.0,1.3599999999999999,1.9333333333333333,,0.5,-0.2305208171489527,,0.6666666666666666,,False,False,,,,,,,,,,,,,,,,False,False
Jackie Young,jackie young,LV,5.0,8,27.25,ast,LVA,LV,2,Jackie Young,5.0,3.0,0.0,1.2642857142857142,1.361111111111111,,1.1190476190476186,-0.06242443729326716,,1.0,,False,False,Jackie Young,LVA,PHX,ast,3.5,OVER,OVER,5.754398768778683,2.3499999999999996,A,11.0,Below Avg,0.8,6.0,jackie young,True,False
A'ja Wilson,a ja wilson,LV,2.4285714285714284,7,28.0,ast,LVA,LV,3,A'ja Wilson,4.0,3.0,0.0,-0.12083333333333324,-0.7722222222222221,,1.8333333333333335,,,0.3333333333333333,,False,True,,,,,,,,,,,,,,,,False,False
A'ja Wilson,a ja wilson,LV,2.142857142857143,7,28.0,blk,LVA,LV,1,A'ja Wilson,4.0,3.0,0.0,0.7375,0.26111111111111107,,2.166666666666667,,,1.0,,False,False,,,,,,,,,,,,,,,,False,False
NaLyssa Smith,nalyssa smith,LV,1.125,8,20.375,blk,LVA,LV,2,NaLyssa Smith,5.0,3.0,0.0,-0.6585714285714286,-1.1611111111111112,,0.09523809523809523,0.8043687885461172,,0.0,,False,True,,,,,,,,,,,,,,,,False,False
Chelsea Gray,chelsea gray,LV,1.0,8,28.75,blk,LVA,LV,3,Chelsea Gray,5.0,3.0,0.0,-0.20476190476190476,-0.2777777777777778,,-0.09523809523809523,0.027791879175626887,,0.3333333333333333,,False,False,,,,,,,,,,,,,,,,False,False
Chelsea Gray,chelsea gray,LV,2.0,8,28.75,fg3m,LVA,LV,1,Chelsea Gray,5.0,3.0,0.0,0.9061904761904762,1.2722222222222224,,0.3571428571428572,-0.3275914730501622,,0.6666666666666666,,False,False,,,,,,,,,,,,,,,,False,False
Jewell Loyd,jewell loyd,LV,1.5,8,27.125,fg3m,LVA,LV,2,Jewell Loyd,5.0,3.0,0.0,0.7195238095238095,0.9611111111111109,,0.3571428571428571,-0.22444341632109313,,0.6666666666666666,,False,False,,,,,,,,,,,,,,,,False,False
A'ja Wilson,a ja wilson,LV,1.1428571428571428,7,28.0,fg3m,LVA,LV,3,A'ja Wilson,4.0,3.0,0.0,0.7583333333333333,0.6777777777777777,,1.0,,,0.6666666666666666,,False,False,,,,,,,,,,,,,,,,False,False
A'ja Wilson,a ja wilson,LV,33.142857142857146,7,28.0,pra,LVA,LV,1,A'ja Wilson,4.0,3.0,0.0,9.420833333333334,8.727777777777778,,11.5,,,0.6666666666666666,,False,False,,,,,,,,,,,,,,,,False,False
Chennedy Carter,chennedy carter,LV,22.75,8,21.125,pra,LVA,LV,2,Chennedy Carter,5.0,3.0,0.0,7.725238095238095,7.938888888888889,,7.404761904761904,0.04415133858940832,,0.6666666666666666,,False,False,,,,,,,,,,,,,,,,False,False
Chelsea Gray,chelsea gray,LV,22.25,8,28.75,pra,LVA,LV,3,Chelsea Gray,5.0,3.0,0.0,5.1242857142857146,6.905555555555556,,2.4523809523809526,-0.5268696705523407,,0.6666666666666666,,False,False,,,,,,,,,,,,,,,,False,False
A'ja Wilson,a ja wilson,LV,23.857142857142858,7,28.0,pts,LVA,LV,1,A'ja Wilson,4.0,3.0,0.0,6.1,8.077777777777778,,0.16666666666666785,,,0.6666666666666666,,False,False,,,,,,,,,,,,,,,,False,False
Chennedy Carter,chennedy carter,LV,17.875,8,21.125,pts,LVA,LV,2,Chennedy Carter,5.0,3.0,0.0,7.008095238095239,6.061111111111111,,8.428571428571429,0.3375415437020575,,1.0,,False,False,,,,,,,,,,,,,,,,False,False
Chelsea Gray,chelsea gray,LV,12.25,8,28.75,pts,LVA,LV,3,Chelsea Gray,5.0,3.0,0.0,2.556190476190476,2.3555555555555556,,2.8571428571428568,-0.16751472307646328,,0.6666666666666666,,False,False,,,,,,,,,,,,,,,,False,False
A'ja Wilson,a ja wilson,LV,6.857142857142857,7,28.0,reb,LVA,LV,1,A'ja Wilson,4.0,3.0,0.0,3.4416666666666664,1.4222222222222223,,9.5,,,0.6666666666666666,,False,False,,,,,,,,,,,,,,,,False,False
NaLyssa Smith,nalyssa smith,LV,6.625,8,20.375,reb,LVA,LV,2,NaLyssa Smith,5.0,3.0,0.0,-0.8671428571428571,-1.7944444444444443,,0.5238095238095237,0.45424544539810446,,0.0,,False,True,,,,,,,,,,,,,,,,False,False
Chelsea Gray,chelsea gray,LV,3.875,8,28.75,reb,LVA,LV,3,Chelsea Gray,5.0,3.0,0.0,1.208095238095238,2.6166666666666667,,-0.9047619047619049,-0.689099810570104,,1.0,,False,False,,,,,,,,,,,,,,,,False,False
Chennedy Carter,chennedy carter,LV,1.125,8,21.125,stl,LVA,LV,1,Chennedy Carter,5.0,3.0,0.0,0.3314285714285715,0.15555555555555559,,0.5952380952380953,0.4303736927614895,,0.6666666666666666,,False,False,,,,,,,,,,,,,,,,False,False
Jewell Loyd,jewell loyd,LV,1.125,8,27.125,stl,LVA,LV,2,Jewell Loyd,5.0,3.0,0.0,-0.6371428571428572,-0.41111111111111104,,-0.9761904761904763,-0.8117043643361,,0.0,,False,True,,,,,,,,,,,,,,,,False,False
A'ja Wilson,a ja wilson,LV,1.0,7,28.0,stl,LVA,LV,3,A'ja Wilson,4.0,3.0,0.0,-0.29166666666666663,-0.7777777777777777,,1.1666666666666665,,,0.0,,False,True,,,,,,,,,,,,,,,,False,False
A'ja Wilson,a ja wilson,LV,3.142857142857143,7,28.0,stocks,LVA,LV,1,A'ja Wilson,4.0,3.0,0.0,0.4458333333333334,-0.5166666666666666,,3.3333333333333335,,,0.3333333333333333,,False,True,,,,,,,,,,,,,,,,False,False
Chelsea Gray,chelsea gray,LV,1.875,8,28.75,stocks,LVA,LV,2,Chelsea Gray,5.0,3.0,0.0,-0.252857142857143,-0.07222222222222226,,-0.5238095238095238,-0.21949992869330462,,0.6666666666666666,,False,False,,,,,,,,,,,,,,,,False,False
Chennedy Carter,chennedy carter,LV,1.75,8,21.125,stocks,LVA,LV,3,Chennedy Carter,5.0,3.0,0.0,0.013809523809523805,-0.18333333333333335,,0.30952380952380953,0.45601927356013655,,0.6666666666666666,,False,False,,,,,,,,,,,,,,,,False,False
Olivia Miles,olivia miles,MIN,4.666666666666667,9,27.444444444444443,ast,MIN,MIN,1,Olivia Miles,6.0,4.0,2.0,1.125595238095238,0.89375,1.5892857142857144,,0.03463499149650074,1.0,0.75,0.6955357142857144,True,False,,,,,,,,,,,,,,,,False,False
Courtney Williams,courtney williams,MIN,3.6666666666666665,9,25.11111111111111,ast,MIN,MIN,2,Courtney Williams,6.0,4.0,2.0,-0.02341269841269848,-0.07083333333333341,0.0714285714285714,,-0.13879247659353228,0.5,0.25,0.1422619047619048,False,False,,,,,,,,,,,,,,,,False,False
Natasha Howard,natasha howard,MIN,3.5714285714285716,7,25.857142857142858,ast,MIN,MIN,3,Natasha Howard,4.0,3.0,1.0,1.9416666666666664,2.722222222222222,-0.3999999999999999,,,0.0,1.0,-3.122222222222222,False,False,,,,,,,,,,,,,,,,False,False
Emma Cechova,emma cechova,MIN,1.5,4,19.0,blk,MIN,MIN,1,Emma Cechova,1.0,1.0,0.0,-2.0,-2.0,,,,,0.0,,False,False,,,,,,,,,,,,,,,,False,False
Nia Coffey,nia coffey,MIN,1.3333333333333333,9,23.333333333333332,blk,MIN,MIN,2,Nia Coffey,6.0,4.0,2.0,-0.17142857142857146,0.2874999999999999,-1.0892857142857144,,-0.5821154519755429,0.0,0.75,-1.3767857142857143,False,False,,,,,,,,,,,,,,,,False,False
Saylor Poffenbarger,saylor poffenbarger,MIN,1.0,3,23.0,blk,MIN,MIN,3,,,,,,,,,,,,,False,False,,,,,,,,,,,,,,,,False,False
Courtney Williams,courtney williams,MIN,1.3333333333333333,9,25.11111111111111,fg3m,MIN,MIN,1,Courtney Williams,6.0,4.0,2.0,0.7412698412698413,0.5583333333333333,1.1071428571428572,,0.33140751514579164,1.0,0.5,0.5488095238095239,True,False,,,,,,,,,,,,,,,,False,False
Kayla McBride,kayla mcbride,MIN,1.2857142857142858,7,31.285714285714285,fg3m,MIN,MIN,2,Kayla McBride,4.0,3.0,1.0,0.07500000000000001,0.16666666666666666,-0.19999999999999996,,,0.0,0.6666666666666666,-0.3666666666666666,False,False,,,,,,,,,,,,,,,,False,False
Nia Coffey,nia coffey,MIN,1.1111111111111112,9,23.333333333333332,fg3m,MIN,MIN,3,Nia Coffey,6.0,4.0,2.0,0.24543650793650798,0.12708333333333333,0.4821428571428571,,0.06358689980997156,0.5,0.5,0.35505952380952377,False,False,,,,,,,,,,,,,,,,False,False
Natasha Howard,natasha howard,MIN,25.571428571428573,7,25.857142857142858,pra,MIN,MIN,1,Natasha Howard,4.0,3.0,1.0,13.962500000000002,18.75,-0.3999999999999986,,,0.0,1.0,-19.15,False,False,,,,,,,,,,,,,,,,False,False
Olivia Miles,olivia miles,MIN,23.11111111111111,9,27.444444444444443,pra,MIN,MIN,2,Olivia Miles,6.0,4.0,2.0,3.7869047619047618,4.475,2.4107142857142865,,-0.33863700875501673,1.0,0.75,-2.064285714285713,False,False,,,,,,,,,,,,,,,,False,False
Kayla McBride,kayla mcbride,MIN,21.428571428571427,7,31.285714285714285,pra,MIN,MIN,3,Kayla McBride,4.0,3.0,1.0,1.8083333333333327,3.2777777777777772,-2.6000000000000014,,,0.0,0.6666666666666666,-5.877777777777778,False,False,,,,,,,,,,,,,,,,False,False
Kayla McBride,kayla mcbride,MIN,14.857142857142858,7,31.285714285714285,pts,MIN,MIN,1,Kayla McBride,4.0,3.0,1.0,-0.983333333333333,-0.44444444444444403,-2.5999999999999996,,,0.0,0.3333333333333333,-2.1555555555555554,False,True,,,,,,,,,,,,,,,,False,False
Natasha Howard,natasha howard,MIN,14.571428571428571,7,25.857142857142858,pts,MIN,MIN,2,Natasha Howard,4.0,3.0,1.0,9.641666666666667,12.722222222222221,0.40000000000000036,,,1.0,1.0,-12.322222222222221,False,False,,,,,,,,,,,,,,,,False,False
Olivia Miles,olivia miles,MIN,13.555555555555555,9,27.444444444444443,pts,MIN,MIN,3,Olivia Miles,6.0,4.0,2.0,2.075793650793651,3.0333333333333337,0.1607142857142856,,-0.4240785055452264,0.5,0.75,-2.872619047619048,False,False,,,,,,,,,,,,,,,,False,False
Natasha Howard,natasha howard,MIN,7.428571428571429,7,25.857142857142858,reb,MIN,MIN,1,Natasha Howard,4.0,3.0,1.0,2.3791666666666664,3.305555555555556,-0.40000000000000036,,,0.0,0.6666666666666666,-3.705555555555556,False,False,,,,,,,,,,,,,,,,False,False
Saylor Poffenbarger,saylor poffenbarger,MIN,6.0,3,23.0,reb,MIN,MIN,2,,,,,,,,,,,,,False,False,,,,,,,,,,,,,,,,False,False
Nia Coffey,nia coffey,MIN,5.0,9,23.333333333333332,reb,MIN,MIN,3,Nia Coffey,6.0,4.0,2.0,1.1583333333333337,0.6125000000000002,2.25,,0.17078017961497727,0.5,0.5,1.6374999999999997,False,False,,,,,,,,,,,,,,,,False,False
Kayla McBride,kayla mcbride,MIN,1.4285714285714286,7,31.285714285714285,stl,MIN,MIN,1,Kayla McBride,4.0,3.0,1.0,0.475,0.8333333333333334,-0.6000000000000001,,,0.0,0.3333333333333333,-1.4333333333333336,False,False,,,,,,,,,,,,,,,,False,False
Courtney Williams,courtney williams,MIN,1.3333333333333333,9,25.11111111111111,stl,MIN,MIN,2,Courtney Williams,6.0,4.0,2.0,0.4621031746031747,0.8270833333333334,-0.2678571428571429,,-0.4623236280609908,0.5,0.75,-1.0949404761904762,False,False,,,,,,,,,,,,,,,,False,False
Olivia Miles,olivia miles,MIN,1.1111111111111112,9,27.444444444444443,stl,MIN,MIN,3,Olivia Miles,6.0,4.0,2.0,0.8027777777777777,1.3916666666666666,-0.375,,-0.6171170738825927,0.0,0.75,-1.7666666666666666,False,False,,,,,,,,,,,,,,,,False,False
Courtney Williams,courtney williams,MIN,1.7777777777777777,9,25.11111111111111,stocks,MIN,MIN,1,Courtney Williams,6.0,4.0,2.0,0.917261904761905,1.08125,0.5892857142857143,,-0.2555874731953785,0.5,0.75,-0.49196428571428574,False,False,,,,,,,,,,,,,,,,False,False
Emma Cechova,emma cechova,MIN,1.75,4,19.0,stocks,MIN,MIN,2,Emma Cechova,1.0,1.0,0.0,-2.3333333333333335,-2.3333333333333335,,,,,0.0,,False,False,,,,,,,,,,,,,,,,False,False
Kayla McBride,kayla mcbride,MIN,1.7142857142857142,7,31.285714285714285,stocks,MIN,MIN,3,Kayla McBride,4.0,3.0,1.0,0.7291666666666667,1.3055555555555556,-1.0,,,0.0,0.6666666666666666,-2.3055555555555554,False,False,,,,,,,,,,,,,,,,False,False
Julie Vanloo,julie vanloo,NY,5.4,5,16.2,ast,NYL,NY,1,Julie Vanloo,4.0,0.0,3.0,0.016666666666666607,,-1.4222222222222225,4.333333333333334,,0.3333333333333333,,,False,False,,,,,,,,,,,,,,,,False,False
Ny'Ceara Pryor,ny ceara pryor,NY,5.0,1,24.0,ast,NYL,NY,2,,,,,,,,,,,,,False,False,,,,,,,,,,,,,,,,False,False
Marine Johannes,marine johannes,NY,4.5,8,29.375,ast,NYL,NY,3,Marine Johannes,5.0,1.0,3.0,1.4995238095238095,0.833333333333333,3.4880952380952386,-3.8,0.6244066559189984,1.0,1.0,2.6547619047619055,True,False,,,,,,,,,,,,,,,,False,False
Jonquel Jones,jonquel jones,NY,1.2222222222222223,9,25.77777777777778,blk,NYL,NY,1,Jonquel Jones,6.0,1.0,4.0,-0.20694444444444451,-1.0,-0.060416666666666785,0.0,0.0928328008788255,0.25,0.0,0.9395833333333332,False,False,,,,,,,,,,,,,,,,False,False
Breanna Stewart,breanna stewart,NY,1.1111111111111112,9,28.88888888888889,blk,NYL,NY,2,Breanna Stewart,6.0,1.0,4.0,-0.09900793650793653,-1.2857142857142858,0.25625,-0.33333333333333326,0.5046709326160275,0.5,0.0,1.5419642857142857,False,False,,,,,,,,,,,,,,,,False,False
Satou Sabally,satou sabally,NY,0.5,2,20.5,blk,NYL,NY,3,,,,,,,,,,,,,False,False,,,,,,,,,,,,,,,,False,False
Marine Johannes,marine johannes,NY,3.0,8,29.375,fg3m,NYL,NY,1,Marine Johannes,5.0,1.0,3.0,-2.036190476190476,-3.1666666666666665,-1.0714285714285714,-3.8,0.5166103805903551,0.3333333333333333,0.0,2.095238095238095,False,False,,,,,,,,,,,,,,,,False,False
Satou Sabally,satou sabally,NY,2.0,2,20.5,fg3m,NYL,NY,2,,,,,,,,,,,,,False,False,,,,,,,,,,,,,,,,False,False
Julie Vanloo,julie vanloo,NY,1.4,5,16.2,fg3m,NYL,NY,3,Julie Vanloo,4.0,0.0,3.0,0.40416666666666673,,0.9277777777777779,-1.1666666666666667,,1.0,,,False,False,,,,,,,,,,,,,,,,False,False
Breanna Stewart,breanna stewart,NY,29.0,9,28.88888888888889,pra,NYL,NY,1,Breanna Stewart,6.0,1.0,4.0,2.8767857142857145,-0.7142857142857153,4.410416666666667,0.33333333333333215,0.7764992374492121,1.0,0.0,5.124702380952383,True,False,,,,,,,,,,,,,,,,False,False
Jonquel Jones,jonquel jones,NY,21.444444444444443,9,25.77777777777778,pra,NYL,NY,2,Jonquel Jones,6.0,1.0,4.0,5.18968253968254,2.571428571428573,5.225,7.666666666666668,0.10208879562965575,0.75,1.0,2.6535714285714267,True,False,,,,,,,,,,,,,,,,False,False
Marine Johannes,marine johannes,NY,19.125,8,29.375,pra,NYL,NY,3,Marine Johannes,5.0,1.0,3.0,-6.113809523809524,-12.0,0.21031746031746104,-19.2,0.8076452842749591,0.6666666666666666,0.0,12.21031746031746,True,False,,,,,,,,,,,,,,,,False,False
Breanna Stewart,breanna stewart,NY,18.77777777777778,9,28.88888888888889,pts,NYL,NY,1,Breanna Stewart,6.0,1.0,4.0,1.5436507936507933,-4.571428571428573,3.625,-0.6666666666666679,0.7347502591411141,0.75,0.0,8.196428571428573,True,False,Breanna Stewart,NYL,,pts,14.5,OVER,OVER,3.065849174443086,4.949999999999999,A,,,0.8,19.0,breanna stewart,True,False
Satou Sabally,satou sabally,NY,12.5,2,20.5,pts,NYL,NY,2,,,,,,,,,,,,,False,False,,,,,,,,,,,,,,,,False,False
Pauline Astier,pauline astier,NY,12.125,8,25.5,pts,NYL,NY,3,Pauline Astier,5.0,1.0,3.0,-1.5671428571428572,-7.333333333333334,2.7658730158730163,-8.8,0.598137884012027,0.6666666666666666,0.0,10.09920634920635,True,False,,,,,,,,,,,,,,,,False,False
Breanna Stewart,breanna stewart,NY,8.222222222222221,9,28.88888888888889,reb,NYL,NY,1,Breanna Stewart,6.0,1.0,4.0,1.0486111111111112,3.0,0.53125,1.166666666666667,-0.333730342471217,0.5,1.0,-2.46875,False,False,Breanna Stewart,NYL,,reb,5.5,OVER,OVER,5.806951854591833,3.0500000000000007,A,,,1.0,8.8,breanna stewart,True,False
Jonquel Jones,jonquel jones,NY,7.333333333333333,9,25.77777777777778,reb,NYL,NY,2,Jonquel Jones,6.0,1.0,4.0,2.011309523809524,0.14285714285714324,2.6479166666666667,1.333333333333333,0.6754476567724265,1.0,1.0,2.5050595238095235,True,False,,,,,,,,,,,,,,,,False,False
Anneli Maley,anneli maley,NY,4.0,4,19.0,reb,NYL,NY,3,Anneli Maley,2.0,1.0,1.0,-3.25,-2.0,-4.5,,,0.0,0.0,-2.5,False,False,,,,,,,,,,,,,,,,False,False
Ny'Ceara Pryor,ny ceara pryor,NY,4.0,1,24.0,stl,NYL,NY,1,,,,,,,,,,,,,False,False,,,,,,,,,,,,,,,,False,False
Marine Johannes,marine johannes,NY,1.875,8,29.375,stl,NYL,NY,2,Marine Johannes,5.0,1.0,3.0,-1.755238095238095,-2.5,-1.492063492063492,-1.7999999999999998,0.630426076891465,0.0,0.0,1.007936507936508,False,False,,,,,,,,,,,,,,,,False,False
Alex Fowler,alex fowler,NY,1.5,4,17.5,stl,NYL,NY,3,Alex Fowler,1.0,0.0,0.0,-0.6666666666666667,,,-0.6666666666666667,,,,,False,False,,,,,,,,,,,,,,,,False,False
Ny'Ceara Pryor,ny ceara pryor,NY,4.0,1,24.0,stocks,NYL,NY,1,,,,,,,,,,,,,False,False,,,,,,,,,,,,,,,,False,False
Breanna Stewart,breanna stewart,NY,2.111111111111111,9,28.88888888888889,stocks,NYL,NY,2,Breanna Stewart,6.0,1.0,4.0,0.5041666666666668,-1.0,1.2979166666666666,-1.1666666666666665,0.5745580382162673,0.75,0.0,2.2979166666666666,True,False,,,,,,,,,,,,,,,,False,False
Marine Johannes,marine johannes,NY,2.0,8,29.375,stocks,NYL,NY,3,Marine Johannes,5.0,1.0,3.0,-1.555238095238095,-2.5,-1.1587301587301588,-1.7999999999999998,0.9241675103342674,0.0,0.0,1.3412698412698412,False,False,,,,,,,,,,,,,,,,False,False
Alyssa Thomas,alyssa thomas,PHX,8.11111111111111,9,30.77777777777778,ast,PHX,PHX,1,Alyssa Thomas,6.0,2.0,1.0,-0.8492063492063492,-2.125,-0.5,-0.11507936507936496,0.18391329319002347,0.0,0.0,1.625,False,True,Alyssa Thomas,PHX,LVA,ast,6.5,OVER,OVER,2.268516159572373,1.25,A,,,0.8,7.2,alyssa thomas,True,False
Jovana Nogic,jovana nogic,PHX,2.0,7,25.142857142857142,ast,PHX,PHX,2,Jovana Nogic,4.0,2.0,1.0,-0.3125,-1.75,1.25,1.0,,1.0,0.0,3.0,False,True,,,,,,,,,,,,,,,,False,False
Kahleah Copper,kahleah copper,PHX,1.8888888888888888,9,30.11111111111111,ast,PHX,PHX,3,Kahleah Copper,6.0,2.0,1.0,0.6305555555555555,-0.9,2.333333333333333,1.0833333333333333,0.5651380583236224,1.0,0.0,3.233333333333333,False,True,,,,,,,,,,,,,,,,False,False
Natasha Mack,natasha mack,PHX,1.2222222222222223,9,23.22222222222222,blk,PHX,PHX,1,Natasha Mack,6.0,2.0,1.0,0.7093253968253969,1.9375,-1.5,0.6269841269841271,-0.5812788853336196,0.0,1.0,-3.4375,False,False,,,,,,,,,,,,,,,,False,False
DeWanna Bonner,dewanna bonner,PHX,0.7777777777777778,9,26.22222222222222,blk,PHX,PHX,2,DeWanna Bonner,6.0,2.0,1.0,-0.2886904761904762,-0.4375,-1.0,0.04761904761904764,-0.20119894681065675,0.0,0.0,-0.5625,False,True,,,,,,,,,,,,,,,,False,False
Noemie Brochant,noemie brochant,PHX,0.42857142857142855,7,18.285714285714285,blk,PHX,PHX,3,Noemie Brochant,4.0,2.0,1.0,0.6166666666666667,0.33333333333333337,1.0,0.8,,1.0,0.5,0.6666666666666666,False,False,,,,,,,,,,,,,,,,False,False
Jovana Nogic,jovana nogic,PHX,2.857142857142857,7,25.142857142857142,fg3m,PHX,PHX,1,Jovana Nogic,4.0,2.0,1.0,0.02083333333333337,0.6666666666666667,-1.25,0.0,,0.0,0.5,-1.9166666666666667,False,False,,,,,,,,,,,,,,,,False,False
Sami Whitcomb,sami whitcomb,PHX,2.0,2,17.0,fg3m,PHX,PHX,2,,,,,,,,,,,,,False,False,,,,,,,,,,,,,,,,False,False
Kiana Williams,kiana williams,PHX,1.5555555555555556,9,15.222222222222221,fg3m,PHX,PHX,3,Kiana Williams,6.0,2.0,1.0,-1.4595238095238097,-2.075,-1.0,-1.2023809523809523,0.5963118088201167,0.0,0.0,1.0750000000000002,False,True,,,,,,,,,,,,,,,,False,False
Alyssa Thomas,alyssa thomas,PHX,30.555555555555557,9,30.77777777777778,pra,PHX,PHX,1,Alyssa Thomas,6.0,2.0,1.0,6.156349206349208,8.35,3.0,5.746031746031747,-0.5052387967675163,1.0,1.0,-5.35,False,False,,,,,,,,,,,,,,,,False,False
Kahleah Copper,kahleah copper,PHX,22.88888888888889,9,30.11111111111111,pra,PHX,PHX,2,Kahleah Copper,6.0,2.0,1.0,4.398809523809524,1.625,3.666666666666668,6.492063492063491,0.4317818558215663,1.0,1.0,2.041666666666668,False,False,,,,,,,,,,,,,,,,False,False
Natasha Mack,natasha mack,PHX,19.0,9,23.22222222222222,pra,PHX,PHX,3,Natasha Mack,6.0,2.0,1.0,-0.31170634920634893,-2.5124999999999993,6.5,-1.115079365079365,0.793474333122793,1.0,0.5,9.0125,False,True,,,,,,,,,,,,,,,,False,False
Kahleah Copper,kahleah copper,PHX,18.555555555555557,9,30.11111111111111,pts,PHX,PHX,1,Kahleah Copper,6.0,2.0,1.0,2.4335317460317465,0.3125,0.16666666666666785,4.603174603174604,0.2897321412355967,1.0,0.5,-0.14583333333333215,False,False,,,,,,,,,,,,,,,,False,False
Alyssa Thomas,alyssa thomas,PHX,15.333333333333334,9,30.77777777777778,pts,PHX,PHX,2,Alyssa Thomas,6.0,2.0,1.0,4.843650793650794,5.025,4.0,5.003968253968254,-0.24760050156825472,1.0,1.0,-1.0250000000000004,False,False,Alyssa Thomas,PHX,LVA,pts,11.5,OVER,OVER,3.080429313582727,4.949999999999999,A,,,0.8,17.4,alyssa thomas,True,False
Jovana Nogic,jovana nogic,PHX,14.714285714285714,7,25.142857142857142,pts,PHX,PHX,3,Jovana Nogic,4.0,2.0,1.0,1.733333333333333,5.166666666666666,-3.0,-0.40000000000000036,,0.0,0.5,-8.166666666666666,False,False,,,,,,,,,,,,,,,,False,False
Natasha Mack,natasha mack,PHX,8.222222222222221,9,23.22222222222222,reb,PHX,PHX,1,Natasha Mack,6.0,2.0,1.0,-1.1767857142857145,-1.8875000000000002,2.0,-1.761904761904762,0.559772671374624,1.0,0.0,3.8875,False,True,,,,,,,,,,,,,,,,False,False
Alyssa Thomas,alyssa thomas,PHX,7.111111111111111,9,30.77777777777778,reb,PHX,PHX,2,Alyssa Thomas,6.0,2.0,1.0,2.1619047619047618,5.45,-0.5,0.8571428571428571,-0.8760793352318775,0.0,1.0,-5.95,False,False,Alyssa Thomas,PHX,LVA,reb,6.5,OVER,OVER,1.287923355153801,1.299999999999999,B,,,0.6,8.0,alyssa thomas,True,False
DeWanna Bonner,dewanna bonner,PHX,5.333333333333333,9,26.22222222222222,reb,PHX,PHX,3,DeWanna Bonner,6.0,2.0,1.0,0.11567460317460314,-0.7124999999999999,-2.0,1.3730158730158728,-0.14952611687773953,0.0,0.5,-1.2875,False,True,,,,,,,,,,,,,,,,False,False
Alyssa Thomas,alyssa thomas,PHX,1.7777777777777777,9,30.77777777777778,stl,PHX,PHX,1,Alyssa Thomas,6.0,2.0,1.0,-0.307936507936508,-0.775,1.5,-0.5992063492063492,0.6391952206476499,1.0,0.5,2.275,False,True,,,,,,,,,,,,,,,,False,False
DeWanna Bonner,dewanna bonner,PHX,1.0,9,26.22222222222222,stl,PHX,PHX,2,DeWanna Bonner,6.0,2.0,1.0,0.5811507936507937,0.8625,0.5,0.42063492063492075,-0.06341475963457303,1.0,1.0,-0.36250000000000004,False,False,,,,,,,,,,,,,,,,False,False
Morgan Maly,morgan maly,PHX,1.0,2,15.0,stl,PHX,PHX,3,,,,,,,,,,,,,False,False,,,,,,,,,,,,,,,,False,False
Natasha Mack,natasha mack,PHX,2.111111111111111,9,23.22222222222222,stocks,PHX,PHX,1,Natasha Mack,6.0,2.0,1.0,0.3442460317460317,1.4375,-2.5,0.5634920634920635,-0.4906181587033064,0.0,0.5,-3.9375,False,False,,,,,,,,,,,,,,,,False,False
Alyssa Thomas,alyssa thomas,PHX,1.8888888888888888,9,30.77777777777778,stocks,PHX,PHX,2,Alyssa Thomas,6.0,2.0,1.0,-0.2136904761904763,-0.3375,1.3333333333333333,-0.6468253968253969,0.574041214933886,1.0,0.5,1.6708333333333334,False,True,,,,,,,,,,,,,,,,False,False
DeWanna Bonner,dewanna bonner,PHX,1.7777777777777777,9,26.22222222222222,stocks,PHX,PHX,3,DeWanna Bonner,6.0,2.0,1.0,0.2924603174603174,0.42500000000000004,-0.5,0.46825396825396814,-0.14240629860229176,0.0,1.0,-0.925,False,False,,,,,,,,,,,,,,,,False,False
Teja Oblak,teja oblak,POR,6.5,2,17.5,ast,POR,POR,1,,,,,,,,,,,,,False,False,,,,,,,,,,,,,,,,False,False
Sug Sutton,sug sutton,POR,6.0,2,22.0,ast,POR,POR,2,,,,,,,,,,,,,False,False,,,,,,,,,,,,,,,,False,False
Carla Leite,carla leite,POR,4.142857142857143,7,22.428571428571427,ast,POR,POR,3,Carla Leite,4.0,0.0,1.0,0.49583333333333357,,5.4,-1.1388888888888888,,1.0,,,False,False,,,,,,,,,,,,,,,,False,False
Emily Engstler,emily engstler,POR,2.5714285714285716,7,22.0,blk,POR,POR,1,Emily Engstler,4.0,0.0,1.0,-0.20833333333333337,,2.0,-0.9444444444444445,,1.0,,,False,False,,,,,,,,,,,,,,,,False,False
Luisa Geiselsoder,luisa geiselsoder,POR,0.625,8,22.25,blk,POR,POR,2,Luisa Geiselsoder,5.0,0.0,1.0,-0.43619047619047624,,0.33333333333333337,-0.6285714285714286,0.700174459662374,1.0,,,False,False,,,,,,,,,,,,,,,,False,False
Megan Gustafson,megan gustafson,POR,0.42857142857142855,7,17.428571428571427,blk,POR,POR,3,Megan Gustafson,4.0,0.0,1.0,0.525,,0.6,0.5,,1.0,,,False,False,,,,,,,,,,,,,,,,False,False
Bridget Carleton,bridget carleton,POR,2.25,8,25.375,fg3m,POR,POR,1,Bridget Carleton,5.0,1.0,1.0,-0.709047619047619,-2.75,1.8333333333333335,-0.8761904761904762,0.7838313968881542,1.0,0.0,4.583333333333334,False,False,,,,,,,,,,,,,,,,False,False
Kamiah Smalls,kamiah smalls,POR,2.0,2,15.0,fg3m,POR,POR,2,,,,,,,,,,,,,False,False,,,,,,,,,,,,,,,,False,False
Teja Oblak,teja oblak,POR,1.5,2,17.5,fg3m,POR,POR,3,,,,,,,,,,,,,False,False,,,,,,,,,,,,,,,,False,False
Carla Leite,carla leite,POR,20.571428571428573,7,22.428571428571427,pra,POR,POR,1,Carla Leite,4.0,0.0,1.0,1.0875000000000004,,7.600000000000001,-1.0833333333333333,,1.0,,,False,False,,,,,,,,,,,,,,,,False,False
Sug Sutton,sug sutton,POR,19.0,2,22.0,pra,POR,POR,2,,,,,,,,,,,,,False,False,,,,,,,,,,,,,,,,False,False
Bridget Carleton,bridget carleton,POR,16.625,8,25.375,pra,POR,POR,3,Bridget Carleton,5.0,1.0,1.0,-1.8314285714285716,-13.5,3.666666666666668,0.2253968253968246,0.712600481444249,1.0,0.0,17.166666666666668,False,False,,,,,,,,,,,,,,,,False,False
Carla Leite,carla leite,POR,14.428571428571429,7,22.428571428571427,pts,POR,POR,1,Carla Leite,4.0,0.0,1.0,0.8500000000000001,,1.4000000000000004,0.6666666666666666,,1.0,,,False,False,,,,,,,,,,,,,,,,False,False
Bridget Carleton,bridget carleton,POR,12.75,8,25.375,pts,POR,POR,2,Bridget Carleton,5.0,1.0,1.0,-2.985238095238095,-12.75,2.166666666666666,-1.4476190476190471,0.5586042680104382,1.0,0.0,14.916666666666666,False,False,,,,,,,,,,,,,,,,False,False
Sug Sutton,sug sutton,POR,11.0,2,22.0,pts,POR,POR,3,,,,,,,,,,,,,False,False,,,,,,,,,,,,,,,,False,False
Maya Caldwell,maya caldwell,POR,5.0,1,15.0,reb,POR,POR,1,,,,,,,,,,,,,False,False,,,,,,,,,,,,,,,,False,False
Emily Engstler,emily engstler,POR,4.285714285714286,7,22.0,reb,POR,POR,2,Emily Engstler,4.0,0.0,1.0,0.5583333333333332,,3.4,-0.388888888888889,,1.0,,,False,False,,,,,,,,,,,,,,,,False,False
Luisa Geiselsoder,luisa geiselsoder,POR,4.25,8,22.25,reb,POR,POR,3,Luisa Geiselsoder,5.0,0.0,1.0,-0.11523809523809518,,1.0,-0.394047619047619,0.8309494956416276,1.0,,,False,False,,,,,,,,,,,,,,,,False,False
Bridget Carleton,bridget carleton,POR,1.75,8,25.375,stl,POR,POR,1,Bridget Carleton,5.0,1.0,1.0,-0.10619047619047617,-1.75,0.33333333333333326,0.2952380952380953,0.29356825493186706,1.0,0.0,2.083333333333333,False,False,,,,,,,,,,,,,,,,False,False
Emily Engstler,emily engstler,POR,1.5714285714285714,7,22.0,stl,POR,POR,2,Emily Engstler,4.0,0.0,1.0,0.22916666666666652,,1.0,-0.027777777777777974,,1.0,,,False,False,,,,,,,,,,,,,,,,False,False
Nyadiew Puoch,nyadiew puoch,POR,1.25,8,22.25,stl,POR,POR,3,Nyadiew Puoch,5.0,0.0,1.0,-0.7438095238095238,,-0.33333333333333326,-0.8464285714285715,0.43515575011330493,0.0,,,False,False,,,,,,,,,,,,,,,,False,False
Emily Engstler,emily engstler,POR,4.142857142857143,7,22.0,stocks,POR,POR,1,Emily Engstler,4.0,0.0,1.0,0.02083333333333326,,3.0,-0.9722222222222223,,1.0,,,False,False,,,,,,,,,,,,,,,,False,False
Bridget Carleton,bridget carleton,POR,1.875,8,25.375,stocks,POR,POR,2,Bridget Carleton,5.0,1.0,1.0,-0.3247619047619048,-2.0,0.16666666666666674,0.06984126984126975,0.29882445054300505,1.0,0.0,2.166666666666667,False,False,,,,,,,,,,,,,,,,False,False
Nyadiew Puoch,nyadiew puoch,POR,1.5,8,22.25,stocks,POR,POR,3,Nyadiew Puoch,5.0,0.0,1.0,-0.8242857142857144,,-0.6666666666666667,-0.8636904761904762,0.05024700328582343,0.0,,,False,False,,,,,,,,,,,,,,,,False,False
Jade Melbourne,jade melbourne,SEA,4.0,9,23.11111111111111,ast,SEA,SEA,1,Jade Melbourne,6.0,3.0,2.0,1.0892857142857142,0.9285714285714285,2.375,-1.0,0.44154527064595833,1.0,0.6666666666666666,1.4464285714285716,True,False,,,,,,,,,,,,,,,,False,False
Natisha Hiedeman,natisha hiedeman,SEA,4.0,8,25.125,ast,SEA,SEA,2,Natisha Hiedeman,5.0,2.0,2.0,1.1885714285714286,2.15,1.5714285714285714,-1.5,0.008366457696651808,1.0,1.0,-0.5785714285714285,False,False,,,,,,,,,,,,,,,,False,False
Katie Lou Samuelson,katie lou samuelson,SEA,2.0,1,18.0,ast,SEA,SEA,3,,,,,,,,,,,,,False,False,,,,,,,,,,,,,,,,False,False
Joyner Holmes,joyner holmes,SEA,3.0,1,15.0,blk,SEA,SEA,1,,,,,,,,,,,,,False,False,,,,,,,,,,,,,,,,False,False
Dominique Malonga,dominique malonga,SEA,1.4,5,24.2,blk,SEA,SEA,2,Dominique Malonga,2.0,1.0,1.0,0.75,2.0,-0.5,,,0.0,1.0,-2.5,False,False,,,,,,,,,,,,,,,,False,False
Flau'jae Johnson,flau jae johnson,SEA,1.2222222222222223,9,25.22222222222222,blk,SEA,SEA,3,Flau'jae Johnson,6.0,3.0,2.0,1.1833333333333333,1.0,0.25,3.6,-0.3630800777741267,0.5,0.6666666666666666,-0.75,False,False,,,,,,,,,,,,,,,,False,False
Zia Cooke,zia cooke,SEA,1.5555555555555556,9,19.0,fg3m,SEA,SEA,1,Zia Cooke,6.0,3.0,2.0,-0.3242063492063492,-0.6984126984126986,-0.125,0.3999999999999999,0.2755274643350816,0.5,0.3333333333333333,0.5734126984126986,False,True,,,,,,,,,,,,,,,,False,False
Natisha Hiedeman,natisha hiedeman,SEA,1.5,8,25.125,fg3m,SEA,SEA,2,Natisha Hiedeman,5.0,2.0,2.0,1.7280952380952381,1.0166666666666666,1.9285714285714286,2.75,0.2829870637934269,1.0,0.5,0.911904761904762,True,False,,,,,,,,,,,,,,,,False,False
Flau'jae Johnson,flau jae johnson,SEA,1.4444444444444444,9,25.22222222222222,fg3m,SEA,SEA,3,Flau'jae Johnson,6.0,3.0,2.0,-0.6307539682539683,-0.26984126984126994,-0.6875,-1.6,-0.06713749957647323,0.5,0.3333333333333333,-0.41765873015873006,False,False,,,,,,,,,,,,,,,,False,False
Dominique Malonga,dominique malonga,SEA,21.8,5,24.2,pra,SEA,SEA,1,Dominique Malonga,2.0,1.0,1.0,-0.16666666666666607,-9.333333333333332,9.0,,,1.0,0.0,18.333333333333332,False,False,,,,,,,,,,,,,,,,False,False
Flau'jae Johnson,flau jae johnson,SEA,19.444444444444443,9,25.22222222222222,pra,SEA,SEA,2,Flau'jae Johnson,6.0,3.0,2.0,1.0799603174603174,1.634920634920635,0.1875,1.1999999999999993,-0.06734662037396885,0.5,0.6666666666666666,-1.447420634920635,False,False,,,,,,,,,,,,,,,,False,False
Natisha Hiedeman,natisha hiedeman,SEA,17.875,8,25.125,pra,SEA,SEA,3,Natisha Hiedeman,5.0,2.0,2.0,7.9347619047619045,7.866666666666667,6.095238095238096,11.75,-0.14497801648556735,0.5,1.0,-1.7714285714285714,False,False,,,,,,,,,,,,,,,,False,False
Dominique Malonga,dominique malonga,SEA,13.6,5,24.2,pts,SEA,SEA,1,Dominique Malonga,2.0,1.0,1.0,0.791666666666667,-7.666666666666666,9.25,,,1.0,0.0,16.916666666666664,False,False,,,,,,,,,,,,,,,,False,False
Flau'jae Johnson,flau jae johnson,SEA,13.333333333333334,9,25.22222222222222,pts,SEA,SEA,2,Flau'jae Johnson,6.0,3.0,2.0,-0.9545634920634921,-0.8174603174603176,-1.9375,0.5999999999999996,-0.0712913176764622,0.5,0.6666666666666666,-1.1200396825396823,False,True,,,,,,,,,,,,,,,,False,False
Zia Cooke,zia cooke,SEA,12.777777777777779,9,19.0,pts,SEA,SEA,3,Zia Cooke,6.0,3.0,2.0,-1.0755952380952385,0.19047619047619038,-4.3125,1.5999999999999996,-0.27411770331961316,0.0,0.3333333333333333,-4.502976190476191,False,False,,,,,,,,,,,,,,,,False,False
Dominique Malonga,dominique malonga,SEA,7.6,5,24.2,reb,SEA,SEA,1,Dominique Malonga,2.0,1.0,1.0,-0.875,-1.0,-0.75,,,0.0,0.0,0.25,False,False,,,,,,,,,,,,,,,,False,False
Joyner Holmes,joyner holmes,SEA,5.0,1,15.0,reb,SEA,SEA,2,,,,,,,,,,,,,False,False,,,,,,,,,,,,,,,,False,False
Mackenzie Holmes,mackenzie holmes,SEA,4.875,8,17.0,reb,SEA,SEA,3,Mackenzie Holmes,5.0,3.0,1.0,-0.45333333333333314,1.0777777777777782,-1.0,-4.5,-0.3673945492376058,0.0,1.0,-2.0777777777777784,False,False,,,,,,,,,,,,,,,,False,False
Jade Melbourne,jade melbourne,SEA,1.2222222222222223,9,23.11111111111111,stl,SEA,SEA,1,Jade Melbourne,6.0,3.0,2.0,0.21805555555555556,-0.05555555555555558,1.4375,-1.4,0.6005596212493652,1.0,0.3333333333333333,1.4930555555555556,True,False,,,,,,,,,,,,,,,,False,False
Jordan Horston,jordan horston,SEA,1.1428571428571428,7,17.428571428571427,stl,SEA,SEA,2,Jordan Horston,4.0,2.0,1.0,1.05,1.85,-0.16666666666666674,0.6666666666666667,,0.0,1.0,-2.0166666666666666,False,False,,,,,,,,,,,,,,,,False,False
Flau'jae Johnson,flau jae johnson,SEA,1.1111111111111112,9,25.22222222222222,stl,SEA,SEA,3,Flau'jae Johnson,6.0,3.0,2.0,-0.10734126984126983,0.12698412698412698,-0.3125,-0.3999999999999999,-0.17213367391189288,0.0,0.3333333333333333,-0.439484126984127,False,False,,,,,,,,,,,,,,,,False,False
Joyner Holmes,joyner holmes,SEA,3.0,1,15.0,stocks,SEA,SEA,1,,,,,,,,,,,,,False,False,,,,,,,,,,,,,,,,False,False
Dominique Malonga,dominique malonga,SEA,2.4,5,24.2,stocks,SEA,SEA,2,Dominique Malonga,2.0,1.0,1.0,1.4166666666666665,3.333333333333333,-0.5,,,0.0,1.0,-3.833333333333333,False,False,,,,,,,,,,,,,,,,False,False
Flau'jae Johnson,flau jae johnson,SEA,2.3333333333333335,9,25.22222222222222,stocks,SEA,SEA,3,Flau'jae Johnson,6.0,3.0,2.0,1.0759920634920637,1.126984126984127,-0.0625,3.2,-0.4374808274317445,0.5,0.6666666666666666,-1.189484126984127,False,False,,,,,,,,,,,,,,,,False,False
Brittney Sykes,brittney sykes,TOR,4.125,8,30.0,ast,TOR,TOR,1,Brittney Sykes,5.0,0.0,2.0,1.396666666666667,,1.7,1.1944444444444446,0.0018153660586785808,1.0,,,False,False,,,,,,,,,,,,,,,,False,False
Julie Allemand,julie allemand,TOR,3.5,4,25.5,ast,TOR,TOR,2,Julie Allemand,1.0,0.0,0.0,0.6666666666666665,,,0.6666666666666665,,,,,False,False,,,,,,,,,,,,,,,,False,False
Kristy Wallace,kristy wallace,TOR,3.0,1,17.0,ast,TOR,TOR,3,,,,,,,,,,,,,False,False,,,,,,,,,,,,,,,,False,False
Nyara Sabally,nyara sabally,TOR,1.1666666666666667,6,22.166666666666668,blk,TOR,TOR,1,Nyara Sabally,3.0,0.0,1.0,0.18333333333333335,,-0.19999999999999996,0.375,,0.0,,,False,False,,,,,,,,,,,,,,,,False,False
Marina Mabrey,marina mabrey,TOR,0.42857142857142855,7,26.428571428571427,blk,TOR,TOR,2,Marina Mabrey,4.0,0.0,2.0,0.17083333333333334,,0.7083333333333334,-0.3666666666666667,,1.0,,,False,False,,,,,,,,,,,,,,,,False,False
Temi Fagbenle,temi fagbenle,TOR,0.3333333333333333,3,17.333333333333332,blk,TOR,TOR,3,,,,,,,,,,,,,False,False,,,,,,,,,,,,,,,,False,False
Marina Mabrey,marina mabrey,TOR,3.0,7,26.428571428571427,fg3m,TOR,TOR,1,Marina Mabrey,4.0,0.0,2.0,-0.4833333333333334,,1.5,-2.466666666666667,,0.5,,,False,False,,,,,,,,,,,,,,,,False,False
Aaliyah Nye,aaliyah nye,TOR,1.5,2,18.5,fg3m,TOR,TOR,2,,,,,,,,,,,,,False,False,,,,,,,,,,,,,,,,False,False
Lexi Held,lexi held,TOR,1.3333333333333333,6,15.166666666666666,fg3m,TOR,TOR,3,Lexi Held,3.0,0.0,2.0,-0.9666666666666667,,-1.2,-0.5,,0.0,,,False,False,,,,,,,,,,,,,,,,False,False
Brittney Sykes,brittney sykes,TOR,26.5,8,30.0,pra,TOR,TOR,1,Brittney Sykes,5.0,0.0,2.0,4.138095238095238,,1.4285714285714288,5.944444444444444,-0.42485674318351396,0.5,,,False,False,,,,,,,,,,,,,,,,False,False
Marina Mabrey,marina mabrey,TOR,25.0,7,26.428571428571427,pra,TOR,TOR,2,Marina Mabrey,4.0,0.0,2.0,-1.2458333333333327,,10.708333333333334,-13.2,,1.0,,,False,False,,,,,,,,,,,,,,,,False,False
Kiki Rice,kiki rice,TOR,17.0,9,24.666666666666668,pra,TOR,TOR,3,Kiki Rice,6.0,0.0,3.0,8.866666666666665,,9.75,7.983333333333333,0.048857252368034086,1.0,,,False,False,,,,,,,,,,,,,,,,False,False
Brittney Sykes,brittney sykes,TOR,19.0,8,30.0,pts,TOR,TOR,1,Brittney Sykes,5.0,0.0,2.0,3.5928571428571425,,-0.14285714285714235,6.083333333333332,-0.4786854858111314,0.5,,,False,False,,,,,,,,,,,,,,,,False,False
Marina Mabrey,marina mabrey,TOR,18.0,7,26.428571428571427,pts,TOR,TOR,2,Marina Mabrey,4.0,0.0,2.0,-2.783333333333333,,6.333333333333334,-11.9,,1.0,,,False,False,,,,,,,,,,,,,,,,False,False
Kiki Rice,kiki rice,TOR,11.333333333333334,9,24.666666666666668,pts,TOR,TOR,3,Kiki Rice,6.0,0.0,3.0,6.248214285714286,,7.041666666666667,5.454761904761905,0.13933233393046995,1.0,,,False,False,,,,,,,,,,,,,,,,False,False
Nyara Sabally,nyara sabally,TOR,4.666666666666667,6,22.166666666666668,reb,TOR,TOR,1,Nyara Sabally,3.0,0.0,1.0,0.5833333333333334,,-2.0,1.875,,0.0,,,False,False,,,,,,,,,,,,,,,,False,False
Laura Juskaite,laura juskaite,TOR,4.0,9,20.444444444444443,reb,TOR,TOR,2,Laura Juskaite,6.0,0.0,3.0,-1.3964285714285716,,-2.0833333333333335,-0.7095238095238097,-0.6287523616778031,0.3333333333333333,,,False,False,,,,,,,,,,,,,,,,False,False
Marina Mabrey,marina mabrey,TOR,4.0,7,26.428571428571427,reb,TOR,TOR,3,Marina Mabrey,4.0,0.0,2.0,-0.3416666666666667,,1.0833333333333333,-1.7666666666666666,,1.0,,,False,False,,,,,,,,,,,,,,,,False,False
Brittney Sykes,brittney sykes,TOR,1.625,8,30.0,stl,TOR,TOR,1,Brittney Sykes,5.0,0.0,2.0,-0.40619047619047616,,-1.557142857142857,0.361111111111111,-0.6167035752405755,0.0,,,False,False,,,,,,,,,,,,,,,,False,False
Aaliyah Nye,aaliyah nye,TOR,1.5,2,18.5,stl,TOR,TOR,2,,,,,,,,,,,,,False,False,,,,,,,,,,,,,,,,False,False
Julie Allemand,julie allemand,TOR,1.5,4,25.5,stl,TOR,TOR,3,Julie Allemand,1.0,0.0,0.0,0.6666666666666667,,,0.6666666666666667,,,,,False,False,,,,,,,,,,,,,,,,False,False
Nyara Sabally,nyara sabally,TOR,2.3333333333333335,6,22.166666666666668,stocks,TOR,TOR,1,Nyara Sabally,3.0,0.0,1.0,-0.6722222222222222,,-1.6,-0.20833333333333326,,0.0,,,False,False,,,,,,,,,,,,,,,,False,False
Brittney Sykes,brittney sykes,TOR,1.875,8,30.0,stocks,TOR,TOR,2,Brittney Sykes,5.0,0.0,2.0,-0.5266666666666666,,-1.9,0.38888888888888884,-0.661716714986517,0.0,,,False,False,,,,,,,,,,,,,,,,False,False
Marina Mabrey,marina mabrey,TOR,1.7142857142857142,7,26.428571428571427,stocks,TOR,TOR,3,Marina Mabrey,4.0,0.0,2.0,-0.3458333333333333,,-0.29166666666666663,-0.4,,0.5,,,False,False,,,,,,,,,,,,,,,,False,False
Georgia Amoore,georgia amoore,WSH,3.5714285714285716,7,19.428571428571427,ast,WSH,WSH,1,Georgia Amoore,4.0,1.0,1.0,1.3499999999999999,-2.6,2.8333333333333335,2.583333333333333,,1.0,0.0,5.433333333333334,False,False,,,,,,,,,,,,,,,,False,False
Rori Harmon,rori harmon,WSH,2.4,5,17.0,ast,WSH,WSH,2,Rori Harmon,2.0,0.0,0.0,-0.04166666666666674,,,-0.04166666666666674,,,,,False,False,,,,,,,,,,,,,,,,False,False
Shakira Austin,shakira austin,WSH,2.4,5,27.8,ast,WSH,WSH,3,Shakira Austin,2.0,1.0,1.0,-2.833333333333333,-2.6666666666666665,-3.0,,,0.0,0.0,-0.3333333333333335,False,False,,,,,,,,,,,,,,,,False,False
Shakira Austin,shakira austin,WSH,1.4,5,27.8,blk,WSH,WSH,1,Shakira Austin,2.0,1.0,1.0,-0.45833333333333337,-1.6666666666666667,0.75,,,1.0,0.0,2.416666666666667,False,False,,,,,,,,,,,,,,,,False,False
Kiki Iriafen,kiki iriafen,WSH,0.8333333333333334,6,24.666666666666668,blk,WSH,WSH,2,Kiki Iriafen,3.0,1.0,1.0,-0.26666666666666666,-1.0,0.19999999999999996,0.0,,1.0,0.0,1.2,False,False,,,,,,,,,,,,,,,,False,False
Sonia Citron,sonia citron,WSH,0.42857142857142855,7,27.714285714285715,blk,WSH,WSH,3,Sonia Citron,4.0,1.0,1.0,-0.31666666666666665,-0.6,-0.5,-0.08333333333333331,,0.0,0.0,0.09999999999999998,False,False,,,,,,,,,,,,,,,,False,False
Georgia Amoore,georgia amoore,WSH,1.1428571428571428,7,19.428571428571427,fg3m,WSH,WSH,1,Georgia Amoore,4.0,1.0,1.0,-0.6833333333333333,-1.4,-0.16666666666666674,-0.5833333333333334,,0.0,0.0,1.2333333333333332,False,False,,,,,,,,,,,,,,,,False,False
Sonia Citron,sonia citron,WSH,0.8571428571428571,7,27.714285714285715,fg3m,WSH,WSH,2,Sonia Citron,4.0,1.0,1.0,-1.0291666666666668,-1.2,-1.0,-0.9583333333333334,,0.0,0.0,0.19999999999999996,False,False,,,,,,,,,,,,,,,,False,False
Kiki Iriafen,kiki iriafen,WSH,0.6666666666666666,6,24.666666666666668,fg3m,WSH,WSH,3,Kiki Iriafen,3.0,1.0,1.0,0.5222222222222223,0.5,0.4,0.6666666666666667,,1.0,1.0,-0.09999999999999998,False,False,,,,,,,,,,,,,,,,False,False
Kiki Iriafen,kiki iriafen,WSH,24.833333333333332,6,24.666666666666668,pra,WSH,WSH,1,Kiki Iriafen,3.0,1.0,1.0,-5.216666666666666,-19.25,-9.399999999999999,13.0,,0.0,0.0,9.850000000000001,False,False,,,,,,,,,,,,,,,,False,False
Shakira Austin,shakira austin,WSH,24.8,5,27.8,pra,WSH,WSH,2,Shakira Austin,2.0,1.0,1.0,-14.166666666666666,-17.333333333333332,-11.0,,,0.0,0.0,6.333333333333332,False,False,,,,,,,,,,,,,,,,False,False
Sonia Citron,sonia citron,WSH,21.285714285714285,7,27.714285714285715,pra,WSH,WSH,3,Sonia Citron,4.0,1.0,1.0,2.333333333333333,-18.0,2.0,12.666666666666666,,1.0,0.0,20.0,False,False,,,,,,,,,,,,,,,,False,False
Sonia Citron,sonia citron,WSH,15.857142857142858,7,27.714285714285715,pts,WSH,WSH,1,Sonia Citron,4.0,1.0,1.0,0.7625000000000006,-14.2,0.16666666666666607,8.541666666666668,,1.0,0.0,14.366666666666665,False,False,,,,,,,,,,,,,,,,False,False
Shakira Austin,shakira austin,WSH,15.0,5,27.8,pts,WSH,WSH,2,Shakira Austin,2.0,1.0,1.0,-5.708333333333334,-7.666666666666668,-3.75,,,0.0,0.0,3.916666666666668,False,False,,,,,,,,,,,,,,,,False,False
Kiki Iriafen,kiki iriafen,WSH,14.166666666666666,6,24.666666666666668,pts,WSH,WSH,3,Kiki Iriafen,3.0,1.0,1.0,-1.2444444444444447,-13.0,-1.4000000000000004,10.666666666666666,,0.0,0.0,11.6,False,False,,,,,,,,,,,,,,,,False,False
Kiki Iriafen,kiki iriafen,WSH,9.166666666666666,6,24.666666666666668,reb,WSH,WSH,1,Kiki Iriafen,3.0,1.0,1.0,-3.0388888888888883,-5.25,-6.199999999999999,2.333333333333334,,0.0,0.0,-0.9499999999999993,False,False,,,,,,,,,,,,,,,,False,False
Shakira Austin,shakira austin,WSH,7.4,5,27.8,reb,WSH,WSH,2,Shakira Austin,2.0,1.0,1.0,-5.625,-7.0,-4.25,,,0.0,0.0,2.75,False,False,,,,,,,,,,,,,,,,False,False
Lauren Betts,lauren betts,WSH,3.5,6,17.666666666666668,reb,WSH,WSH,3,Lauren Betts,3.0,0.0,1.0,-1.7555555555555558,,-0.6000000000000001,-2.3333333333333335,,0.0,,,False,False,,,,,,,,,,,,,,,,False,False
Rori Harmon,rori harmon,WSH,2.0,5,17.0,stl,WSH,WSH,1,Rori Harmon,2.0,0.0,0.0,-1.4583333333333333,,,-1.4583333333333333,,,,,False,False,,,,,,,,,,,,,,,,False,False
Sonia Citron,sonia citron,WSH,1.2857142857142858,7,27.714285714285715,stl,WSH,WSH,2,Sonia Citron,4.0,1.0,1.0,0.3458333333333333,-0.19999999999999996,0.8333333333333333,0.375,,1.0,0.0,1.0333333333333332,False,False,,,,,,,,,,,,,,,,False,False
Cotie McMahon,cotie mcmahon,WSH,1.0,5,20.4,stl,WSH,WSH,3,Cotie McMahon,2.0,1.0,1.0,-0.6666666666666666,-1.3333333333333333,0.0,,,0.0,0.0,1.3333333333333333,False,False,,,,,,,,,,,,,,,,False,False
Shakira Austin,shakira austin,WSH,2.4,5,27.8,stocks,WSH,WSH,1,Shakira Austin,2.0,1.0,1.0,0.33333333333333326,-1.3333333333333335,2.0,,,1.0,0.0,3.3333333333333335,False,False,,,,,,,,,,,,,,,,False,False
Rori Harmon,rori harmon,WSH,2.0,5,17.0,stocks,WSH,WSH,2,Rori Harmon,2.0,0.0,0.0,-1.4583333333333333,,,-1.4583333333333333,,,,,False,False,,,,,,,,,,,,,,,,False,False
Sonia Citron,sonia citron,WSH,1.7142857142857142,7,27.714285714285715,stocks,WSH,WSH,3,Sonia Citron,4.0,1.0,1.0,0.02916666666666662,-0.8,0.33333333333333326,0.29166666666666663,,1.0,0.0,1.1333333333333333,False,False,,,,,,,,,,,,,,,,False,False
