wnba_player_id,player,pos,team,opp_team,line,prop_type,prop_norm,pick_type,projection_id,pp_projection_id,player_id,pp_game_id,start_time,pp_home_team,pp_away_team,standard_line,deviation_level,image_url,game_date,id_status,player_1,player_2,team_1,team_2,TEAM_NAME,TEAM_ID,OVERALL_DEF_SCORE,OVERALL_DEF_RANK,DEF_TIER,is_combo_player,stat_g1,stat_g2,stat_g3,stat_g4,stat_g5,stat_g6,stat_g7,stat_g8,stat_g9,stat_g10,stat_last5_avg,stat_last10_avg,stat_season_avg,last5_over,last5_under,last5_push,last5_hit_rate,line_hit_rate_over_ou_5,line_hit_rate_under_ou_5,line_hit_rate_over_ou_10,line_hit_rate_under_ou_10,unsupported_prop,unsupported_reason,espn_athlete_id,hit_rate_status,line_games_played_5,line_hits_over_5,line_hits_under_5,line_hits_push_5,line_hit_rate_over_5,line_hit_rate_under_5,min_player_avg,fga_player_avg,pts_player_avg,minutes_tier,shot_role,usage_role,game_total,spread
315801,Brittney Griner,C,CON,NYL,4.5,Rebounds,reb,Demon,11844693,11844693,315801,149150,2026-05-03T17:00:00.000-04:00,,,,1,https://static.prizepicks.com/images/manual/Griner.png,2026-05-03,OK,,,,,,,,,,0,,,,,,,,,,,,,,,,,,,,,,1,UNSUPPORTED_PROP:reb,2490553.0,UNSUPPORTED_PROP,,,,,,,,4.5,4.5,UNKNOWN,LOW_VOL,SUPPORT,,
237848,Sabrina Ionescu,G,NYL,CON,3.5,Assists,ast,Standard,11844690,11844690,237848,149150,2026-05-03T17:00:00.000-04:00,,,3.5,0,https://static.prizepicks.com/images/players/NBA/Sabrina_Ionescu_WNBA_player_P26gx0GUbxv35lMVCUU4z5Q5.webp,2026-05-03,OK,,,,,Connecticut SUN,18.0,,3.0,Elite,0,,,,,,,,,,,,,,,,,,,,,,1,UNSUPPORTED_PROP:ast,4066533.0,UNSUPPORTED_PROP,,,,,,,,3.5,3.5,UNKNOWN,LOW_VOL,SUPPORT,,
237848,Sabrina Ionescu,G,NYL,CON,3.5,Rebounds,reb,Demon,11844691,11844691,237848,149150,2026-05-03T17:00:00.000-04:00,,,,1,https://static.prizepicks.com/images/players/NBA/Sabrina_Ionescu_WNBA_player_P26gx0GUbxv35lMVCUU4z5Q5.webp,2026-05-03,OK,,,,,Connecticut SUN,18.0,,3.0,Elite,0,,,,,,,,,,,,,,,,,,,,,,1,UNSUPPORTED_PROP:reb,4066533.0,UNSUPPORTED_PROP,,,,,,,,3.5,3.5,UNKNOWN,LOW_VOL,SUPPORT,,
237848,Sabrina Ionescu,G,NYL,CON,1.5,3-PT Made,3ptmade,Standard,11844689,11844689,237848,149150,2026-05-03T17:00:00.000-04:00,,,1.5,0,https://static.prizepicks.com/images/players/NBA/Sabrina_Ionescu_WNBA_player_P26gx0GUbxv35lMVCUU4z5Q5.webp,2026-05-03,OK,,,,,Connecticut SUN,18.0,,3.0,Elite,0,,,,,,,,,,,,,,,,,,,,,,1,UNSUPPORTED_PROP:3ptmade,4066533.0,UNSUPPORTED_PROP,,,,,,,,1.5,1.5,UNKNOWN,LOW_VOL,SUPPORT,,
237848,Sabrina Ionescu,G,NYL,CON,11.5,Points,pts,Standard,11844265,11844265,237848,149150,2026-05-03T17:00:00.000-04:00,,,11.5,0,https://static.prizepicks.com/images/players/NBA/Sabrina_Ionescu_WNBA_player_P26gx0GUbxv35lMVCUU4z5Q5.webp,2026-05-03,OK,,,,,Connecticut SUN,18.0,,3.0,Elite,0,,,,,,,,,,,,,,,,,,,,,,1,UNSUPPORTED_PROP:pts,4066533.0,UNSUPPORTED_PROP,,,,,,,,11.5,11.5,UNKNOWN,MID_VOL,SECONDARY,,
315801,Brittney Griner,C,CON,NYL,8.5,Points,pts,Standard,11844267,11844267,315801,149150,2026-05-03T17:00:00.000-04:00,,,8.5,0,https://static.prizepicks.com/images/manual/Griner.png,2026-05-03,OK,,,,,,,,,,0,,,,,,,,,,,,,,,,,,,,,,1,UNSUPPORTED_PROP:pts,2490553.0,UNSUPPORTED_PROP,,,,,,,,8.5,8.5,UNKNOWN,MID_VOL,SECONDARY,,
237843,A'ja Wilson,C,LVA,DAL,7.5,Rebounds,reb,Standard,11844273,11844273,237843,149152,2026-05-03T19:00:00.000-04:00,,,7.5,0,https://static.prizepicks.com/images/players/NBA/A'ja_Wilson_WNBA_player_e1fzWnin9JBoRKYaugxyyP08.webp,2026-05-03,OK,,,,,Dallas Wings,3.0,,4.0,Above Avg,0,,,,,,,,,,,,,,,,,,,,,,1,UNSUPPORTED_PROP:reb,3149391.0,UNSUPPORTED_PROP,,,,,,,,7.5,7.5,UNKNOWN,LOW_VOL,SECONDARY,175.5,2.5
237836,Paige Bueckers,G,DAL,LVA,3.5,Assists,ast,Standard,11844274,11844274,237836,149152,2026-05-03T19:00:00.000-04:00,,,3.5,0,https://static.prizepicks.com/images/players/NBA/Paige_Bueckers_WNBA_player_9Y8nnqPB9PRhUk1Zb4Mlsb5c.webp,2026-05-03,OK,,,,,,,,,,0,,,,,,,,,,,,,,,,,,,,,,1,UNSUPPORTED_PROP:ast,4433730.0,UNSUPPORTED_PROP,,,,,,,,3.5,3.5,UNKNOWN,LOW_VOL,SUPPORT,175.5,2.5
237843,A'ja Wilson,C,LVA,DAL,2.5,Assists,ast,Standard,11844272,11844272,237843,149152,2026-05-03T19:00:00.000-04:00,,,2.5,0,https://static.prizepicks.com/images/players/NBA/A'ja_Wilson_WNBA_player_e1fzWnin9JBoRKYaugxyyP08.webp,2026-05-03,OK,,,,,Dallas Wings,3.0,,4.0,Above Avg,0,,,,,,,,,,,,,,,,,,,,,,1,UNSUPPORTED_PROP:ast,3149391.0,UNSUPPORTED_PROP,,,,,,,,2.5,2.5,UNKNOWN,LOW_VOL,SUPPORT,175.5,2.5
197034,Cameron Brink,F,LAS,,5.5,Rebounds,reb,Standard,11844631,11844631,197034,155440,2026-05-03T19:00:00.000-04:00,,,5.5,0,https://static.prizepicks.com/images/players/NBA/Cameron_Brink_WNBA_player_iXX6g2ZznhNde3uQhZhdBbZ.webp,2026-05-03,OK,,,,,,,,,,0,,,,,,,,,,,,,,,,,,,,,,1,UNSUPPORTED_PROP:reb,4433404.0,UNSUPPORTED_PROP,,,,,,,,5.5,5.5,UNKNOWN,LOW_VOL,SUPPORT,,
237840,Kelsey Plum,G,LAS,,3.5,Assists,ast,Demon,11844622,11844622,237840,155440,2026-05-03T19:00:00.000-04:00,,,,1,https://static.prizepicks.com/images/players/NBA/Kelsey_Plum_WNBA_player_1TLFqKeRDxvOfPzSxhKC31Yi.webp,2026-05-03,OK,,,,,,,,,,0,,,,,,,,,,,,,,,,,,,,,,1,UNSUPPORTED_PROP:ast,3065570.0,UNSUPPORTED_PROP,,,,,,,,3.5,3.5,UNKNOWN,LOW_VOL,SUPPORT,,
237836,Paige Bueckers,G,DAL,LVA,19.5,Points,pts,Demon,11853506,11853506,237836,149152,2026-05-03T19:00:00.000-04:00,,,14.5,1,https://static.prizepicks.com/images/players/NBA/Paige_Bueckers_WNBA_player_9Y8nnqPB9PRhUk1Zb4Mlsb5c.webp,2026-05-03,OK,,,,,,,,,,0,,,,,,,,,,,,,,,,,,,,,,1,UNSUPPORTED_PROP:pts,4433730.0,UNSUPPORTED_PROP,,,,,,,,19.5,19.5,UNKNOWN,HIGH_VOL,PRIMARY,175.5,2.5
237843,A'ja Wilson,C,LVA,DAL,15.5,Points,pts,Standard,11844263,11844263,237843,149152,2026-05-03T19:00:00.000-04:00,,,15.5,0,https://static.prizepicks.com/images/players/NBA/A'ja_Wilson_WNBA_player_e1fzWnin9JBoRKYaugxyyP08.webp,2026-05-03,OK,,,,,Dallas Wings,3.0,,4.0,Above Avg,0,,,,,,,,,,,,,,,,,,,,,,1,UNSUPPORTED_PROP:pts,3149391.0,UNSUPPORTED_PROP,,,,,,,,15.5,15.5,UNKNOWN,HIGH_VOL,PRIMARY,175.5,2.5
237836,Paige Bueckers,G,DAL,LVA,14.5,Points,pts,Standard,11844261,11844261,237836,149152,2026-05-03T19:00:00.000-04:00,,,14.5,0,https://static.prizepicks.com/images/players/NBA/Paige_Bueckers_WNBA_player_9Y8nnqPB9PRhUk1Zb4Mlsb5c.webp,2026-05-03,OK,,,,,,,,,,0,,,,,,,,,,,,,,,,,,,,,,1,UNSUPPORTED_PROP:pts,4433730.0,UNSUPPORTED_PROP,,,,,,,,14.5,14.5,UNKNOWN,HIGH_VOL,PRIMARY,175.5,2.5
315762,Azzi Fudd,G,DAL,LVA,9.5,Points,pts,Standard,11844262,11844262,315762,149152,2026-05-03T19:00:00.000-04:00,,,9.5,0,https://static.prizepicks.com/images/manual/Azzi.png,2026-05-03,OK,,,,,,,,,,0,,,,,,,,,,,,,,,,,,,,,,1,UNSUPPORTED_PROP:pts,4433790.0,UNSUPPORTED_PROP,,,,,,,,9.5,9.5,UNKNOWN,MID_VOL,SECONDARY,175.5,2.5
237844,Jewell Loyd,G,LVA,DAL,9.5,Points,pts,Standard,11844268,11844268,237844,149152,2026-05-03T19:00:00.000-04:00,,,9.5,0,https://static.prizepicks.com/images/players/NBA/Jewell_Loyd_WNBA_player_kl6eTaXsduFI7E6eDj4QuueY.webp,2026-05-03,OK,,,,,Dallas Wings,3.0,,4.0,Above Avg,0,,,,,,,,,,,,,,,,,,,,,,1,UNSUPPORTED_PROP:pts,2987869.0,UNSUPPORTED_PROP,,,,,,,,9.5,9.5,UNKNOWN,MID_VOL,SECONDARY,175.5,2.5
237836,Paige Bueckers,G,DAL,LVA,9.5,Points,pts,Goblin,11853505,11853505,237836,149152,2026-05-03T19:00:00.000-04:00,,,14.5,2,https://static.prizepicks.com/images/players/NBA/Paige_Bueckers_WNBA_player_9Y8nnqPB9PRhUk1Zb4Mlsb5c.webp,2026-05-03,OK,,,,,,,,,,0,,,,,,,,,,,,,,,,,,,,,,1,UNSUPPORTED_PROP:pts,4433730.0,UNSUPPORTED_PROP,,,,,,,,9.5,9.5,UNKNOWN,MID_VOL,SECONDARY,175.5,2.5
237840,Kelsey Plum,G,LAS,,12.5,Points,pts,Standard,11844266,11844266,237840,155440,2026-05-03T19:00:00.000-04:00,,,12.5,0,https://static.prizepicks.com/images/players/NBA/Kelsey_Plum_WNBA_player_1TLFqKeRDxvOfPzSxhKC31Yi.webp,2026-05-03,OK,,,,,,,,,,0,,,,,,,,,,,,,,,,,,,,,,1,UNSUPPORTED_PROP:pts,3065570.0,UNSUPPORTED_PROP,,,,,,,,12.5,12.5,UNKNOWN,MID_VOL,SECONDARY,,
197034,Cameron Brink,F,LAS,,6.5,Points,pts,Standard,11844264,11844264,197034,155440,2026-05-03T19:00:00.000-04:00,,,6.5,0,https://static.prizepicks.com/images/players/NBA/Cameron_Brink_WNBA_player_iXX6g2ZznhNde3uQhZhdBbZ.webp,2026-05-03,OK,,,,,,,,,,0,,,,,,,,,,,,,,,,,,,,,,1,UNSUPPORTED_PROP:pts,4433404.0,UNSUPPORTED_PROP,,,,,,,,6.5,6.5,UNKNOWN,LOW_VOL,SUPPORT,,
237847,Breanna Stewart,F,NYL,,24.5,Points,pts,Demon,11717382,11717382,237847,150439,2026-05-08T19:30:00.000-04:00,,,,2,https://static.prizepicks.com/images/players/NBA/Breanna_Stewart_WNBA_player_0QbcmrMWR4KgqkSDi1fYPEeZ.webp,2026-05-03,OK,,,,,,,,,,0,,,,,,,,,,,,,,,,,,,,,,1,UNSUPPORTED_PROP:pts,2998928.0,UNSUPPORTED_PROP,,,,,,,,24.5,24.5,UNKNOWN,HIGH_VOL,PRIMARY,,
237848,Sabrina Ionescu,G,NYL,,24.5,Points,pts,Demon,11717394,11717394,237848,150439,2026-05-08T19:30:00.000-04:00,,,11.5,2,https://static.prizepicks.com/images/players/NBA/Sabrina_Ionescu_WNBA_player_P26gx0GUbxv35lMVCUU4z5Q5.webp,2026-05-03,OK,,,,,,,,,,0,,,,,,,,,,,,,,,,,,,,,,1,UNSUPPORTED_PROP:pts,4066533.0,UNSUPPORTED_PROP,,,,,,,,24.5,24.5,UNKNOWN,HIGH_VOL,PRIMARY,,
237847,Breanna Stewart,F,NYL,,19.5,Points,pts,Demon,11717381,11717381,237847,150439,2026-05-08T19:30:00.000-04:00,,,,1,https://static.prizepicks.com/images/players/NBA/Breanna_Stewart_WNBA_player_0QbcmrMWR4KgqkSDi1fYPEeZ.webp,2026-05-03,OK,,,,,,,,,,0,,,,,,,,,,,,,,,,,,,,,,1,UNSUPPORTED_PROP:pts,2998928.0,UNSUPPORTED_PROP,,,,,,,,19.5,19.5,UNKNOWN,HIGH_VOL,PRIMARY,,
237848,Sabrina Ionescu,G,NYL,,19.5,Points,pts,Demon,11717395,11717395,237848,150439,2026-05-08T19:30:00.000-04:00,,,11.5,1,https://static.prizepicks.com/images/players/NBA/Sabrina_Ionescu_WNBA_player_P26gx0GUbxv35lMVCUU4z5Q5.webp,2026-05-03,OK,,,,,,,,,,0,,,,,,,,,,,,,,,,,,,,,,1,UNSUPPORTED_PROP:pts,4066533.0,UNSUPPORTED_PROP,,,,,,,,19.5,19.5,UNKNOWN,HIGH_VOL,PRIMARY,,
237847,Breanna Stewart,F,NYL,,14.5,Points,pts,Goblin,11717380,11717380,237847,150439,2026-05-08T19:30:00.000-04:00,,,,1,https://static.prizepicks.com/images/players/NBA/Breanna_Stewart_WNBA_player_0QbcmrMWR4KgqkSDi1fYPEeZ.webp,2026-05-03,OK,,,,,,,,,,0,,,,,,,,,,,,,,,,,,,,,,1,UNSUPPORTED_PROP:pts,2998928.0,UNSUPPORTED_PROP,,,,,,,,14.5,14.5,UNKNOWN,HIGH_VOL,PRIMARY,,
237848,Sabrina Ionescu,G,NYL,,14.5,Points,pts,Goblin,11717393,11717393,237848,150439,2026-05-08T19:30:00.000-04:00,,,11.5,1,https://static.prizepicks.com/images/players/NBA/Sabrina_Ionescu_WNBA_player_P26gx0GUbxv35lMVCUU4z5Q5.webp,2026-05-03,OK,,,,,,,,,,0,,,,,,,,,,,,,,,,,,,,,,1,UNSUPPORTED_PROP:pts,4066533.0,UNSUPPORTED_PROP,,,,,,,,14.5,14.5,UNKNOWN,HIGH_VOL,PRIMARY,,
237847,Breanna Stewart,F,NYL,,9.5,Rebounds,reb,Demon,11717385,11717385,237847,150439,2026-05-08T19:30:00.000-04:00,,,,2,https://static.prizepicks.com/images/players/NBA/Breanna_Stewart_WNBA_player_0QbcmrMWR4KgqkSDi1fYPEeZ.webp,2026-05-03,OK,,,,,,,,,,0,,,,,,,,,,,,,,,,,,,,,,1,UNSUPPORTED_PROP:reb,2998928.0,UNSUPPORTED_PROP,,,,,,,,9.5,9.5,UNKNOWN,MID_VOL,SECONDARY,,
237848,Sabrina Ionescu,G,NYL,,9.5,Assists,ast,Demon,11717391,11717391,237848,150439,2026-05-08T19:30:00.000-04:00,,,3.5,2,https://static.prizepicks.com/images/players/NBA/Sabrina_Ionescu_WNBA_player_P26gx0GUbxv35lMVCUU4z5Q5.webp,2026-05-03,OK,,,,,,,,,,0,,,,,,,,,,,,,,,,,,,,,,1,UNSUPPORTED_PROP:ast,4066533.0,UNSUPPORTED_PROP,,,,,,,,9.5,9.5,UNKNOWN,MID_VOL,SECONDARY,,
237847,Breanna Stewart,F,NYL,,7.5,Rebounds,reb,Demon,11717384,11717384,237847,150439,2026-05-08T19:30:00.000-04:00,,,,1,https://static.prizepicks.com/images/players/NBA/Breanna_Stewart_WNBA_player_0QbcmrMWR4KgqkSDi1fYPEeZ.webp,2026-05-03,OK,,,,,,,,,,0,,,,,,,,,,,,,,,,,,,,,,1,UNSUPPORTED_PROP:reb,2998928.0,UNSUPPORTED_PROP,,,,,,,,7.5,7.5,UNKNOWN,LOW_VOL,SECONDARY,,
237848,Sabrina Ionescu,G,NYL,,7.5,Assists,ast,Demon,11717390,11717390,237848,150439,2026-05-08T19:30:00.000-04:00,,,3.5,1,https://static.prizepicks.com/images/players/NBA/Sabrina_Ionescu_WNBA_player_P26gx0GUbxv35lMVCUU4z5Q5.webp,2026-05-03,OK,,,,,,,,,,0,,,,,,,,,,,,,,,,,,,,,,1,UNSUPPORTED_PROP:ast,4066533.0,UNSUPPORTED_PROP,,,,,,,,7.5,7.5,UNKNOWN,LOW_VOL,SECONDARY,,
237848,Sabrina Ionescu,G,NYL,,7.5,Rebounds,reb,Demon,11717398,11717398,237848,150439,2026-05-08T19:30:00.000-04:00,,,,3,https://static.prizepicks.com/images/players/NBA/Sabrina_Ionescu_WNBA_player_P26gx0GUbxv35lMVCUU4z5Q5.webp,2026-05-03,OK,,,,,,,,,,0,,,,,,,,,,,,,,,,,,,,,,1,UNSUPPORTED_PROP:reb,4066533.0,UNSUPPORTED_PROP,,,,,,,,7.5,7.5,UNKNOWN,LOW_VOL,SECONDARY,,
237847,Breanna Stewart,F,NYL,,5.5,Assists,ast,Demon,11717378,11717378,237847,150439,2026-05-08T19:30:00.000-04:00,,,,2,https://static.prizepicks.com/images/players/NBA/Breanna_Stewart_WNBA_player_0QbcmrMWR4KgqkSDi1fYPEeZ.webp,2026-05-03,OK,,,,,,,,,,0,,,,,,,,,,,,,,,,,,,,,,1,UNSUPPORTED_PROP:ast,2998928.0,UNSUPPORTED_PROP,,,,,,,,5.5,5.5,UNKNOWN,LOW_VOL,SUPPORT,,
237847,Breanna Stewart,F,NYL,,5.5,Rebounds,reb,Goblin,11717383,11717383,237847,150439,2026-05-08T19:30:00.000-04:00,,,,1,https://static.prizepicks.com/images/players/NBA/Breanna_Stewart_WNBA_player_0QbcmrMWR4KgqkSDi1fYPEeZ.webp,2026-05-03,OK,,,,,,,,,,0,,,,,,,,,,,,,,,,,,,,,,1,UNSUPPORTED_PROP:reb,2998928.0,UNSUPPORTED_PROP,,,,,,,,5.5,5.5,UNKNOWN,LOW_VOL,SUPPORT,,
237848,Sabrina Ionescu,G,NYL,,5.5,Assists,ast,Goblin,11717389,11717389,237848,150439,2026-05-08T19:30:00.000-04:00,,,3.5,1,https://static.prizepicks.com/images/players/NBA/Sabrina_Ionescu_WNBA_player_P26gx0GUbxv35lMVCUU4z5Q5.webp,2026-05-03,OK,,,,,,,,,,0,,,,,,,,,,,,,,,,,,,,,,1,UNSUPPORTED_PROP:ast,4066533.0,UNSUPPORTED_PROP,,,,,,,,5.5,5.5,UNKNOWN,LOW_VOL,SUPPORT,,
237848,Sabrina Ionescu,G,NYL,,5.5,Rebounds,reb,Demon,11717397,11717397,237848,150439,2026-05-08T19:30:00.000-04:00,,,,2,https://static.prizepicks.com/images/players/NBA/Sabrina_Ionescu_WNBA_player_P26gx0GUbxv35lMVCUU4z5Q5.webp,2026-05-03,OK,,,,,,,,,,0,,,,,,,,,,,,,,,,,,,,,,1,UNSUPPORTED_PROP:reb,4066533.0,UNSUPPORTED_PROP,,,,,,,,5.5,5.5,UNKNOWN,LOW_VOL,SUPPORT,,
237847,Breanna Stewart,F,NYL,,3.5,Assists,ast,Demon,11717377,11717377,237847,150439,2026-05-08T19:30:00.000-04:00,,,,1,https://static.prizepicks.com/images/players/NBA/Breanna_Stewart_WNBA_player_0QbcmrMWR4KgqkSDi1fYPEeZ.webp,2026-05-03,OK,,,,,,,,,,0,,,,,,,,,,,,,,,,,,,,,,1,UNSUPPORTED_PROP:ast,2998928.0,UNSUPPORTED_PROP,,,,,,,,3.5,3.5,UNKNOWN,LOW_VOL,SUPPORT,,
237848,Sabrina Ionescu,G,NYL,,3.5,3-PT Made,3ptmade,Demon,11717387,11717387,237848,150439,2026-05-08T19:30:00.000-04:00,,,1.5,2,https://static.prizepicks.com/images/players/NBA/Sabrina_Ionescu_WNBA_player_P26gx0GUbxv35lMVCUU4z5Q5.webp,2026-05-03,OK,,,,,,,,,,0,,,,,,,,,,,,,,,,,,,,,,1,UNSUPPORTED_PROP:3ptmade,4066533.0,UNSUPPORTED_PROP,,,,,,,,3.5,3.5,UNKNOWN,LOW_VOL,SUPPORT,,
237848,Sabrina Ionescu,G,NYL,,3.5,Rebounds,reb,Goblin,11717396,11717396,237848,150439,2026-05-08T19:30:00.000-04:00,,,,1,https://static.prizepicks.com/images/players/NBA/Sabrina_Ionescu_WNBA_player_P26gx0GUbxv35lMVCUU4z5Q5.webp,2026-05-03,OK,,,,,,,,,,0,,,,,,,,,,,,,,,,,,,,,,1,UNSUPPORTED_PROP:reb,4066533.0,UNSUPPORTED_PROP,,,,,,,,3.5,3.5,UNKNOWN,LOW_VOL,SUPPORT,,
237848,Sabrina Ionescu,G,NYL,,2.5,3-PT Made,3ptmade,Demon,11717388,11717388,237848,150439,2026-05-08T19:30:00.000-04:00,,,1.5,1,https://static.prizepicks.com/images/players/NBA/Sabrina_Ionescu_WNBA_player_P26gx0GUbxv35lMVCUU4z5Q5.webp,2026-05-03,OK,,,,,,,,,,0,,,,,,,,,,,,,,,,,,,,,,1,UNSUPPORTED_PROP:3ptmade,4066533.0,UNSUPPORTED_PROP,,,,,,,,2.5,2.5,UNKNOWN,LOW_VOL,SUPPORT,,
237848,Sabrina Ionescu,G,NYL,,1.5,3-PT Made,3ptmade,Goblin,11717386,11717386,237848,150439,2026-05-08T19:30:00.000-04:00,,,1.5,1,https://static.prizepicks.com/images/players/NBA/Sabrina_Ionescu_WNBA_player_P26gx0GUbxv35lMVCUU4z5Q5.webp,2026-05-03,OK,,,,,,,,,,0,,,,,,,,,,,,,,,,,,,,,,1,UNSUPPORTED_PROP:3ptmade,4066533.0,UNSUPPORTED_PROP,,,,,,,,1.5,1.5,UNKNOWN,LOW_VOL,SUPPORT,,
237847,Breanna Stewart,F,NYL,,0.5,Double-Double,doubledouble,Demon,11717379,11717379,237847,150439,2026-05-08T19:30:00.000-04:00,,,,1,https://static.prizepicks.com/images/players/NBA/Breanna_Stewart_WNBA_player_0QbcmrMWR4KgqkSDi1fYPEeZ.webp,2026-05-03,OK,,,,,,,,,,0,,,,,,,,,,,,,,,,,,,,,,1,UNSUPPORTED_PROP:doubledouble,2998928.0,UNSUPPORTED_PROP,,,,,,,,0.5,0.5,UNKNOWN,LOW_VOL,SUPPORT,,
237848,Sabrina Ionescu,G,NYL,,0.5,Double-Double,doubledouble,Demon,11717392,11717392,237848,150439,2026-05-08T19:30:00.000-04:00,,,,1,https://static.prizepicks.com/images/players/NBA/Sabrina_Ionescu_WNBA_player_P26gx0GUbxv35lMVCUU4z5Q5.webp,2026-05-03,OK,,,,,,,,,,0,,,,,,,,,,,,,,,,,,,,,,1,UNSUPPORTED_PROP:doubledouble,4066533.0,UNSUPPORTED_PROP,,,,,,,,0.5,0.5,UNKNOWN,LOW_VOL,SUPPORT,,
237835,Arike Ogunbowale,G,DAL,IND,29.5,Pts+Asts,pa,Demon,11717419,11717419,237835,150721,2026-05-09T13:00:00.000-04:00,,,,2,https://static.prizepicks.com/images/players/NBA/Arike_Ogunbowale_WNBA_player_li5EkQnXby20K9Lhu8gX4Ygc.webp,2026-05-03,OK,,,,,Indiana Fever,5.0,,6.0,Above Avg,0,,,,,,,,,,,,,,,,,,,,,,0,,,MISSING_STAT_VALUES,,,,,,,,29.5,29.5,UNKNOWN,HIGH_VOL,PRIMARY,,
237852,Kelsey Mitchell,G,IND,DAL,29.5,Points,pts,Demon,11807003,11807003,237852,150721,2026-05-09T13:00:00.000-04:00,,,20.5,2,https://static.prizepicks.com/images/players/NBA/Kelsey_Mitchell_WNBA_player_EIjpvNmrTSUtZ3DS46UvarB1.webp,2026-05-03,OK,,,,,Dallas Wings,3.0,,4.0,Above Avg,0,,,,,,,,,,,,,,,,,,,,,,1,UNSUPPORTED_PROP:pts,3142191.0,UNSUPPORTED_PROP,,,,,,,,29.5,29.5,UNKNOWN,HIGH_VOL,PRIMARY,,
237835,Arike Ogunbowale,G,DAL,IND,24.5,Points,pts,Demon,11717416,11717416,237835,150721,2026-05-09T13:00:00.000-04:00,,,,2,https://static.prizepicks.com/images/players/NBA/Arike_Ogunbowale_WNBA_player_li5EkQnXby20K9Lhu8gX4Ygc.webp,2026-05-03,OK,,,,,Indiana Fever,5.0,,6.0,Above Avg,0,,,,,,,,,,,,,,,,,,,,,,0,,,MISSING_STAT_VALUES,,,,,,,,24.5,24.5,UNKNOWN,HIGH_VOL,PRIMARY,,
237835,Arike Ogunbowale,G,DAL,IND,24.5,Pts+Asts,pa,Demon,11717418,11717418,237835,150721,2026-05-09T13:00:00.000-04:00,,,,1,https://static.prizepicks.com/images/players/NBA/Arike_Ogunbowale_WNBA_player_li5EkQnXby20K9Lhu8gX4Ygc.webp,2026-05-03,OK,,,,,Indiana Fever,5.0,,6.0,Above Avg,0,,,,,,,,,,,,,,,,,,,,,,0,,,MISSING_STAT_VALUES,,,,,,,,24.5,24.5,UNKNOWN,HIGH_VOL,PRIMARY,,
237851,Caitlin Clark,G,IND,DAL,24.5,Points,pts,Demon,11717434,11717434,237851,150721,2026-05-09T13:00:00.000-04:00,,,19.0,1,https://static.prizepicks.com/images/players/NBA/Caitlin_Clark_WNBA_player_QSGioalNHPIX9vjS6b9g2AVO.webp,2026-05-03,OK,,,,,Dallas Wings,3.0,,4.0,Above Avg,0,,,,,,,,,,,,,,,,,,,,,,1,UNSUPPORTED_PROP:pts,4433403.0,UNSUPPORTED_PROP,,,,,,,,24.5,24.5,UNKNOWN,HIGH_VOL,PRIMARY,,
237852,Kelsey Mitchell,G,IND,DAL,24.5,Points,pts,Demon,11717445,11717445,237852,150721,2026-05-09T13:00:00.000-04:00,,,20.5,1,https://static.prizepicks.com/images/players/NBA/Kelsey_Mitchell_WNBA_player_EIjpvNmrTSUtZ3DS46UvarB1.webp,2026-05-03,OK,,,,,Dallas Wings,3.0,,4.0,Above Avg,0,,,,,,,,,,,,,,,,,,,,,,1,UNSUPPORTED_PROP:pts,3142191.0,UNSUPPORTED_PROP,,,,,,,,24.5,24.5,UNKNOWN,HIGH_VOL,PRIMARY,,
237836,Paige Bueckers,G,DAL,IND,24.5,Points,pts,Demon,11717462,11717462,237836,150721,2026-05-09T13:00:00.000-04:00,,,14.5,2,https://static.prizepicks.com/images/players/NBA/Paige_Bueckers_WNBA_player_9Y8nnqPB9PRhUk1Zb4Mlsb5c.webp,2026-05-03,OK,,,,,Indiana Fever,5.0,,6.0,Above Avg,0,,,,,,,,,,,,,,,,,,,,,,1,UNSUPPORTED_PROP:pts,4433730.0,UNSUPPORTED_PROP,,,,,,,,24.5,24.5,UNKNOWN,HIGH_VOL,PRIMARY,,
237852,Kelsey Mitchell,G,IND,DAL,20.5,Points,pts,Standard,11717446,11717446,237852,150721,2026-05-09T13:00:00.000-04:00,,,20.5,0,https://static.prizepicks.com/images/players/NBA/Kelsey_Mitchell_WNBA_player_EIjpvNmrTSUtZ3DS46UvarB1.webp,2026-05-03,OK,,,,,Dallas Wings,3.0,,4.0,Above Avg,0,,,,,,,,,,,,,,,,,,,,,,1,UNSUPPORTED_PROP:pts,3142191.0,UNSUPPORTED_PROP,,,,,,,,20.5,20.5,UNKNOWN,HIGH_VOL,PRIMARY,,
237853,Aliyah Boston,C-F,IND,DAL,19.5,Points,pts,Demon,11717402,11717402,237853,150721,2026-05-09T13:00:00.000-04:00,,,15.5,1,https://static.prizepicks.com/images/players/NBA/Aliyah_Boston_WNBA_player_G6uHubog9X1bQPpQo9lPzFr9.webp,2026-05-03,OK,,,,,Dallas Wings,3.0,,4.0,Above Avg,0,,,,,,,,,,,,,,,,,,,,,,1,UNSUPPORTED_PROP:pts,4432831.0,UNSUPPORTED_PROP,,,,,,,,19.5,19.5,UNKNOWN,HIGH_VOL,PRIMARY,,
237835,Arike Ogunbowale,G,DAL,IND,19.5,Points,pts,Demon,11717415,11717415,237835,150721,2026-05-09T13:00:00.000-04:00,,,,1,https://static.prizepicks.com/images/players/NBA/Arike_Ogunbowale_WNBA_player_li5EkQnXby20K9Lhu8gX4Ygc.webp,2026-05-03,OK,,,,,Indiana Fever,5.0,,6.0,Above Avg,0,,,,,,,,,,,,,,,,,,,,,,0,,,MISSING_STAT_VALUES,,,,,,,,19.5,19.5,UNKNOWN,HIGH_VOL,PRIMARY,,
237835,Arike Ogunbowale,G,DAL,IND,19.5,Pts+Asts,pa,Goblin,11717417,11717417,237835,150721,2026-05-09T13:00:00.000-04:00,,,,1,https://static.prizepicks.com/images/players/NBA/Arike_Ogunbowale_WNBA_player_li5EkQnXby20K9Lhu8gX4Ygc.webp,2026-05-03,OK,,,,,Indiana Fever,5.0,,6.0,Above Avg,0,,,,,,,,,,,,,,,,,,,,,,0,,,MISSING_STAT_VALUES,,,,,,,,19.5,19.5,UNKNOWN,HIGH_VOL,PRIMARY,,
315762,Azzi Fudd,G,DAL,IND,19.5,Points,pts,Demon,11717424,11717424,315762,150721,2026-05-09T13:00:00.000-04:00,,,9.5,3,https://static.prizepicks.com/images/manual/Azzi.png,2026-05-03,OK,,,,,Indiana Fever,5.0,,6.0,Above Avg,0,,,,,,,,,,,,,,,,,,,,,,1,UNSUPPORTED_PROP:pts,4433790.0,UNSUPPORTED_PROP,,,,,,,,19.5,19.5,UNKNOWN,HIGH_VOL,PRIMARY,,
198928,Maddy Siegrist,F,DAL,IND,19.5,Points,pts,Demon,11717452,11717452,198928,150721,2026-05-09T13:00:00.000-04:00,,,,3,https://static.prizepicks.com/images/players/NBA/Maddy_Siegrist_WNBA_player_PvhKfiewQCBz5r4ey5IRM2wR.webp,2026-05-03,OK,,,,,Indiana Fever,5.0,,6.0,Above Avg,0,,,,,,,,,,,,,,,,,,,,,,1,UNSUPPORTED_PROP:pts,4399415.0,UNSUPPORTED_PROP,,,,,,,,19.5,19.5,UNKNOWN,HIGH_VOL,PRIMARY,,
237851,Caitlin Clark,G,IND,DAL,19.0,Points,pts,Standard,11717435,11717435,237851,150721,2026-05-09T13:00:00.000-04:00,,,19.0,0,https://static.prizepicks.com/images/players/NBA/Caitlin_Clark_WNBA_player_QSGioalNHPIX9vjS6b9g2AVO.webp,2026-05-03,OK,,,,,Dallas Wings,3.0,,4.0,Above Avg,0,,,,,,,,,,,,,,,,,,,,,,1,UNSUPPORTED_PROP:pts,4433403.0,UNSUPPORTED_PROP,,,,,,,,19.0,19.0,UNKNOWN,HIGH_VOL,PRIMARY,,
237836,Paige Bueckers,G,DAL,IND,19.0,Points,pts,Standard,11717463,11717463,237836,150721,2026-05-09T13:00:00.000-04:00,,,14.5,0,https://static.prizepicks.com/images/players/NBA/Paige_Bueckers_WNBA_player_9Y8nnqPB9PRhUk1Zb4Mlsb5c.webp,2026-05-03,OK,,,,,Indiana Fever,5.0,,6.0,Above Avg,0,,,,,,,,,,,,,,,,,,,,,,1,UNSUPPORTED_PROP:pts,4433730.0,UNSUPPORTED_PROP,,,,,,,,19.0,19.0,UNKNOWN,HIGH_VOL,PRIMARY,,
315762,Azzi Fudd,G,DAL,IND,17.5,Points,pts,Demon,11717422,11717422,315762,150721,2026-05-09T13:00:00.000-04:00,,,9.5,2,https://static.prizepicks.com/images/manual/Azzi.png,2026-05-03,OK,,,,,Indiana Fever,5.0,,6.0,Above Avg,0,,,,,,,,,,,,,,,,,,,,,,1,UNSUPPORTED_PROP:pts,4433790.0,UNSUPPORTED_PROP,,,,,,,,17.5,17.5,UNKNOWN,HIGH_VOL,PRIMARY,,
237851,Caitlin Clark,G,IND,DAL,17.5,Points,pts,Goblin,11717433,11717433,237851,150721,2026-05-09T13:00:00.000-04:00,,,19.0,1,https://static.prizepicks.com/images/players/NBA/Caitlin_Clark_WNBA_player_QSGioalNHPIX9vjS6b9g2AVO.webp,2026-05-03,OK,,,,,Dallas Wings,3.0,,4.0,Above Avg,0,,,,,,,,,,,,,,,,,,,,,,1,UNSUPPORTED_PROP:pts,4433403.0,UNSUPPORTED_PROP,,,,,,,,17.5,17.5,UNKNOWN,HIGH_VOL,PRIMARY,,
198928,Maddy Siegrist,F,DAL,IND,17.5,Points,pts,Demon,11717451,11717451,198928,150721,2026-05-09T13:00:00.000-04:00,,,,2,https://static.prizepicks.com/images/players/NBA/Maddy_Siegrist_WNBA_player_PvhKfiewQCBz5r4ey5IRM2wR.webp,2026-05-03,OK,,,,,Indiana Fever,5.0,,6.0,Above Avg,0,,,,,,,,,,,,,,,,,,,,,,1,UNSUPPORTED_PROP:pts,4399415.0,UNSUPPORTED_PROP,,,,,,,,17.5,17.5,UNKNOWN,HIGH_VOL,PRIMARY,,
237853,Aliyah Boston,C-F,IND,DAL,15.5,Points,pts,Standard,11717403,11717403,237853,150721,2026-05-09T13:00:00.000-04:00,,,15.5,0,https://static.prizepicks.com/images/players/NBA/Aliyah_Boston_WNBA_player_G6uHubog9X1bQPpQo9lPzFr9.webp,2026-05-03,OK,,,,,Dallas Wings,3.0,,4.0,Above Avg,0,,,,,,,,,,,,,,,,,,,,,,1,UNSUPPORTED_PROP:pts,4432831.0,UNSUPPORTED_PROP,,,,,,,,15.5,15.5,UNKNOWN,HIGH_VOL,PRIMARY,,
237835,Arike Ogunbowale,G,DAL,IND,14.5,Points,pts,Goblin,11717414,11717414,237835,150721,2026-05-09T13:00:00.000-04:00,,,,1,https://static.prizepicks.com/images/players/NBA/Arike_Ogunbowale_WNBA_player_li5EkQnXby20K9Lhu8gX4Ygc.webp,2026-05-03,OK,,,,,Indiana Fever,5.0,,6.0,Above Avg,0,,,,,,,,,,,,,,,,,,,,,,0,,,MISSING_STAT_VALUES,,,,,,,,14.5,14.5,UNKNOWN,HIGH_VOL,PRIMARY,,
315762,Azzi Fudd,G,DAL,IND,14.5,Points,pts,Demon,11717423,11717423,315762,150721,2026-05-09T13:00:00.000-04:00,,,9.5,1,https://static.prizepicks.com/images/manual/Azzi.png,2026-05-03,OK,,,,,Indiana Fever,5.0,,6.0,Above Avg,0,,,,,,,,,,,,,,,,,,,,,,1,UNSUPPORTED_PROP:pts,4433790.0,UNSUPPORTED_PROP,,,,,,,,14.5,14.5,UNKNOWN,HIGH_VOL,PRIMARY,,
237851,Caitlin Clark,G,IND,DAL,14.5,Points,pts,Goblin,11717432,11717432,237851,150721,2026-05-09T13:00:00.000-04:00,,,19.0,2,https://static.prizepicks.com/images/players/NBA/Caitlin_Clark_WNBA_player_QSGioalNHPIX9vjS6b9g2AVO.webp,2026-05-03,OK,,,,,Dallas Wings,3.0,,4.0,Above Avg,0,,,,,,,,,,,,,,,,,,,,,,1,UNSUPPORTED_PROP:pts,4433403.0,UNSUPPORTED_PROP,,,,,,,,14.5,14.5,UNKNOWN,HIGH_VOL,PRIMARY,,
198928,Maddy Siegrist,F,DAL,IND,14.5,Points,pts,Demon,11717450,11717450,198928,150721,2026-05-09T13:00:00.000-04:00,,,,1,https://static.prizepicks.com/images/players/NBA/Maddy_Siegrist_WNBA_player_PvhKfiewQCBz5r4ey5IRM2wR.webp,2026-05-03,OK,,,,,Indiana Fever,5.0,,6.0,Above Avg,0,,,,,,,,,,,,,,,,,,,,,,1,UNSUPPORTED_PROP:pts,4399415.0,UNSUPPORTED_PROP,,,,,,,,14.5,14.5,UNKNOWN,HIGH_VOL,PRIMARY,,
237836,Paige Bueckers,G,DAL,IND,14.5,Points,pts,Goblin,11717461,11717461,237836,150721,2026-05-09T13:00:00.000-04:00,,,14.5,1,https://static.prizepicks.com/images/players/NBA/Paige_Bueckers_WNBA_player_9Y8nnqPB9PRhUk1Zb4Mlsb5c.webp,2026-05-03,OK,,,,,Indiana Fever,5.0,,6.0,Above Avg,0,,,,,,,,,,,,,,,,,,,,,,1,UNSUPPORTED_PROP:pts,4433730.0,UNSUPPORTED_PROP,,,,,,,,14.5,14.5,UNKNOWN,HIGH_VOL,PRIMARY,,
315762,Azzi Fudd,G,DAL,IND,12.5,Points,pts,Standard,11717425,11717425,315762,150721,2026-05-09T13:00:00.000-04:00,,,9.5,0,https://static.prizepicks.com/images/manual/Azzi.png,2026-05-03,OK,,,,,Indiana Fever,5.0,,6.0,Above Avg,0,,,,,,,,,,,,,,,,,,,,,,1,UNSUPPORTED_PROP:pts,4433790.0,UNSUPPORTED_PROP,,,,,,,,12.5,12.5,UNKNOWN,MID_VOL,SECONDARY,,
237853,Aliyah Boston,C-F,IND,DAL,11.5,Rebounds,reb,Demon,11717406,11717406,237853,150721,2026-05-09T13:00:00.000-04:00,,,,2,https://static.prizepicks.com/images/players/NBA/Aliyah_Boston_WNBA_player_G6uHubog9X1bQPpQo9lPzFr9.webp,2026-05-03,OK,,,,,Dallas Wings,3.0,,4.0,Above Avg,0,,,,,,,,,,,,,,,,,,,,,,1,UNSUPPORTED_PROP:reb,4432831.0,UNSUPPORTED_PROP,,,,,,,,11.5,11.5,UNKNOWN,MID_VOL,SECONDARY,,
315762,Azzi Fudd,G,DAL,IND,11.5,Points,pts,Goblin,11717421,11717421,315762,150721,2026-05-09T13:00:00.000-04:00,,,9.5,1,https://static.prizepicks.com/images/manual/Azzi.png,2026-05-03,OK,,,,,Indiana Fever,5.0,,6.0,Above Avg,0,,,,,,,,,,,,,,,,,,,,,,1,UNSUPPORTED_PROP:pts,4433790.0,UNSUPPORTED_PROP,,,,,,,,11.5,11.5,UNKNOWN,MID_VOL,SECONDARY,,
237851,Caitlin Clark,G,IND,DAL,11.5,Assists,ast,Demon,11717430,11717430,237851,150721,2026-05-09T13:00:00.000-04:00,,,,2,https://static.prizepicks.com/images/players/NBA/Caitlin_Clark_WNBA_player_QSGioalNHPIX9vjS6b9g2AVO.webp,2026-05-03,OK,,,,,Dallas Wings,3.0,,4.0,Above Avg,0,,,,,,,,,,,,,,,,,,,,,,1,UNSUPPORTED_PROP:ast,4433403.0,UNSUPPORTED_PROP,,,,,,,,11.5,11.5,UNKNOWN,MID_VOL,SECONDARY,,
198928,Maddy Siegrist,F,DAL,IND,11.5,Points,pts,Goblin,11717449,11717449,198928,150721,2026-05-09T13:00:00.000-04:00,,,,1,https://static.prizepicks.com/images/players/NBA/Maddy_Siegrist_WNBA_player_PvhKfiewQCBz5r4ey5IRM2wR.webp,2026-05-03,OK,,,,,Indiana Fever,5.0,,6.0,Above Avg,0,,,,,,,,,,,,,,,,,,,,,,1,UNSUPPORTED_PROP:pts,4399415.0,UNSUPPORTED_PROP,,,,,,,,11.5,11.5,UNKNOWN,MID_VOL,SECONDARY,,
237853,Aliyah Boston,C-F,IND,DAL,9.5,Rebounds,reb,Demon,11717405,11717405,237853,150721,2026-05-09T13:00:00.000-04:00,,,,1,https://static.prizepicks.com/images/players/NBA/Aliyah_Boston_WNBA_player_G6uHubog9X1bQPpQo9lPzFr9.webp,2026-05-03,OK,,,,,Dallas Wings,3.0,,4.0,Above Avg,0,,,,,,,,,,,,,,,,,,,,,,1,UNSUPPORTED_PROP:reb,4432831.0,UNSUPPORTED_PROP,,,,,,,,9.5,9.5,UNKNOWN,MID_VOL,SECONDARY,,
315762,Azzi Fudd,G,DAL,IND,9.5,Points,pts,Goblin,11717420,11717420,315762,150721,2026-05-09T13:00:00.000-04:00,,,9.5,2,https://static.prizepicks.com/images/manual/Azzi.png,2026-05-03,OK,,,,,Indiana Fever,5.0,,6.0,Above Avg,0,,,,,,,,,,,,,,,,,,,,,,1,UNSUPPORTED_PROP:pts,4433790.0,UNSUPPORTED_PROP,,,,,,,,9.5,9.5,UNKNOWN,MID_VOL,SECONDARY,,
237851,Caitlin Clark,G,IND,DAL,9.5,Assists,ast,Demon,11717431,11717431,237851,150721,2026-05-09T13:00:00.000-04:00,,,,1,https://static.prizepicks.com/images/players/NBA/Caitlin_Clark_WNBA_player_QSGioalNHPIX9vjS6b9g2AVO.webp,2026-05-03,OK,,,,,Dallas Wings,3.0,,4.0,Above Avg,0,,,,,,,,,,,,,,,,,,,,,,1,UNSUPPORTED_PROP:ast,4433403.0,UNSUPPORTED_PROP,,,,,,,,9.5,9.5,UNKNOWN,MID_VOL,SECONDARY,,
198928,Maddy Siegrist,F,DAL,IND,9.5,Points,pts,Goblin,11717447,11717447,198928,150721,2026-05-09T13:00:00.000-04:00,,,,2,https://static.prizepicks.com/images/players/NBA/Maddy_Siegrist_WNBA_player_PvhKfiewQCBz5r4ey5IRM2wR.webp,2026-05-03,OK,,,,,Indiana Fever,5.0,,6.0,Above Avg,0,,,,,,,,,,,,,,,,,,,,,,1,UNSUPPORTED_PROP:pts,4399415.0,UNSUPPORTED_PROP,,,,,,,,9.5,9.5,UNKNOWN,MID_VOL,SECONDARY,,
237851,Caitlin Clark,G,IND,DAL,8.5,Rebounds,reb,Demon,11717440,11717440,237851,150721,2026-05-09T13:00:00.000-04:00,,,,3,https://static.prizepicks.com/images/players/NBA/Caitlin_Clark_WNBA_player_QSGioalNHPIX9vjS6b9g2AVO.webp,2026-05-03,OK,,,,,Dallas Wings,3.0,,4.0,Above Avg,0,,,,,,,,,,,,,,,,,,,,,,1,UNSUPPORTED_PROP:reb,4433403.0,UNSUPPORTED_PROP,,,,,,,,8.5,8.5,UNKNOWN,MID_VOL,SECONDARY,,
237836,Paige Bueckers,G,DAL,IND,8.5,Assists,ast,Demon,11717460,11717460,237836,150721,2026-05-09T13:00:00.000-04:00,,,3.5,3,https://static.prizepicks.com/images/players/NBA/Paige_Bueckers_WNBA_player_9Y8nnqPB9PRhUk1Zb4Mlsb5c.webp,2026-05-03,OK,,,,,Indiana Fever,5.0,,6.0,Above Avg,0,,,,,,,,,,,,,,,,,,,,,,1,UNSUPPORTED_PROP:ast,4433730.0,UNSUPPORTED_PROP,,,,,,,,8.5,8.5,UNKNOWN,MID_VOL,SECONDARY,,
237853,Aliyah Boston,C-F,IND,DAL,7.5,Rebounds,reb,Goblin,11717404,11717404,237853,150721,2026-05-09T13:00:00.000-04:00,,,,1,https://static.prizepicks.com/images/players/NBA/Aliyah_Boston_WNBA_player_G6uHubog9X1bQPpQo9lPzFr9.webp,2026-05-03,OK,,,,,Dallas Wings,3.0,,4.0,Above Avg,0,,,,,,,,,,,,,,,,,,,,,,1,UNSUPPORTED_PROP:reb,4432831.0,UNSUPPORTED_PROP,,,,,,,,7.5,7.5,UNKNOWN,LOW_VOL,SECONDARY,,
237835,Arike Ogunbowale,G,DAL,IND,7.5,Assists,ast,Demon,11717413,11717413,237835,150721,2026-05-09T13:00:00.000-04:00,,,,3,https://static.prizepicks.com/images/players/NBA/Arike_Ogunbowale_WNBA_player_li5EkQnXby20K9Lhu8gX4Ygc.webp,2026-05-03,OK,,,,,Indiana Fever,5.0,,6.0,Above Avg,0,,,,,,,,,,,,,,,,,,,,,,0,,,MISSING_STAT_VALUES,,,,,,,,7.5,7.5,UNKNOWN,LOW_VOL,SECONDARY,,
237851,Caitlin Clark,G,IND,DAL,7.5,Assists,ast,Goblin,11717429,11717429,237851,150721,2026-05-09T13:00:00.000-04:00,,,,1,https://static.prizepicks.com/images/players/NBA/Caitlin_Clark_WNBA_player_QSGioalNHPIX9vjS6b9g2AVO.webp,2026-05-03,OK,,,,,Dallas Wings,3.0,,4.0,Above Avg,0,,,,,,,,,,,,,,,,,,,,,,1,UNSUPPORTED_PROP:ast,4433403.0,UNSUPPORTED_PROP,,,,,,,,7.5,7.5,UNKNOWN,LOW_VOL,SECONDARY,,
237851,Caitlin Clark,G,IND,DAL,7.5,Rebounds,reb,Demon,11717439,11717439,237851,150721,2026-05-09T13:00:00.000-04:00,,,,2,https://static.prizepicks.com/images/players/NBA/Caitlin_Clark_WNBA_player_QSGioalNHPIX9vjS6b9g2AVO.webp,2026-05-03,OK,,,,,Dallas Wings,3.0,,4.0,Above Avg,0,,,,,,,,,,,,,,,,,,,,,,1,UNSUPPORTED_PROP:reb,4433403.0,UNSUPPORTED_PROP,,,,,,,,7.5,7.5,UNKNOWN,LOW_VOL,SECONDARY,,
237836,Paige Bueckers,G,DAL,IND,7.5,Assists,ast,Demon,11717459,11717459,237836,150721,2026-05-09T13:00:00.000-04:00,,,3.5,2,https://static.prizepicks.com/images/players/NBA/Paige_Bueckers_WNBA_player_9Y8nnqPB9PRhUk1Zb4Mlsb5c.webp,2026-05-03,OK,,,,,Indiana Fever,5.0,,6.0,Above Avg,0,,,,,,,,,,,,,,,,,,,,,,1,UNSUPPORTED_PROP:ast,4433730.0,UNSUPPORTED_PROP,,,,,,,,7.5,7.5,UNKNOWN,LOW_VOL,SECONDARY,,
237835,Arike Ogunbowale,G,DAL,IND,6.5,Assists,ast,Demon,11717412,11717412,237835,150721,2026-05-09T13:00:00.000-04:00,,,,2,https://static.prizepicks.com/images/players/NBA/Arike_Ogunbowale_WNBA_player_li5EkQnXby20K9Lhu8gX4Ygc.webp,2026-05-03,OK,,,,,Indiana Fever,5.0,,6.0,Above Avg,0,,,,,,,,,,,,,,,,,,,,,,0,,,MISSING_STAT_VALUES,,,,,,,,6.5,6.5,UNKNOWN,LOW_VOL,SUPPORT,,
237851,Caitlin Clark,G,IND,DAL,6.5,Rebounds,reb,Demon,11717438,11717438,237851,150721,2026-05-09T13:00:00.000-04:00,,,,1,https://static.prizepicks.com/images/players/NBA/Caitlin_Clark_WNBA_player_QSGioalNHPIX9vjS6b9g2AVO.webp,2026-05-03,OK,,,,,Dallas Wings,3.0,,4.0,Above Avg,0,,,,,,,,,,,,,,,,,,,,,,1,UNSUPPORTED_PROP:reb,4433403.0,UNSUPPORTED_PROP,,,,,,,,6.5,6.5,UNKNOWN,LOW_VOL,SUPPORT,,
237836,Paige Bueckers,G,DAL,IND,6.5,Assists,ast,Demon,11717458,11717458,237836,150721,2026-05-09T13:00:00.000-04:00,,,3.5,1,https://static.prizepicks.com/images/players/NBA/Paige_Bueckers_WNBA_player_9Y8nnqPB9PRhUk1Zb4Mlsb5c.webp,2026-05-03,OK,,,,,Indiana Fever,5.0,,6.0,Above Avg,0,,,,,,,,,,,,,,,,,,,,,,1,UNSUPPORTED_PROP:ast,4433730.0,UNSUPPORTED_PROP,,,,,,,,6.5,6.5,UNKNOWN,LOW_VOL,SUPPORT,,
237836,Paige Bueckers,G,DAL,IND,6.5,Rebounds,reb,Demon,11717465,11717465,237836,150721,2026-05-09T13:00:00.000-04:00,,,,2,https://static.prizepicks.com/images/players/NBA/Paige_Bueckers_WNBA_player_9Y8nnqPB9PRhUk1Zb4Mlsb5c.webp,2026-05-03,OK,,,,,Indiana Fever,5.0,,6.0,Above Avg,0,,,,,,,,,,,,,,,,,,,,,,1,UNSUPPORTED_PROP:reb,4433730.0,UNSUPPORTED_PROP,,,,,,,,6.5,6.5,UNKNOWN,LOW_VOL,SUPPORT,,
237853,Aliyah Boston,C-F,IND,DAL,5.5,Assists,ast,Demon,11717399,11717399,237853,150721,2026-05-09T13:00:00.000-04:00,,,,1,https://static.prizepicks.com/images/players/NBA/Aliyah_Boston_WNBA_player_G6uHubog9X1bQPpQo9lPzFr9.webp,2026-05-03,OK,,,,,Dallas Wings,3.0,,4.0,Above Avg,0,,,,,,,,,,,,,,,,,,,,,,1,UNSUPPORTED_PROP:ast,4432831.0,UNSUPPORTED_PROP,,,,,,,,5.5,5.5,UNKNOWN,LOW_VOL,SUPPORT,,
237835,Arike Ogunbowale,G,DAL,IND,5.5,Assists,ast,Demon,11717411,11717411,237835,150721,2026-05-09T13:00:00.000-04:00,,,,1,https://static.prizepicks.com/images/players/NBA/Arike_Ogunbowale_WNBA_player_li5EkQnXby20K9Lhu8gX4Ygc.webp,2026-05-03,OK,,,,,Indiana Fever,5.0,,6.0,Above Avg,0,,,,,,,,,,,,,,,,,,,,,,0,,,MISSING_STAT_VALUES,,,,,,,,5.5,5.5,UNKNOWN,LOW_VOL,SUPPORT,,
237836,Paige Bueckers,G,DAL,IND,5.5,Rebounds,reb,Demon,11717464,11717464,237836,150721,2026-05-09T13:00:00.000-04:00,,,,1,https://static.prizepicks.com/images/players/NBA/Paige_Bueckers_WNBA_player_9Y8nnqPB9PRhUk1Zb4Mlsb5c.webp,2026-05-03,OK,,,,,Indiana Fever,5.0,,6.0,Above Avg,0,,,,,,,,,,,,,,,,,,,,,,1,UNSUPPORTED_PROP:reb,4433730.0,UNSUPPORTED_PROP,,,,,,,,5.5,5.5,UNKNOWN,LOW_VOL,SUPPORT,,
237851,Caitlin Clark,G,IND,DAL,4.5,3-PT Made,3ptmade,Demon,11717428,11717428,237851,150721,2026-05-09T13:00:00.000-04:00,,,,2,https://static.prizepicks.com/images/players/NBA/Caitlin_Clark_WNBA_player_QSGioalNHPIX9vjS6b9g2AVO.webp,2026-05-03,OK,,,,,Dallas Wings,3.0,,4.0,Above Avg,0,,,,,,,,,,,,,,,,,,,,,,1,UNSUPPORTED_PROP:3ptmade,4433403.0,UNSUPPORTED_PROP,,,,,,,,4.5,4.5,UNKNOWN,LOW_VOL,SUPPORT,,
237851,Caitlin Clark,G,IND,DAL,4.5,Rebounds,reb,Goblin,11717436,11717436,237851,150721,2026-05-09T13:00:00.000-04:00,,,,1,https://static.prizepicks.com/images/players/NBA/Caitlin_Clark_WNBA_player_QSGioalNHPIX9vjS6b9g2AVO.webp,2026-05-03,OK,,,,,Dallas Wings,3.0,,4.0,Above Avg,0,,,,,,,,,,,,,,,,,,,,,,1,UNSUPPORTED_PROP:reb,4433403.0,UNSUPPORTED_PROP,,,,,,,,4.5,4.5,UNKNOWN,LOW_VOL,SUPPORT,,
237852,Kelsey Mitchell,G,IND,DAL,4.5,3-PT Made,3ptmade,Demon,11717443,11717443,237852,150721,2026-05-09T13:00:00.000-04:00,,,,2,https://static.prizepicks.com/images/players/NBA/Kelsey_Mitchell_WNBA_player_EIjpvNmrTSUtZ3DS46UvarB1.webp,2026-05-03,OK,,,,,Dallas Wings,3.0,,4.0,Above Avg,0,,,,,,,,,,,,,,,,,,,,,,1,UNSUPPORTED_PROP:3ptmade,3142191.0,UNSUPPORTED_PROP,,,,,,,,4.5,4.5,UNKNOWN,LOW_VOL,SUPPORT,,
237836,Paige Bueckers,G,DAL,IND,4.5,Assists,ast,Goblin,11717456,11717456,237836,150721,2026-05-09T13:00:00.000-04:00,,,3.5,1,https://static.prizepicks.com/images/players/NBA/Paige_Bueckers_WNBA_player_9Y8nnqPB9PRhUk1Zb4Mlsb5c.webp,2026-05-03,OK,,,,,Indiana Fever,5.0,,6.0,Above Avg,0,,,,,,,,,,,,,,,,,,,,,,1,UNSUPPORTED_PROP:ast,4433730.0,UNSUPPORTED_PROP,,,,,,,,4.5,4.5,UNKNOWN,LOW_VOL,SUPPORT,,
237835,Arike Ogunbowale,G,DAL,IND,3.5,3-PT Made,3ptmade,Demon,11717409,11717409,237835,150721,2026-05-09T13:00:00.000-04:00,,,,2,https://static.prizepicks.com/images/players/NBA/Arike_Ogunbowale_WNBA_player_li5EkQnXby20K9Lhu8gX4Ygc.webp,2026-05-03,OK,,,,,Indiana Fever,5.0,,6.0,Above Avg,0,,,,,,,,,,,,,,,,,,,,,,0,,,MISSING_STAT_VALUES,,,,,,,,3.5,3.5,UNKNOWN,LOW_VOL,SUPPORT,,
237835,Arike Ogunbowale,G,DAL,IND,3.5,Assists,ast,Goblin,11717410,11717410,237835,150721,2026-05-09T13:00:00.000-04:00,,,,1,https://static.prizepicks.com/images/players/NBA/Arike_Ogunbowale_WNBA_player_li5EkQnXby20K9Lhu8gX4Ygc.webp,2026-05-03,OK,,,,,Indiana Fever,5.0,,6.0,Above Avg,0,,,,,,,,,,,,,,,,,,,,,,0,,,MISSING_STAT_VALUES,,,,,,,,3.5,3.5,UNKNOWN,LOW_VOL,SUPPORT,,
237851,Caitlin Clark,G,IND,DAL,3.5,3-PT Made,3ptmade,Demon,11717427,11717427,237851,150721,2026-05-09T13:00:00.000-04:00,,,,1,https://static.prizepicks.com/images/players/NBA/Caitlin_Clark_WNBA_player_QSGioalNHPIX9vjS6b9g2AVO.webp,2026-05-03,OK,,,,,Dallas Wings,3.0,,4.0,Above Avg,0,,,,,,,,,,,,,,,,,,,,,,1,UNSUPPORTED_PROP:3ptmade,4433403.0,UNSUPPORTED_PROP,,,,,,,,3.5,3.5,UNKNOWN,LOW_VOL,SUPPORT,,
237851,Caitlin Clark,G,IND,DAL,3.5,Rebounds,reb,Goblin,11717437,11717437,237851,150721,2026-05-09T13:00:00.000-04:00,,,,2,https://static.prizepicks.com/images/players/NBA/Caitlin_Clark_WNBA_player_QSGioalNHPIX9vjS6b9g2AVO.webp,2026-05-03,OK,,,,,Dallas Wings,3.0,,4.0,Above Avg,0,,,,,,,,,,,,,,,,,,,,,,1,UNSUPPORTED_PROP:reb,4433403.0,UNSUPPORTED_PROP,,,,,,,,3.5,3.5,UNKNOWN,LOW_VOL,SUPPORT,,
237852,Kelsey Mitchell,G,IND,DAL,3.5,3-PT Made,3ptmade,Demon,11717442,11717442,237852,150721,2026-05-09T13:00:00.000-04:00,,,,1,https://static.prizepicks.com/images/players/NBA/Kelsey_Mitchell_WNBA_player_EIjpvNmrTSUtZ3DS46UvarB1.webp,2026-05-03,OK,,,,,Dallas Wings,3.0,,4.0,Above Avg,0,,,,,,,,,,,,,,,,,,,,,,1,UNSUPPORTED_PROP:3ptmade,3142191.0,UNSUPPORTED_PROP,,,,,,,,3.5,3.5,UNKNOWN,LOW_VOL,SUPPORT,,
237836,Paige Bueckers,G,DAL,IND,3.5,Assists,ast,Goblin,11717457,11717457,237836,150721,2026-05-09T13:00:00.000-04:00,,,3.5,2,https://static.prizepicks.com/images/players/NBA/Paige_Bueckers_WNBA_player_9Y8nnqPB9PRhUk1Zb4Mlsb5c.webp,2026-05-03,OK,,,,,Indiana Fever,5.0,,6.0,Above Avg,0,,,,,,,,,,,,,,,,,,,,,,1,UNSUPPORTED_PROP:ast,4433730.0,UNSUPPORTED_PROP,,,,,,,,3.5,3.5,UNKNOWN,LOW_VOL,SUPPORT,,
237836,Paige Bueckers,G,DAL,IND,3.5,Rebounds,reb,Goblin,11739850,11739850,237836,150721,2026-05-09T13:00:00.000-04:00,,,,1,https://static.prizepicks.com/images/players/NBA/Paige_Bueckers_WNBA_player_9Y8nnqPB9PRhUk1Zb4Mlsb5c.webp,2026-05-03,OK,,,,,Indiana Fever,5.0,,6.0,Above Avg,0,,,,,,,,,,,,,,,,,,,,,,1,UNSUPPORTED_PROP:reb,4433730.0,UNSUPPORTED_PROP,,,,,,,,3.5,3.5,UNKNOWN,LOW_VOL,SUPPORT,,
237835,Arike Ogunbowale,G,DAL,IND,2.5,3-PT Made,3ptmade,Demon,11717408,11717408,237835,150721,2026-05-09T13:00:00.000-04:00,,,,1,https://static.prizepicks.com/images/players/NBA/Arike_Ogunbowale_WNBA_player_li5EkQnXby20K9Lhu8gX4Ygc.webp,2026-05-03,OK,,,,,Indiana Fever,5.0,,6.0,Above Avg,0,,,,,,,,,,,,,,,,,,,,,,0,,,MISSING_STAT_VALUES,,,,,,,,2.5,2.5,UNKNOWN,LOW_VOL,SUPPORT,,
237851,Caitlin Clark,G,IND,DAL,2.5,3-PT Made,3ptmade,Goblin,11717426,11717426,237851,150721,2026-05-09T13:00:00.000-04:00,,,,1,https://static.prizepicks.com/images/players/NBA/Caitlin_Clark_WNBA_player_QSGioalNHPIX9vjS6b9g2AVO.webp,2026-05-03,OK,,,,,Dallas Wings,3.0,,4.0,Above Avg,0,,,,,,,,,,,,,,,,,,,,,,1,UNSUPPORTED_PROP:3ptmade,4433403.0,UNSUPPORTED_PROP,,,,,,,,2.5,2.5,UNKNOWN,LOW_VOL,SUPPORT,,
237836,Paige Bueckers,G,DAL,IND,2.5,3-PT Made,3ptmade,Demon,11717455,11717455,237836,150721,2026-05-09T13:00:00.000-04:00,,,,2,https://static.prizepicks.com/images/players/NBA/Paige_Bueckers_WNBA_player_9Y8nnqPB9PRhUk1Zb4Mlsb5c.webp,2026-05-03,OK,,,,,Indiana Fever,5.0,,6.0,Above Avg,0,,,,,,,,,,,,,,,,,,,,,,1,UNSUPPORTED_PROP:3ptmade,4433730.0,UNSUPPORTED_PROP,,,,,,,,2.5,2.5,UNKNOWN,LOW_VOL,SUPPORT,,
237835,Arike Ogunbowale,G,DAL,IND,1.5,3-PT Made,3ptmade,Goblin,11717407,11717407,237835,150721,2026-05-09T13:00:00.000-04:00,,,,1,https://static.prizepicks.com/images/players/NBA/Arike_Ogunbowale_WNBA_player_li5EkQnXby20K9Lhu8gX4Ygc.webp,2026-05-03,OK,,,,,Indiana Fever,5.0,,6.0,Above Avg,0,,,,,,,,,,,,,,,,,,,,,,0,,,MISSING_STAT_VALUES,,,,,,,,1.5,1.5,UNKNOWN,LOW_VOL,SUPPORT,,
237852,Kelsey Mitchell,G,IND,DAL,1.5,3-PT Made,3ptmade,Goblin,11717441,11717441,237852,150721,2026-05-09T13:00:00.000-04:00,,,,1,https://static.prizepicks.com/images/players/NBA/Kelsey_Mitchell_WNBA_player_EIjpvNmrTSUtZ3DS46UvarB1.webp,2026-05-03,OK,,,,,Dallas Wings,3.0,,4.0,Above Avg,0,,,,,,,,,,,,,,,,,,,,,,1,UNSUPPORTED_PROP:3ptmade,3142191.0,UNSUPPORTED_PROP,,,,,,,,1.5,1.5,UNKNOWN,LOW_VOL,SUPPORT,,
237836,Paige Bueckers,G,DAL,IND,1.5,3-PT Made,3ptmade,Demon,11717454,11717454,237836,150721,2026-05-09T13:00:00.000-04:00,,,,1,https://static.prizepicks.com/images/players/NBA/Paige_Bueckers_WNBA_player_9Y8nnqPB9PRhUk1Zb4Mlsb5c.webp,2026-05-03,OK,,,,,Indiana Fever,5.0,,6.0,Above Avg,0,,,,,,,,,,,,,,,,,,,,,,1,UNSUPPORTED_PROP:3ptmade,4433730.0,UNSUPPORTED_PROP,,,,,,,,1.5,1.5,UNKNOWN,LOW_VOL,SUPPORT,,
237851,Caitlin Clark,G,IND,DAL,1.5,3-PT Made,3ptmade,Goblin,11792878,11792878,237851,150721,2026-05-09T13:00:00.000-04:00,,,,2,https://static.prizepicks.com/images/players/NBA/Caitlin_Clark_WNBA_player_QSGioalNHPIX9vjS6b9g2AVO.webp,2026-05-03,OK,,,,,Dallas Wings,3.0,,4.0,Above Avg,0,,,,,,,,,,,,,,,,,,,,,,1,UNSUPPORTED_PROP:3ptmade,4433403.0,UNSUPPORTED_PROP,,,,,,,,1.5,1.5,UNKNOWN,LOW_VOL,SUPPORT,,
237853,Aliyah Boston,C-F,IND,DAL,0.5,Double-Double,doubledouble,Demon,11717401,11717401,237853,150721,2026-05-09T13:00:00.000-04:00,,,,1,https://static.prizepicks.com/images/players/NBA/Aliyah_Boston_WNBA_player_G6uHubog9X1bQPpQo9lPzFr9.webp,2026-05-03,OK,,,,,Dallas Wings,3.0,,4.0,Above Avg,0,,,,,,,,,,,,,,,,,,,,,,1,UNSUPPORTED_PROP:doubledouble,4432831.0,UNSUPPORTED_PROP,,,,,,,,0.5,0.5,UNKNOWN,LOW_VOL,SUPPORT,,
237836,Paige Bueckers,G,DAL,IND,0.5,3-PT Made,3ptmade,Goblin,11717453,11717453,237836,150721,2026-05-09T13:00:00.000-04:00,,,,1,https://static.prizepicks.com/images/players/NBA/Paige_Bueckers_WNBA_player_9Y8nnqPB9PRhUk1Zb4Mlsb5c.webp,2026-05-03,OK,,,,,Indiana Fever,5.0,,6.0,Above Avg,0,,,,,,,,,,,,,,,,,,,,,,1,UNSUPPORTED_PROP:3ptmade,4433730.0,UNSUPPORTED_PROP,,,,,,,,0.5,0.5,UNKNOWN,LOW_VOL,SUPPORT,,
237843,A'ja Wilson,C,LVA,PHX,23.5,Points,pts,Standard,11844699,11844699,237843,150722,2026-05-09T15:30:00.000-04:00,,,15.5,0,https://static.prizepicks.com/images/players/NBA/A'ja_Wilson_WNBA_player_e1fzWnin9JBoRKYaugxyyP08.webp,2026-05-03,OK,,,,,Phoenix Mercury,11.0,,11.0,Below Avg,0,,,,,,,,,,,,,,,,,,,,,,1,UNSUPPORTED_PROP:pts,3149391.0,UNSUPPORTED_PROP,,,,,,,,23.5,23.5,UNKNOWN,HIGH_VOL,PRIMARY,,
237843,A'ja Wilson,C,LVA,PHX,10.5,Rebounds,reb,Standard,11844701,11844701,237843,150722,2026-05-09T15:30:00.000-04:00,,,7.5,0,https://static.prizepicks.com/images/players/NBA/A'ja_Wilson_WNBA_player_e1fzWnin9JBoRKYaugxyyP08.webp,2026-05-03,OK,,,,,Phoenix Mercury,11.0,,11.0,Below Avg,0,,,,,,,,,,,,,,,,,,,,,,1,UNSUPPORTED_PROP:reb,3149391.0,UNSUPPORTED_PROP,,,,,,,,10.5,10.5,UNKNOWN,MID_VOL,SECONDARY,,
237843,A'ja Wilson,C,LVA,PHX,34.5,Points,pts,Demon,11717473,11717473,237843,150722,2026-05-09T15:30:00.000-04:00,,,15.5,2,https://static.prizepicks.com/images/players/NBA/A'ja_Wilson_WNBA_player_e1fzWnin9JBoRKYaugxyyP08.webp,2026-05-03,OK,,,,,Phoenix Mercury,11.0,,11.0,Below Avg,0,,,,,,,,,,,,,,,,,,,,,,1,UNSUPPORTED_PROP:pts,3149391.0,UNSUPPORTED_PROP,,,,,,,,34.5,34.5,UNKNOWN,HIGH_VOL,PRIMARY,,
237843,A'ja Wilson,C,LVA,PHX,29.5,Points,pts,Demon,11717472,11717472,237843,150722,2026-05-09T15:30:00.000-04:00,,,15.5,1,https://static.prizepicks.com/images/players/NBA/A'ja_Wilson_WNBA_player_e1fzWnin9JBoRKYaugxyyP08.webp,2026-05-03,OK,,,,,Phoenix Mercury,11.0,,11.0,Below Avg,0,,,,,,,,,,,,,,,,,,,,,,1,UNSUPPORTED_PROP:pts,3149391.0,UNSUPPORTED_PROP,,,,,,,,29.5,29.5,UNKNOWN,HIGH_VOL,PRIMARY,,
237846,Jackie Young,G,LVA,PHX,24.5,Points,pts,Demon,11717504,11717504,237846,150722,2026-05-09T15:30:00.000-04:00,,,,2,https://static.prizepicks.com/images/players/NBA/Jackie_Young_WNBA_player_xMYZ7NbkZrdioerQcMdWBKG9.webp,2026-05-03,OK,,,,,Phoenix Mercury,11.0,,11.0,Below Avg,0,,,,,,,,,,,,,,,,,,,,,,1,UNSUPPORTED_PROP:pts,4065870.0,UNSUPPORTED_PROP,,,,,,,,24.5,24.5,UNKNOWN,HIGH_VOL,PRIMARY,,
237843,A'ja Wilson,C,LVA,PHX,19.5,Points,pts,Goblin,11717471,11717471,237843,150722,2026-05-09T15:30:00.000-04:00,,,15.5,1,https://static.prizepicks.com/images/players/NBA/A'ja_Wilson_WNBA_player_e1fzWnin9JBoRKYaugxyyP08.webp,2026-05-03,OK,,,,,Phoenix Mercury,11.0,,11.0,Below Avg,0,,,,,,,,,,,,,,,,,,,,,,1,UNSUPPORTED_PROP:pts,3149391.0,UNSUPPORTED_PROP,,,,,,,,19.5,19.5,UNKNOWN,HIGH_VOL,PRIMARY,,
237863,Alyssa Thomas,F,PHX,LVA,19.5,Points,pts,Demon,11717486,11717486,237863,150722,2026-05-09T15:30:00.000-04:00,,,,2,https://static.prizepicks.com/images/players/NBA/Alyssa_Thomas_WNBA_player_c83t6yiGUdTaX15qhECRPsSg.webp,2026-05-03,OK,,,,,,,,,,0,,,,,,,,,,,,,,,,,,,,,,1,UNSUPPORTED_PROP:pts,2529140.0,UNSUPPORTED_PROP,,,,,,,,19.5,19.5,UNKNOWN,HIGH_VOL,PRIMARY,,
237846,Jackie Young,G,LVA,PHX,19.5,Points,pts,Demon,11717503,11717503,237846,150722,2026-05-09T15:30:00.000-04:00,,,,1,https://static.prizepicks.com/images/players/NBA/Jackie_Young_WNBA_player_xMYZ7NbkZrdioerQcMdWBKG9.webp,2026-05-03,OK,,,,,Phoenix Mercury,11.0,,11.0,Below Avg,0,,,,,,,,,,,,,,,,,,,,,,1,UNSUPPORTED_PROP:pts,4065870.0,UNSUPPORTED_PROP,,,,,,,,19.5,19.5,UNKNOWN,HIGH_VOL,PRIMARY,,
237863,Alyssa Thomas,F,PHX,LVA,17.5,Points,pts,Demon,11717487,11717487,237863,150722,2026-05-09T15:30:00.000-04:00,,,,1,https://static.prizepicks.com/images/players/NBA/Alyssa_Thomas_WNBA_player_c83t6yiGUdTaX15qhECRPsSg.webp,2026-05-03,OK,,,,,,,,,,0,,,,,,,,,,,,,,,,,,,,,,1,UNSUPPORTED_PROP:pts,2529140.0,UNSUPPORTED_PROP,,,,,,,,17.5,17.5,UNKNOWN,HIGH_VOL,PRIMARY,,
237846,Jackie Young,G,LVA,PHX,14.5,Points,pts,Goblin,11717502,11717502,237846,150722,2026-05-09T15:30:00.000-04:00,,,,1,https://static.prizepicks.com/images/players/NBA/Jackie_Young_WNBA_player_xMYZ7NbkZrdioerQcMdWBKG9.webp,2026-05-03,OK,,,,,Phoenix Mercury,11.0,,11.0,Below Avg,0,,,,,,,,,,,,,,,,,,,,,,1,UNSUPPORTED_PROP:pts,4065870.0,UNSUPPORTED_PROP,,,,,,,,14.5,14.5,UNKNOWN,HIGH_VOL,PRIMARY,,
237843,A'ja Wilson,C,LVA,PHX,13.5,Rebounds,reb,Demon,11717477,11717477,237843,150722,2026-05-09T15:30:00.000-04:00,,,7.5,3,https://static.prizepicks.com/images/players/NBA/A'ja_Wilson_WNBA_player_e1fzWnin9JBoRKYaugxyyP08.webp,2026-05-03,OK,,,,,Phoenix Mercury,11.0,,11.0,Below Avg,0,,,,,,,,,,,,,,,,,,,,,,1,UNSUPPORTED_PROP:reb,3149391.0,UNSUPPORTED_PROP,,,,,,,,13.5,13.5,UNKNOWN,MID_VOL,PRIMARY,,
237843,A'ja Wilson,C,LVA,PHX,12.5,Rebounds,reb,Demon,11717476,11717476,237843,150722,2026-05-09T15:30:00.000-04:00,,,7.5,2,https://static.prizepicks.com/images/players/NBA/A'ja_Wilson_WNBA_player_e1fzWnin9JBoRKYaugxyyP08.webp,2026-05-03,OK,,,,,Phoenix Mercury,11.0,,11.0,Below Avg,0,,,,,,,,,,,,,,,,,,,,,,1,UNSUPPORTED_PROP:reb,3149391.0,UNSUPPORTED_PROP,,,,,,,,12.5,12.5,UNKNOWN,MID_VOL,SECONDARY,,
237863,Alyssa Thomas,F,PHX,LVA,12.5,Rebounds,reb,Demon,11717493,11717493,237863,150722,2026-05-09T15:30:00.000-04:00,,,,3,https://static.prizepicks.com/images/players/NBA/Alyssa_Thomas_WNBA_player_c83t6yiGUdTaX15qhECRPsSg.webp,2026-05-03,OK,,,,,,,,,,0,,,,,,,,,,,,,,,,,,,,,,1,UNSUPPORTED_PROP:reb,2529140.0,UNSUPPORTED_PROP,,,,,,,,12.5,12.5,UNKNOWN,MID_VOL,SECONDARY,,
237843,A'ja Wilson,C,LVA,PHX,11.5,Rebounds,reb,Demon,11717478,11717478,237843,150722,2026-05-09T15:30:00.000-04:00,,,7.5,1,https://static.prizepicks.com/images/players/NBA/A'ja_Wilson_WNBA_player_e1fzWnin9JBoRKYaugxyyP08.webp,2026-05-03,OK,,,,,Phoenix Mercury,11.0,,11.0,Below Avg,0,,,,,,,,,,,,,,,,,,,,,,1,UNSUPPORTED_PROP:reb,3149391.0,UNSUPPORTED_PROP,,,,,,,,11.5,11.5,UNKNOWN,MID_VOL,SECONDARY,,
237863,Alyssa Thomas,F,PHX,LVA,11.5,Assists,ast,Demon,11717482,11717482,237863,150722,2026-05-09T15:30:00.000-04:00,,,,3,https://static.prizepicks.com/images/players/NBA/Alyssa_Thomas_WNBA_player_c83t6yiGUdTaX15qhECRPsSg.webp,2026-05-03,OK,,,,,,,,,,0,,,,,,,,,,,,,,,,,,,,,,1,UNSUPPORTED_PROP:ast,2529140.0,UNSUPPORTED_PROP,,,,,,,,11.5,11.5,UNKNOWN,MID_VOL,SECONDARY,,
237863,Alyssa Thomas,F,PHX,LVA,11.5,Points,pts,Goblin,11717485,11717485,237863,150722,2026-05-09T15:30:00.000-04:00,,,,1,https://static.prizepicks.com/images/players/NBA/Alyssa_Thomas_WNBA_player_c83t6yiGUdTaX15qhECRPsSg.webp,2026-05-03,OK,,,,,,,,,,0,,,,,,,,,,,,,,,,,,,,,,1,UNSUPPORTED_PROP:pts,2529140.0,UNSUPPORTED_PROP,,,,,,,,11.5,11.5,UNKNOWN,MID_VOL,SECONDARY,,
237863,Alyssa Thomas,F,PHX,LVA,11.5,Rebounds,reb,Demon,11717492,11717492,237863,150722,2026-05-09T15:30:00.000-04:00,,,,2,https://static.prizepicks.com/images/players/NBA/Alyssa_Thomas_WNBA_player_c83t6yiGUdTaX15qhECRPsSg.webp,2026-05-03,OK,,,,,,,,,,0,,,,,,,,,,,,,,,,,,,,,,1,UNSUPPORTED_PROP:reb,2529140.0,UNSUPPORTED_PROP,,,,,,,,11.5,11.5,UNKNOWN,MID_VOL,SECONDARY,,
237863,Alyssa Thomas,F,PHX,LVA,10.5,Assists,ast,Demon,11717481,11717481,237863,150722,2026-05-09T15:30:00.000-04:00,,,,2,https://static.prizepicks.com/images/players/NBA/Alyssa_Thomas_WNBA_player_c83t6yiGUdTaX15qhECRPsSg.webp,2026-05-03,OK,,,,,,,,,,0,,,,,,,,,,,,,,,,,,,,,,1,UNSUPPORTED_PROP:ast,2529140.0,UNSUPPORTED_PROP,,,,,,,,10.5,10.5,UNKNOWN,MID_VOL,SECONDARY,,
237863,Alyssa Thomas,F,PHX,LVA,10.5,Rebounds,reb,Demon,11717491,11717491,237863,150722,2026-05-09T15:30:00.000-04:00,,,,1,https://static.prizepicks.com/images/players/NBA/Alyssa_Thomas_WNBA_player_c83t6yiGUdTaX15qhECRPsSg.webp,2026-05-03,OK,,,,,,,,,,0,,,,,,,,,,,,,,,,,,,,,,1,UNSUPPORTED_PROP:reb,2529140.0,UNSUPPORTED_PROP,,,,,,,,10.5,10.5,UNKNOWN,MID_VOL,SECONDARY,,
237843,A'ja Wilson,C,LVA,PHX,9.5,Rebounds,reb,Goblin,11717475,11717475,237843,150722,2026-05-09T15:30:00.000-04:00,,,7.5,1,https://static.prizepicks.com/images/players/NBA/A'ja_Wilson_WNBA_player_e1fzWnin9JBoRKYaugxyyP08.webp,2026-05-03,OK,,,,,Phoenix Mercury,11.0,,11.0,Below Avg,0,,,,,,,,,,,,,,,,,,,,,,1,UNSUPPORTED_PROP:reb,3149391.0,UNSUPPORTED_PROP,,,,,,,,9.5,9.5,UNKNOWN,MID_VOL,SECONDARY,,
237863,Alyssa Thomas,F,PHX,LVA,9.5,Assists,ast,Demon,11717483,11717483,237863,150722,2026-05-09T15:30:00.000-04:00,,,,1,https://static.prizepicks.com/images/players/NBA/Alyssa_Thomas_WNBA_player_c83t6yiGUdTaX15qhECRPsSg.webp,2026-05-03,OK,,,,,,,,,,0,,,,,,,,,,,,,,,,,,,,,,1,UNSUPPORTED_PROP:ast,2529140.0,UNSUPPORTED_PROP,,,,,,,,9.5,9.5,UNKNOWN,MID_VOL,SECONDARY,,
237843,A'ja Wilson,C,LVA,PHX,8.5,Rebounds,reb,Goblin,11717474,11717474,237843,150722,2026-05-09T15:30:00.000-04:00,,,7.5,2,https://static.prizepicks.com/images/players/NBA/A'ja_Wilson_WNBA_player_e1fzWnin9JBoRKYaugxyyP08.webp,2026-05-03,OK,,,,,Phoenix Mercury,11.0,,11.0,Below Avg,0,,,,,,,,,,,,,,,,,,,,,,1,UNSUPPORTED_PROP:reb,3149391.0,UNSUPPORTED_PROP,,,,,,,,8.5,8.5,UNKNOWN,MID_VOL,SECONDARY,,
237863,Alyssa Thomas,F,PHX,LVA,8.5,Rebounds,reb,Goblin,11717490,11717490,237863,150722,2026-05-09T15:30:00.000-04:00,,,,1,https://static.prizepicks.com/images/players/NBA/Alyssa_Thomas_WNBA_player_c83t6yiGUdTaX15qhECRPsSg.webp,2026-05-03,OK,,,,,,,,,,0,,,,,,,,,,,,,,,,,,,,,,1,UNSUPPORTED_PROP:reb,2529140.0,UNSUPPORTED_PROP,,,,,,,,8.5,8.5,UNKNOWN,MID_VOL,SECONDARY,,
237863,Alyssa Thomas,F,PHX,LVA,7.5,Assists,ast,Goblin,11717479,11717479,237863,150722,2026-05-09T15:30:00.000-04:00,,,,1,https://static.prizepicks.com/images/players/NBA/Alyssa_Thomas_WNBA_player_c83t6yiGUdTaX15qhECRPsSg.webp,2026-05-03,OK,,,,,,,,,,0,,,,,,,,,,,,,,,,,,,,,,1,UNSUPPORTED_PROP:ast,2529140.0,UNSUPPORTED_PROP,,,,,,,,7.5,7.5,UNKNOWN,LOW_VOL,SECONDARY,,
237863,Alyssa Thomas,F,PHX,LVA,7.5,Rebounds,reb,Goblin,11717488,11717488,237863,150722,2026-05-09T15:30:00.000-04:00,,,,2,https://static.prizepicks.com/images/players/NBA/Alyssa_Thomas_WNBA_player_c83t6yiGUdTaX15qhECRPsSg.webp,2026-05-03,OK,,,,,,,,,,0,,,,,,,,,,,,,,,,,,,,,,1,UNSUPPORTED_PROP:reb,2529140.0,UNSUPPORTED_PROP,,,,,,,,7.5,7.5,UNKNOWN,LOW_VOL,SECONDARY,,
237846,Jackie Young,G,LVA,PHX,7.5,Assists,ast,Demon,11717501,11717501,237846,150722,2026-05-09T15:30:00.000-04:00,,,,3,https://static.prizepicks.com/images/players/NBA/Jackie_Young_WNBA_player_xMYZ7NbkZrdioerQcMdWBKG9.webp,2026-05-03,OK,,,,,Phoenix Mercury,11.0,,11.0,Below Avg,0,,,,,,,,,,,,,,,,,,,,,,1,UNSUPPORTED_PROP:ast,4065870.0,UNSUPPORTED_PROP,,,,,,,,7.5,7.5,UNKNOWN,LOW_VOL,SECONDARY,,
237863,Alyssa Thomas,F,PHX,LVA,6.5,Assists,ast,Goblin,11717480,11717480,237863,150722,2026-05-09T15:30:00.000-04:00,,,,2,https://static.prizepicks.com/images/players/NBA/Alyssa_Thomas_WNBA_player_c83t6yiGUdTaX15qhECRPsSg.webp,2026-05-03,OK,,,,,,,,,,0,,,,,,,,,,,,,,,,,,,,,,1,UNSUPPORTED_PROP:ast,2529140.0,UNSUPPORTED_PROP,,,,,,,,6.5,6.5,UNKNOWN,LOW_VOL,SUPPORT,,
237863,Alyssa Thomas,F,PHX,LVA,6.5,Rebounds,reb,Goblin,11717489,11717489,237863,150722,2026-05-09T15:30:00.000-04:00,,,,3,https://static.prizepicks.com/images/players/NBA/Alyssa_Thomas_WNBA_player_c83t6yiGUdTaX15qhECRPsSg.webp,2026-05-03,OK,,,,,,,,,,0,,,,,,,,,,,,,,,,,,,,,,1,UNSUPPORTED_PROP:reb,2529140.0,UNSUPPORTED_PROP,,,,,,,,6.5,6.5,UNKNOWN,LOW_VOL,SUPPORT,,
237846,Jackie Young,G,LVA,PHX,6.5,Assists,ast,Demon,11717499,11717499,237846,150722,2026-05-09T15:30:00.000-04:00,,,,2,https://static.prizepicks.com/images/players/NBA/Jackie_Young_WNBA_player_xMYZ7NbkZrdioerQcMdWBKG9.webp,2026-05-03,OK,,,,,Phoenix Mercury,11.0,,11.0,Below Avg,0,,,,,,,,,,,,,,,,,,,,,,1,UNSUPPORTED_PROP:ast,4065870.0,UNSUPPORTED_PROP,,,,,,,,6.5,6.5,UNKNOWN,LOW_VOL,SUPPORT,,
237843,A'ja Wilson,C,LVA,PHX,5.5,Assists,ast,Demon,11717469,11717469,237843,150722,2026-05-09T15:30:00.000-04:00,,,2.5,3,https://static.prizepicks.com/images/players/NBA/A'ja_Wilson_WNBA_player_e1fzWnin9JBoRKYaugxyyP08.webp,2026-05-03,OK,,,,,Phoenix Mercury,11.0,,11.0,Below Avg,0,,,,,,,,,,,,,,,,,,,,,,1,UNSUPPORTED_PROP:ast,3149391.0,UNSUPPORTED_PROP,,,,,,,,5.5,5.5,UNKNOWN,LOW_VOL,SUPPORT,,
237846,Jackie Young,G,LVA,PHX,5.5,Assists,ast,Demon,11717500,11717500,237846,150722,2026-05-09T15:30:00.000-04:00,,,,1,https://static.prizepicks.com/images/players/NBA/Jackie_Young_WNBA_player_xMYZ7NbkZrdioerQcMdWBKG9.webp,2026-05-03,OK,,,,,Phoenix Mercury,11.0,,11.0,Below Avg,0,,,,,,,,,,,,,,,,,,,,,,1,UNSUPPORTED_PROP:ast,4065870.0,UNSUPPORTED_PROP,,,,,,,,5.5,5.5,UNKNOWN,LOW_VOL,SUPPORT,,
237846,Jackie Young,G,LVA,PHX,5.5,Rebounds,reb,Demon,11717506,11717506,237846,150722,2026-05-09T15:30:00.000-04:00,,,,1,https://static.prizepicks.com/images/players/NBA/Jackie_Young_WNBA_player_xMYZ7NbkZrdioerQcMdWBKG9.webp,2026-05-03,OK,,,,,Phoenix Mercury,11.0,,11.0,Below Avg,0,,,,,,,,,,,,,,,,,,,,,,1,UNSUPPORTED_PROP:reb,4065870.0,UNSUPPORTED_PROP,,,,,,,,5.5,5.5,UNKNOWN,LOW_VOL,SUPPORT,,
237843,A'ja Wilson,C,LVA,PHX,4.5,Assists,ast,Demon,11717467,11717467,237843,150722,2026-05-09T15:30:00.000-04:00,,,2.5,2,https://static.prizepicks.com/images/players/NBA/A'ja_Wilson_WNBA_player_e1fzWnin9JBoRKYaugxyyP08.webp,2026-05-03,OK,,,,,Phoenix Mercury,11.0,,11.0,Below Avg,0,,,,,,,,,,,,,,,,,,,,,,1,UNSUPPORTED_PROP:ast,3149391.0,UNSUPPORTED_PROP,,,,,,,,4.5,4.5,UNKNOWN,LOW_VOL,SUPPORT,,
237843,A'ja Wilson,C,LVA,PHX,3.5,Assists,ast,Demon,11717468,11717468,237843,150722,2026-05-09T15:30:00.000-04:00,,,2.5,1,https://static.prizepicks.com/images/players/NBA/A'ja_Wilson_WNBA_player_e1fzWnin9JBoRKYaugxyyP08.webp,2026-05-03,OK,,,,,Phoenix Mercury,11.0,,11.0,Below Avg,0,,,,,,,,,,,,,,,,,,,,,,1,UNSUPPORTED_PROP:ast,3149391.0,UNSUPPORTED_PROP,,,,,,,,3.5,3.5,UNKNOWN,LOW_VOL,SUPPORT,,
237846,Jackie Young,G,LVA,PHX,3.5,3-PT Made,3ptmade,Demon,11717497,11717497,237846,150722,2026-05-09T15:30:00.000-04:00,,,,2,https://static.prizepicks.com/images/players/NBA/Jackie_Young_WNBA_player_xMYZ7NbkZrdioerQcMdWBKG9.webp,2026-05-03,OK,,,,,Phoenix Mercury,11.0,,11.0,Below Avg,0,,,,,,,,,,,,,,,,,,,,,,1,UNSUPPORTED_PROP:3ptmade,4065870.0,UNSUPPORTED_PROP,,,,,,,,3.5,3.5,UNKNOWN,LOW_VOL,SUPPORT,,
237846,Jackie Young,G,LVA,PHX,3.5,Assists,ast,Goblin,11717498,11717498,237846,150722,2026-05-09T15:30:00.000-04:00,,,,1,https://static.prizepicks.com/images/players/NBA/Jackie_Young_WNBA_player_xMYZ7NbkZrdioerQcMdWBKG9.webp,2026-05-03,OK,,,,,Phoenix Mercury,11.0,,11.0,Below Avg,0,,,,,,,,,,,,,,,,,,,,,,1,UNSUPPORTED_PROP:ast,4065870.0,UNSUPPORTED_PROP,,,,,,,,3.5,3.5,UNKNOWN,LOW_VOL,SUPPORT,,
237846,Jackie Young,G,LVA,PHX,3.5,Rebounds,reb,Goblin,11717505,11717505,237846,150722,2026-05-09T15:30:00.000-04:00,,,,1,https://static.prizepicks.com/images/players/NBA/Jackie_Young_WNBA_player_xMYZ7NbkZrdioerQcMdWBKG9.webp,2026-05-03,OK,,,,,Phoenix Mercury,11.0,,11.0,Below Avg,0,,,,,,,,,,,,,,,,,,,,,,1,UNSUPPORTED_PROP:reb,4065870.0,UNSUPPORTED_PROP,,,,,,,,3.5,3.5,UNKNOWN,LOW_VOL,SUPPORT,,
237843,A'ja Wilson,C,LVA,PHX,2.5,Assists,ast,Goblin,11717466,11717466,237843,150722,2026-05-09T15:30:00.000-04:00,,,2.5,1,https://static.prizepicks.com/images/players/NBA/A'ja_Wilson_WNBA_player_e1fzWnin9JBoRKYaugxyyP08.webp,2026-05-03,OK,,,,,Phoenix Mercury,11.0,,11.0,Below Avg,0,,,,,,,,,,,,,,,,,,,,,,1,UNSUPPORTED_PROP:ast,3149391.0,UNSUPPORTED_PROP,,,,,,,,2.5,2.5,UNKNOWN,LOW_VOL,SUPPORT,,
237846,Jackie Young,G,LVA,PHX,2.5,3-PT Made,3ptmade,Demon,11717496,11717496,237846,150722,2026-05-09T15:30:00.000-04:00,,,,1,https://static.prizepicks.com/images/players/NBA/Jackie_Young_WNBA_player_xMYZ7NbkZrdioerQcMdWBKG9.webp,2026-05-03,OK,,,,,Phoenix Mercury,11.0,,11.0,Below Avg,0,,,,,,,,,,,,,,,,,,,,,,1,UNSUPPORTED_PROP:3ptmade,4065870.0,UNSUPPORTED_PROP,,,,,,,,2.5,2.5,UNKNOWN,LOW_VOL,SUPPORT,,
237846,Jackie Young,G,LVA,PHX,1.5,3-PT Made,3ptmade,Goblin,11717495,11717495,237846,150722,2026-05-09T15:30:00.000-04:00,,,,1,https://static.prizepicks.com/images/players/NBA/Jackie_Young_WNBA_player_xMYZ7NbkZrdioerQcMdWBKG9.webp,2026-05-03,OK,,,,,Phoenix Mercury,11.0,,11.0,Below Avg,0,,,,,,,,,,,,,,,,,,,,,,1,UNSUPPORTED_PROP:3ptmade,4065870.0,UNSUPPORTED_PROP,,,,,,,,1.5,1.5,UNKNOWN,LOW_VOL,SUPPORT,,
237843,A'ja Wilson,C,LVA,PHX,0.5,Double-Double,doubledouble,Goblin,11717470,11717470,237843,150722,2026-05-09T15:30:00.000-04:00,,,,1,https://static.prizepicks.com/images/players/NBA/A'ja_Wilson_WNBA_player_e1fzWnin9JBoRKYaugxyyP08.webp,2026-05-03,OK,,,,,Phoenix Mercury,11.0,,11.0,Below Avg,0,,,,,,,,,,,,,,,,,,,,,,1,UNSUPPORTED_PROP:doubledouble,3149391.0,UNSUPPORTED_PROP,,,,,,,,0.5,0.5,UNKNOWN,LOW_VOL,SUPPORT,,
237863,Alyssa Thomas,F,PHX,LVA,0.5,Double-Double,doubledouble,Goblin,11717484,11717484,237863,150722,2026-05-09T15:30:00.000-04:00,,,,1,https://static.prizepicks.com/images/players/NBA/Alyssa_Thomas_WNBA_player_c83t6yiGUdTaX15qhECRPsSg.webp,2026-05-03,OK,,,,,,,,,,0,,,,,,,,,,,,,,,,,,,,,,1,UNSUPPORTED_PROP:doubledouble,2529140.0,UNSUPPORTED_PROP,,,,,,,,0.5,0.5,UNKNOWN,LOW_VOL,SUPPORT,,
237863,Alyssa Thomas,F,PHX,LVA,0.5,Triple-Double,tripledouble,Demon,11717494,11717494,237863,150722,2026-05-09T15:30:00.000-04:00,,,,1,https://static.prizepicks.com/images/players/NBA/Alyssa_Thomas_WNBA_player_c83t6yiGUdTaX15qhECRPsSg.webp,2026-05-03,OK,,,,,,,,,,0,,,,,,,,,,,,,,,,,,,,,,1,UNSUPPORTED_PROP:tripledouble,2529140.0,UNSUPPORTED_PROP,,,,,,,,0.5,0.5,UNKNOWN,LOW_VOL,SUPPORT,,
