wnba_player_id,player,pos,team,opp_team,line,prop_type,prop_norm,pick_type,projection_id,pp_projection_id,player_id,pp_game_id,start_time,pp_home_team,pp_away_team,standard_line,deviation_level,image_url,game_date,id_status,player_1,player_2,team_1,team_2,TEAM_NAME,TEAM_ID,OVERALL_DEF_SCORE,OVERALL_DEF_RANK,DEF_TIER,is_combo_player,stat_g1,stat_g2,stat_g3,stat_g4,stat_g5,stat_g6,stat_g7,stat_g8,stat_g9,stat_g10,stat_last5_avg,stat_last10_avg,stat_season_avg,last5_over,last5_under,last5_push,last5_hit_rate,line_hit_rate_over_ou_5,line_hit_rate_under_ou_5,line_hit_rate_over_ou_10,line_hit_rate_under_ou_10,unsupported_prop,unsupported_reason,espn_athlete_id,days_rest,is_back_to_back,opp_days_rest,opp_b2b,usage_pct,usage_tier,min_per_game,team_pace,opp_pace,pace_delta,pace_context,star_tier,is_franchise_star,foul_rate_per_36,foul_trouble_risk,b2b_flag,wnba_b2b_weight,b2b_rest_context,hhs_efg_pct,hhs_ts_pct,hhs_per,wnba_context_source
315801,Brittney Griner,C,CON,NYL,4.5,Rebounds,reb,Demon,11844693,11844693,315801,149150,2026-05-03T17:00:00.000-04:00,,,,1,https://static.prizepicks.com/images/manual/Griner.png,2026-05-03,OK,,,,,,,,,,0,0.0,6.0,6.0,4.0,5.0,0.0,1.0,2.0,4.0,2.0,4.2,3.0,3.0,3.0,2.0,0.0,0.6,0.6,0.4,0.3,0.7,0,,2490553,4,0,8,0,0.215,medium,20.8,94.57,95.75,-1.1800000000000068,medium,1,True,3.288,medium,False,1.0,normal_rest,,,,wnba_api_usage;wnba_api_pace;wnba_api_fouls
237848,Sabrina Ionescu,G,NYL,CON,3.5,Assists,ast,Standard,11844690,11844690,237848,149150,2026-05-03T17:00:00.000-04:00,,,3.5,0,https://static.prizepicks.com/images/players/NBA/Sabrina_Ionescu_WNBA_player_P26gx0GUbxv35lMVCUU4z5Q5.webp,2026-05-03,OK,,,,,Connecticut SUN,18.0,,3.0,Elite,0,7.0,2.0,4.0,4.0,3.0,7.0,11.0,9.0,9.0,2.0,4.0,5.8,5.8,3.0,2.0,0.0,0.6,0.6,0.4,0.7,0.3,0,,4066533,8,0,4,0,0.273,high,31.4,95.75,94.57,1.1800000000000068,medium,1,True,1.949,low,False,1.0,normal_rest,,,,wnba_api_usage;wnba_api_pace;wnba_api_fouls
237848,Sabrina Ionescu,G,NYL,CON,3.5,Rebounds,reb,Demon,11844691,11844691,237848,149150,2026-05-03T17:00:00.000-04:00,,,,1,https://static.prizepicks.com/images/players/NBA/Sabrina_Ionescu_WNBA_player_P26gx0GUbxv35lMVCUU4z5Q5.webp,2026-05-03,OK,,,,,Connecticut SUN,18.0,,3.0,Elite,0,5.0,1.0,2.0,6.0,4.0,6.0,5.0,5.0,7.0,3.0,3.6,4.4,4.4,3.0,2.0,0.0,0.6,0.6,0.4,0.7,0.3,0,,4066533,8,0,4,0,0.273,high,31.4,95.75,94.57,1.1800000000000068,medium,1,True,1.949,low,False,1.0,normal_rest,,,,wnba_api_usage;wnba_api_pace;wnba_api_fouls
237848,Sabrina Ionescu,G,NYL,CON,1.5,3-PT Made,3ptmade,Standard,11844689,11844689,237848,149150,2026-05-03T17:00:00.000-04:00,,,1.5,0,https://static.prizepicks.com/images/players/NBA/Sabrina_Ionescu_WNBA_player_P26gx0GUbxv35lMVCUU4z5Q5.webp,2026-05-03,OK,,,,,Connecticut SUN,18.0,,3.0,Elite,0,2.0,0.0,0.0,3.0,1.0,3.0,1.0,0.0,1.0,0.0,1.2,1.1,1.1,2.0,3.0,0.0,0.4,0.4,0.6,0.3,0.7,0,,4066533,8,0,4,0,0.273,high,31.4,95.75,94.57,1.1800000000000068,medium,1,True,1.949,low,False,1.0,normal_rest,,,,wnba_api_usage;wnba_api_pace;wnba_api_fouls
237848,Sabrina Ionescu,G,NYL,CON,11.5,Points,pts,Standard,11844265,11844265,237848,149150,2026-05-03T17:00:00.000-04:00,,,11.5,0,https://static.prizepicks.com/images/players/NBA/Sabrina_Ionescu_WNBA_player_P26gx0GUbxv35lMVCUU4z5Q5.webp,2026-05-03,OK,,,,,Connecticut SUN,18.0,,3.0,Elite,0,11.0,6.0,1.0,22.0,9.0,16.0,11.0,6.0,11.0,16.0,9.8,10.9,10.9,1.0,4.0,0.0,0.2,0.2,0.8,0.3,0.7,0,,4066533,8,0,4,0,0.273,high,31.4,95.75,94.57,1.1800000000000068,medium,1,True,1.949,low,False,1.0,normal_rest,,,,wnba_api_usage;wnba_api_pace;wnba_api_fouls
315801,Brittney Griner,C,CON,NYL,8.5,Points,pts,Standard,11844267,11844267,315801,149150,2026-05-03T17:00:00.000-04:00,,,8.5,0,https://static.prizepicks.com/images/manual/Griner.png,2026-05-03,OK,,,,,,,,,,0,4.0,16.0,13.0,16.0,7.0,5.0,7.0,2.0,17.0,10.0,11.2,9.7,9.7,3.0,2.0,0.0,0.6,0.6,0.4,0.5,0.5,0,,2490553,4,0,8,0,0.215,medium,20.8,94.57,95.75,-1.1800000000000068,medium,1,True,3.288,medium,False,1.0,normal_rest,,,,wnba_api_usage;wnba_api_pace;wnba_api_fouls
237843,A'ja Wilson,C,LVA,DAL,7.5,Rebounds,reb,Standard,11844273,11844273,237843,149152,2026-05-03T19:00:00.000-04:00,,,7.5,0,https://static.prizepicks.com/images/players/NBA/A'ja_Wilson_WNBA_player_e1fzWnin9JBoRKYaugxyyP08.webp,2026-05-03,OK,,,,,Dallas Wings,3.0,,4.0,Above Avg,0,15.0,6.0,3.0,11.0,4.0,4.0,5.0,9.0,14.0,14.0,7.8,8.5,8.5,2.0,3.0,0.0,0.4,0.4,0.6,0.5,0.5,0,,3149391,6,0,3,0,0.307,high,31.2,94.92,96.34,-1.4200000000000017,medium,1,True,2.192,low,False,1.0,normal_rest,,,,wnba_api_usage;wnba_api_pace;wnba_api_fouls
237836,Paige Bueckers,G,DAL,LVA,3.5,Assists,ast,Standard,11844274,11844274,237836,149152,2026-05-03T19:00:00.000-04:00,,,3.5,0,https://static.prizepicks.com/images/players/NBA/Paige_Bueckers_WNBA_player_9Y8nnqPB9PRhUk1Zb4Mlsb5c.webp,2026-05-03,OK,,,,,,,,,,0,2.0,7.0,4.0,2.0,8.0,3.0,4.0,9.0,3.0,7.0,4.6,4.9,4.9,3.0,2.0,0.0,0.6,0.6,0.4,0.6,0.4,0,,4433730,3,0,6,0,0.241,medium,33.3,96.34,94.92,1.4200000000000017,medium,2,False,2.486,low,False,1.0,normal_rest,,,,wnba_api_usage;wnba_api_pace;wnba_api_fouls
237843,A'ja Wilson,C,LVA,DAL,2.5,Assists,ast,Standard,11844272,11844272,237843,149152,2026-05-03T19:00:00.000-04:00,,,2.5,0,https://static.prizepicks.com/images/players/NBA/A'ja_Wilson_WNBA_player_e1fzWnin9JBoRKYaugxyyP08.webp,2026-05-03,OK,,,,,Dallas Wings,3.0,,4.0,Above Avg,0,4.0,1.0,3.0,1.0,3.0,4.0,1.0,4.0,4.0,3.0,2.4,2.8,2.8,3.0,2.0,0.0,0.6,0.6,0.4,0.7,0.3,0,,3149391,6,0,3,0,0.307,high,31.2,94.92,96.34,-1.4200000000000017,medium,1,True,2.192,low,False,1.0,normal_rest,,,,wnba_api_usage;wnba_api_pace;wnba_api_fouls
197034,Cameron Brink,F,LAS,,5.5,Rebounds,reb,Standard,11844631,11844631,197034,155440,2026-05-03T19:00:00.000-04:00,,,5.5,0,https://static.prizepicks.com/images/players/NBA/Cameron_Brink_WNBA_player_iXX6g2ZznhNde3uQhZhdBbZ.webp,2026-05-03,OK,,,,,,,,,,0,8.0,5.0,2.0,3.0,5.0,3.0,4.0,3.0,2.0,6.0,4.6,4.1,4.1,1.0,4.0,0.0,0.2,0.2,0.8,0.2,0.8,0,,4433404,6,0,-1,0,0.198,medium,12.9,96.84,,,medium,3,False,6.977,high,False,1.0,normal_rest,,,,wnba_api_usage;wnba_api_pace;wnba_api_fouls
237840,Kelsey Plum,G,LAS,,3.5,Assists,ast,Demon,11844622,11844622,237840,155440,2026-05-03T19:00:00.000-04:00,,,,1,https://static.prizepicks.com/images/players/NBA/Kelsey_Plum_WNBA_player_1TLFqKeRDxvOfPzSxhKC31Yi.webp,2026-05-03,OK,,,,,,,,,,0,9.0,7.0,7.0,9.0,4.0,2.0,4.0,2.0,8.0,5.0,7.2,5.7,5.7,5.0,0.0,0.0,1.0,1.0,0.0,0.8,0.2,0,,3065570,6,0,-1,0,0.246,medium,35.1,96.84,,,medium,1,True,2.769,low,False,1.0,normal_rest,,,,wnba_api_usage;wnba_api_pace;wnba_api_fouls
237836,Paige Bueckers,G,DAL,LVA,19.5,Points,pts,Demon,11853506,11853506,237836,149152,2026-05-03T19:00:00.000-04:00,,,14.5,1,https://static.prizepicks.com/images/players/NBA/Paige_Bueckers_WNBA_player_9Y8nnqPB9PRhUk1Zb4Mlsb5c.webp,2026-05-03,OK,,,,,,,,,,0,24.0,7.0,24.0,5.0,27.0,15.0,20.0,11.0,20.0,24.0,17.4,17.7,17.7,3.0,2.0,0.0,0.6,0.6,0.4,0.6,0.4,0,,4433730,3,0,6,0,0.241,medium,33.3,96.34,94.92,1.4200000000000017,medium,2,False,2.486,low,False,1.0,normal_rest,,,,wnba_api_usage;wnba_api_pace;wnba_api_fouls
237843,A'ja Wilson,C,LVA,DAL,15.5,Points,pts,Standard,11844263,11844263,237843,149152,2026-05-03T19:00:00.000-04:00,,,15.5,0,https://static.prizepicks.com/images/players/NBA/A'ja_Wilson_WNBA_player_e1fzWnin9JBoRKYaugxyyP08.webp,2026-05-03,OK,,,,,Dallas Wings,3.0,,4.0,Above Avg,0,24.0,20.0,45.0,22.0,19.0,19.0,18.0,31.0,34.0,28.0,26.0,26.0,26.0,5.0,0.0,0.0,1.0,1.0,0.0,1.0,0.0,0,,3149391,6,0,3,0,0.307,high,31.2,94.92,96.34,-1.4200000000000017,medium,1,True,2.192,low,False,1.0,normal_rest,,,,wnba_api_usage;wnba_api_pace;wnba_api_fouls
237836,Paige Bueckers,G,DAL,LVA,14.5,Points,pts,Standard,11844261,11844261,237836,149152,2026-05-03T19:00:00.000-04:00,,,14.5,0,https://static.prizepicks.com/images/players/NBA/Paige_Bueckers_WNBA_player_9Y8nnqPB9PRhUk1Zb4Mlsb5c.webp,2026-05-03,OK,,,,,,,,,,0,24.0,7.0,24.0,5.0,27.0,15.0,20.0,11.0,20.0,24.0,17.4,17.7,17.7,3.0,2.0,0.0,0.6,0.6,0.4,0.7,0.3,0,,4433730,3,0,6,0,0.241,medium,33.3,96.34,94.92,1.4200000000000017,medium,2,False,2.486,low,False,1.0,normal_rest,,,,wnba_api_usage;wnba_api_pace;wnba_api_fouls
315762,Azzi Fudd,G,DAL,LVA,9.5,Points,pts,Standard,11844262,11844262,315762,149152,2026-05-03T19:00:00.000-04:00,,,9.5,0,https://static.prizepicks.com/images/manual/Azzi.png,2026-05-03,OK,,,,,,,,,,0,24.0,7.0,12.0,4.0,8.0,3.0,12.0,4.0,,,11.0,9.25,9.25,2.0,3.0,0.0,0.4,0.4,0.6,0.375,0.625,0,,4433790,3,0,6,0,,,11.0,96.34,94.92,1.4200000000000017,medium,2,False,,,False,1.0,normal_rest,,,,wnba_api_pace
237844,Jewell Loyd,G,LVA,DAL,9.5,Points,pts,Standard,11844268,11844268,237844,149152,2026-05-03T19:00:00.000-04:00,,,9.5,0,https://static.prizepicks.com/images/players/NBA/Jewell_Loyd_WNBA_player_kl6eTaXsduFI7E6eDj4QuueY.webp,2026-05-03,OK,,,,,Dallas Wings,3.0,,4.0,Above Avg,0,10.0,7.0,6.0,11.0,2.0,6.0,9.0,13.0,12.0,16.0,7.2,9.2,9.2,2.0,3.0,0.0,0.4,0.4,0.6,0.5,0.5,0,,2987869,6,0,3,0,0.179,low,28.3,94.92,96.34,-1.4200000000000017,medium,1,True,2.417,low,False,1.0,normal_rest,,,,wnba_api_usage;wnba_api_pace;wnba_api_fouls
237836,Paige Bueckers,G,DAL,LVA,9.5,Points,pts,Goblin,11853505,11853505,237836,149152,2026-05-03T19:00:00.000-04:00,,,14.5,2,https://static.prizepicks.com/images/players/NBA/Paige_Bueckers_WNBA_player_9Y8nnqPB9PRhUk1Zb4Mlsb5c.webp,2026-05-03,OK,,,,,,,,,,0,24.0,7.0,24.0,5.0,27.0,15.0,20.0,11.0,20.0,24.0,17.4,17.7,17.7,3.0,2.0,0.0,0.6,0.6,0.4,0.8,0.2,0,,4433730,3,0,6,0,0.241,medium,33.3,96.34,94.92,1.4200000000000017,medium,2,False,2.486,low,False,1.0,normal_rest,,,,wnba_api_usage;wnba_api_pace;wnba_api_fouls
237840,Kelsey Plum,G,LAS,,12.5,Points,pts,Standard,11844266,11844266,237840,155440,2026-05-03T19:00:00.000-04:00,,,12.5,0,https://static.prizepicks.com/images/players/NBA/Kelsey_Plum_WNBA_player_1TLFqKeRDxvOfPzSxhKC31Yi.webp,2026-05-03,OK,,,,,,,,,,0,38.0,16.0,28.0,27.0,25.0,27.0,13.0,22.0,15.0,17.0,26.8,22.8,22.8,5.0,0.0,0.0,1.0,1.0,0.0,1.0,0.0,0,,3065570,6,0,-1,0,0.246,medium,35.1,96.84,,,medium,1,True,2.769,low,False,1.0,normal_rest,,,,wnba_api_usage;wnba_api_pace;wnba_api_fouls
197034,Cameron Brink,F,LAS,,6.5,Points,pts,Standard,11844264,11844264,197034,155440,2026-05-03T19:00:00.000-04:00,,,6.5,0,https://static.prizepicks.com/images/players/NBA/Cameron_Brink_WNBA_player_iXX6g2ZznhNde3uQhZhdBbZ.webp,2026-05-03,OK,,,,,,,,,,0,16.0,12.0,7.0,10.0,11.0,0.0,0.0,10.0,2.0,4.0,11.2,7.2,7.2,5.0,0.0,0.0,1.0,1.0,0.0,0.6,0.4,0,,4433404,6,0,-1,0,0.198,medium,12.9,96.84,,,medium,3,False,6.977,high,False,1.0,normal_rest,,,,wnba_api_usage;wnba_api_pace;wnba_api_fouls
237847,Breanna Stewart,F,NYL,,24.5,Points,pts,Demon,11717382,11717382,237847,150439,2026-05-08T19:30:00.000-04:00,,,,2,https://static.prizepicks.com/images/players/NBA/Breanna_Stewart_WNBA_player_0QbcmrMWR4KgqkSDi1fYPEeZ.webp,2026-05-03,OK,,,,,,,,,,0,25.0,14.0,18.0,22.0,16.0,23.0,31.0,4.0,16.0,30.0,19.0,19.9,19.9,1.0,4.0,0.0,0.2,0.2,0.8,0.3,0.7,0,,2998928,8,0,-1,0,0.261,high,30.6,95.75,,,medium,1,True,2.235,low,False,1.0,normal_rest,,,,wnba_api_usage;wnba_api_pace;wnba_api_fouls
237848,Sabrina Ionescu,G,NYL,,24.5,Points,pts,Demon,11717394,11717394,237848,150439,2026-05-08T19:30:00.000-04:00,,,11.5,2,https://static.prizepicks.com/images/players/NBA/Sabrina_Ionescu_WNBA_player_P26gx0GUbxv35lMVCUU4z5Q5.webp,2026-05-03,OK,,,,,,,,,,0,11.0,6.0,1.0,22.0,9.0,16.0,11.0,6.0,11.0,16.0,9.8,10.9,10.9,0.0,5.0,0.0,0.0,0.0,1.0,0.0,1.0,0,,4066533,8,0,-1,0,0.273,high,31.4,95.75,,,medium,1,True,1.949,low,False,1.0,normal_rest,,,,wnba_api_usage;wnba_api_pace;wnba_api_fouls
237847,Breanna Stewart,F,NYL,,19.5,Points,pts,Demon,11717381,11717381,237847,150439,2026-05-08T19:30:00.000-04:00,,,,1,https://static.prizepicks.com/images/players/NBA/Breanna_Stewart_WNBA_player_0QbcmrMWR4KgqkSDi1fYPEeZ.webp,2026-05-03,OK,,,,,,,,,,0,25.0,14.0,18.0,22.0,16.0,23.0,31.0,4.0,16.0,30.0,19.0,19.9,19.9,2.0,3.0,0.0,0.4,0.4,0.6,0.5,0.5,0,,2998928,8,0,-1,0,0.261,high,30.6,95.75,,,medium,1,True,2.235,low,False,1.0,normal_rest,,,,wnba_api_usage;wnba_api_pace;wnba_api_fouls
237848,Sabrina Ionescu,G,NYL,,19.5,Points,pts,Demon,11717395,11717395,237848,150439,2026-05-08T19:30:00.000-04:00,,,11.5,1,https://static.prizepicks.com/images/players/NBA/Sabrina_Ionescu_WNBA_player_P26gx0GUbxv35lMVCUU4z5Q5.webp,2026-05-03,OK,,,,,,,,,,0,11.0,6.0,1.0,22.0,9.0,16.0,11.0,6.0,11.0,16.0,9.8,10.9,10.9,1.0,4.0,0.0,0.2,0.2,0.8,0.1,0.9,0,,4066533,8,0,-1,0,0.273,high,31.4,95.75,,,medium,1,True,1.949,low,False,1.0,normal_rest,,,,wnba_api_usage;wnba_api_pace;wnba_api_fouls
237847,Breanna Stewart,F,NYL,,14.5,Points,pts,Goblin,11717380,11717380,237847,150439,2026-05-08T19:30:00.000-04:00,,,,1,https://static.prizepicks.com/images/players/NBA/Breanna_Stewart_WNBA_player_0QbcmrMWR4KgqkSDi1fYPEeZ.webp,2026-05-03,OK,,,,,,,,,,0,25.0,14.0,18.0,22.0,16.0,23.0,31.0,4.0,16.0,30.0,19.0,19.9,19.9,4.0,1.0,0.0,0.8,0.8,0.2,0.8,0.2,0,,2998928,8,0,-1,0,0.261,high,30.6,95.75,,,medium,1,True,2.235,low,False,1.0,normal_rest,,,,wnba_api_usage;wnba_api_pace;wnba_api_fouls
237848,Sabrina Ionescu,G,NYL,,14.5,Points,pts,Goblin,11717393,11717393,237848,150439,2026-05-08T19:30:00.000-04:00,,,11.5,1,https://static.prizepicks.com/images/players/NBA/Sabrina_Ionescu_WNBA_player_P26gx0GUbxv35lMVCUU4z5Q5.webp,2026-05-03,OK,,,,,,,,,,0,11.0,6.0,1.0,22.0,9.0,16.0,11.0,6.0,11.0,16.0,9.8,10.9,10.9,1.0,4.0,0.0,0.2,0.2,0.8,0.3,0.7,0,,4066533,8,0,-1,0,0.273,high,31.4,95.75,,,medium,1,True,1.949,low,False,1.0,normal_rest,,,,wnba_api_usage;wnba_api_pace;wnba_api_fouls
237847,Breanna Stewart,F,NYL,,9.5,Rebounds,reb,Demon,11717385,11717385,237847,150439,2026-05-08T19:30:00.000-04:00,,,,2,https://static.prizepicks.com/images/players/NBA/Breanna_Stewart_WNBA_player_0QbcmrMWR4KgqkSDi1fYPEeZ.webp,2026-05-03,OK,,,,,,,,,,0,7.0,11.0,9.0,7.0,10.0,9.0,10.0,6.0,5.0,9.0,8.8,8.3,8.3,2.0,3.0,0.0,0.4,0.4,0.6,0.3,0.7,0,,2998928,8,0,-1,0,0.261,high,30.6,95.75,,,medium,1,True,2.235,low,False,1.0,normal_rest,,,,wnba_api_usage;wnba_api_pace;wnba_api_fouls
237848,Sabrina Ionescu,G,NYL,,9.5,Assists,ast,Demon,11717391,11717391,237848,150439,2026-05-08T19:30:00.000-04:00,,,3.5,2,https://static.prizepicks.com/images/players/NBA/Sabrina_Ionescu_WNBA_player_P26gx0GUbxv35lMVCUU4z5Q5.webp,2026-05-03,OK,,,,,,,,,,0,7.0,2.0,4.0,4.0,3.0,7.0,11.0,9.0,9.0,2.0,4.0,5.8,5.8,0.0,5.0,0.0,0.0,0.0,1.0,0.1,0.9,0,,4066533,8,0,-1,0,0.273,high,31.4,95.75,,,medium,1,True,1.949,low,False,1.0,normal_rest,,,,wnba_api_usage;wnba_api_pace;wnba_api_fouls
237847,Breanna Stewart,F,NYL,,7.5,Rebounds,reb,Demon,11717384,11717384,237847,150439,2026-05-08T19:30:00.000-04:00,,,,1,https://static.prizepicks.com/images/players/NBA/Breanna_Stewart_WNBA_player_0QbcmrMWR4KgqkSDi1fYPEeZ.webp,2026-05-03,OK,,,,,,,,,,0,7.0,11.0,9.0,7.0,10.0,9.0,10.0,6.0,5.0,9.0,8.8,8.3,8.3,3.0,2.0,0.0,0.6,0.6,0.4,0.6,0.4,0,,2998928,8,0,-1,0,0.261,high,30.6,95.75,,,medium,1,True,2.235,low,False,1.0,normal_rest,,,,wnba_api_usage;wnba_api_pace;wnba_api_fouls
237848,Sabrina Ionescu,G,NYL,,7.5,Assists,ast,Demon,11717390,11717390,237848,150439,2026-05-08T19:30:00.000-04:00,,,3.5,1,https://static.prizepicks.com/images/players/NBA/Sabrina_Ionescu_WNBA_player_P26gx0GUbxv35lMVCUU4z5Q5.webp,2026-05-03,OK,,,,,,,,,,0,7.0,2.0,4.0,4.0,3.0,7.0,11.0,9.0,9.0,2.0,4.0,5.8,5.8,0.0,5.0,0.0,0.0,0.0,1.0,0.3,0.7,0,,4066533,8,0,-1,0,0.273,high,31.4,95.75,,,medium,1,True,1.949,low,False,1.0,normal_rest,,,,wnba_api_usage;wnba_api_pace;wnba_api_fouls
237848,Sabrina Ionescu,G,NYL,,7.5,Rebounds,reb,Demon,11717398,11717398,237848,150439,2026-05-08T19:30:00.000-04:00,,,,3,https://static.prizepicks.com/images/players/NBA/Sabrina_Ionescu_WNBA_player_P26gx0GUbxv35lMVCUU4z5Q5.webp,2026-05-03,OK,,,,,,,,,,0,5.0,1.0,2.0,6.0,4.0,6.0,5.0,5.0,7.0,3.0,3.6,4.4,4.4,0.0,5.0,0.0,0.0,0.0,1.0,0.0,1.0,0,,4066533,8,0,-1,0,0.273,high,31.4,95.75,,,medium,1,True,1.949,low,False,1.0,normal_rest,,,,wnba_api_usage;wnba_api_pace;wnba_api_fouls
237847,Breanna Stewart,F,NYL,,5.5,Assists,ast,Demon,11717378,11717378,237847,150439,2026-05-08T19:30:00.000-04:00,,,,2,https://static.prizepicks.com/images/players/NBA/Breanna_Stewart_WNBA_player_0QbcmrMWR4KgqkSDi1fYPEeZ.webp,2026-05-03,OK,,,,,,,,,,0,0.0,3.0,2.0,1.0,4.0,4.0,2.0,2.0,0.0,3.0,2.0,2.1,2.1,0.0,5.0,0.0,0.0,0.0,1.0,0.0,1.0,0,,2998928,8,0,-1,0,0.261,high,30.6,95.75,,,medium,1,True,2.235,low,False,1.0,normal_rest,,,,wnba_api_usage;wnba_api_pace;wnba_api_fouls
237847,Breanna Stewart,F,NYL,,5.5,Rebounds,reb,Goblin,11717383,11717383,237847,150439,2026-05-08T19:30:00.000-04:00,,,,1,https://static.prizepicks.com/images/players/NBA/Breanna_Stewart_WNBA_player_0QbcmrMWR4KgqkSDi1fYPEeZ.webp,2026-05-03,OK,,,,,,,,,,0,7.0,11.0,9.0,7.0,10.0,9.0,10.0,6.0,5.0,9.0,8.8,8.3,8.3,5.0,0.0,0.0,1.0,1.0,0.0,0.9,0.1,0,,2998928,8,0,-1,0,0.261,high,30.6,95.75,,,medium,1,True,2.235,low,False,1.0,normal_rest,,,,wnba_api_usage;wnba_api_pace;wnba_api_fouls
237848,Sabrina Ionescu,G,NYL,,5.5,Assists,ast,Goblin,11717389,11717389,237848,150439,2026-05-08T19:30:00.000-04:00,,,3.5,1,https://static.prizepicks.com/images/players/NBA/Sabrina_Ionescu_WNBA_player_P26gx0GUbxv35lMVCUU4z5Q5.webp,2026-05-03,OK,,,,,,,,,,0,7.0,2.0,4.0,4.0,3.0,7.0,11.0,9.0,9.0,2.0,4.0,5.8,5.8,1.0,4.0,0.0,0.2,0.2,0.8,0.5,0.5,0,,4066533,8,0,-1,0,0.273,high,31.4,95.75,,,medium,1,True,1.949,low,False,1.0,normal_rest,,,,wnba_api_usage;wnba_api_pace;wnba_api_fouls
237848,Sabrina Ionescu,G,NYL,,5.5,Rebounds,reb,Demon,11717397,11717397,237848,150439,2026-05-08T19:30:00.000-04:00,,,,2,https://static.prizepicks.com/images/players/NBA/Sabrina_Ionescu_WNBA_player_P26gx0GUbxv35lMVCUU4z5Q5.webp,2026-05-03,OK,,,,,,,,,,0,5.0,1.0,2.0,6.0,4.0,6.0,5.0,5.0,7.0,3.0,3.6,4.4,4.4,1.0,4.0,0.0,0.2,0.2,0.8,0.3,0.7,0,,4066533,8,0,-1,0,0.273,high,31.4,95.75,,,medium,1,True,1.949,low,False,1.0,normal_rest,,,,wnba_api_usage;wnba_api_pace;wnba_api_fouls
237847,Breanna Stewart,F,NYL,,3.5,Assists,ast,Demon,11717377,11717377,237847,150439,2026-05-08T19:30:00.000-04:00,,,,1,https://static.prizepicks.com/images/players/NBA/Breanna_Stewart_WNBA_player_0QbcmrMWR4KgqkSDi1fYPEeZ.webp,2026-05-03,OK,,,,,,,,,,0,0.0,3.0,2.0,1.0,4.0,4.0,2.0,2.0,0.0,3.0,2.0,2.1,2.1,1.0,4.0,0.0,0.2,0.2,0.8,0.2,0.8,0,,2998928,8,0,-1,0,0.261,high,30.6,95.75,,,medium,1,True,2.235,low,False,1.0,normal_rest,,,,wnba_api_usage;wnba_api_pace;wnba_api_fouls
237848,Sabrina Ionescu,G,NYL,,3.5,3-PT Made,3ptmade,Demon,11717387,11717387,237848,150439,2026-05-08T19:30:00.000-04:00,,,1.5,2,https://static.prizepicks.com/images/players/NBA/Sabrina_Ionescu_WNBA_player_P26gx0GUbxv35lMVCUU4z5Q5.webp,2026-05-03,OK,,,,,,,,,,0,2.0,0.0,0.0,3.0,1.0,3.0,1.0,0.0,1.0,0.0,1.2,1.1,1.1,0.0,5.0,0.0,0.0,0.0,1.0,0.0,1.0,0,,4066533,8,0,-1,0,0.273,high,31.4,95.75,,,medium,1,True,1.949,low,False,1.0,normal_rest,,,,wnba_api_usage;wnba_api_pace;wnba_api_fouls
237848,Sabrina Ionescu,G,NYL,,3.5,Rebounds,reb,Goblin,11717396,11717396,237848,150439,2026-05-08T19:30:00.000-04:00,,,,1,https://static.prizepicks.com/images/players/NBA/Sabrina_Ionescu_WNBA_player_P26gx0GUbxv35lMVCUU4z5Q5.webp,2026-05-03,OK,,,,,,,,,,0,5.0,1.0,2.0,6.0,4.0,6.0,5.0,5.0,7.0,3.0,3.6,4.4,4.4,3.0,2.0,0.0,0.6,0.6,0.4,0.7,0.3,0,,4066533,8,0,-1,0,0.273,high,31.4,95.75,,,medium,1,True,1.949,low,False,1.0,normal_rest,,,,wnba_api_usage;wnba_api_pace;wnba_api_fouls
237848,Sabrina Ionescu,G,NYL,,2.5,3-PT Made,3ptmade,Demon,11717388,11717388,237848,150439,2026-05-08T19:30:00.000-04:00,,,1.5,1,https://static.prizepicks.com/images/players/NBA/Sabrina_Ionescu_WNBA_player_P26gx0GUbxv35lMVCUU4z5Q5.webp,2026-05-03,OK,,,,,,,,,,0,2.0,0.0,0.0,3.0,1.0,3.0,1.0,0.0,1.0,0.0,1.2,1.1,1.1,1.0,4.0,0.0,0.2,0.2,0.8,0.2,0.8,0,,4066533,8,0,-1,0,0.273,high,31.4,95.75,,,medium,1,True,1.949,low,False,1.0,normal_rest,,,,wnba_api_usage;wnba_api_pace;wnba_api_fouls
237848,Sabrina Ionescu,G,NYL,,1.5,3-PT Made,3ptmade,Goblin,11717386,11717386,237848,150439,2026-05-08T19:30:00.000-04:00,,,1.5,1,https://static.prizepicks.com/images/players/NBA/Sabrina_Ionescu_WNBA_player_P26gx0GUbxv35lMVCUU4z5Q5.webp,2026-05-03,OK,,,,,,,,,,0,2.0,0.0,0.0,3.0,1.0,3.0,1.0,0.0,1.0,0.0,1.2,1.1,1.1,2.0,3.0,0.0,0.4,0.4,0.6,0.3,0.7,0,,4066533,8,0,-1,0,0.273,high,31.4,95.75,,,medium,1,True,1.949,low,False,1.0,normal_rest,,,,wnba_api_usage;wnba_api_pace;wnba_api_fouls
237847,Breanna Stewart,F,NYL,,0.5,Double-Double,doubledouble,Demon,11717379,11717379,237847,150439,2026-05-08T19:30:00.000-04:00,,,,1,https://static.prizepicks.com/images/players/NBA/Breanna_Stewart_WNBA_player_0QbcmrMWR4KgqkSDi1fYPEeZ.webp,2026-05-03,OK,,,,,,,,,,0,,,,,,,,,,,,,,,,,,,,,,1,UNSUPPORTED_PROP:doubledouble,2998928,8,0,-1,0,0.261,high,30.6,95.75,,,medium,1,True,2.235,low,False,1.0,normal_rest,,,,wnba_api_usage;wnba_api_pace;wnba_api_fouls
237848,Sabrina Ionescu,G,NYL,,0.5,Double-Double,doubledouble,Demon,11717392,11717392,237848,150439,2026-05-08T19:30:00.000-04:00,,,,1,https://static.prizepicks.com/images/players/NBA/Sabrina_Ionescu_WNBA_player_P26gx0GUbxv35lMVCUU4z5Q5.webp,2026-05-03,OK,,,,,,,,,,0,,,,,,,,,,,,,,,,,,,,,,1,UNSUPPORTED_PROP:doubledouble,4066533,8,0,-1,0,0.273,high,31.4,95.75,,,medium,1,True,1.949,low,False,1.0,normal_rest,,,,wnba_api_usage;wnba_api_pace;wnba_api_fouls
237835,Arike Ogunbowale,G,DAL,IND,29.5,Pts+Asts,pa,Demon,11717419,11717419,237835,150721,2026-05-09T13:00:00.000-04:00,,,,2,https://static.prizepicks.com/images/players/NBA/Arike_Ogunbowale_WNBA_player_li5EkQnXby20K9Lhu8gX4Ygc.webp,2026-05-03,OK,,,,,Indiana Fever,5.0,,6.0,Above Avg,0,24.0,3.0,28.0,8.0,7.0,21.0,27.0,14.0,20.0,18.0,14.0,17.0,17.0,0.0,5.0,0.0,0.0,0.0,1.0,0.0,1.0,0,,3904577,3,0,1,1,0.221,medium,33.3,96.34,95.71,0.6300000000000097,medium,2,False,2.811,low,False,1.0,normal_rest,,,,wnba_api_usage;wnba_api_pace;wnba_api_fouls
237852,Kelsey Mitchell,G,IND,DAL,29.5,Points,pts,Demon,11807003,11807003,237852,150721,2026-05-09T13:00:00.000-04:00,,,20.5,2,https://static.prizepicks.com/images/players/NBA/Kelsey_Mitchell_WNBA_player_EIjpvNmrTSUtZ3DS46UvarB1.webp,2026-05-03,OK,,,,,Dallas Wings,3.0,,4.0,Above Avg,0,19.0,21.0,17.0,24.0,23.0,30.0,17.0,10.0,18.0,15.0,20.8,19.4,19.4,0.0,5.0,0.0,0.0,0.0,1.0,0.1,0.9,0,,3142191,1,1,3,0,0.264,high,31.4,95.71,96.34,-0.6300000000000097,medium,2,False,2.293,low,False,1.0,normal_rest,,,,wnba_api_usage;wnba_api_pace;wnba_api_fouls
237835,Arike Ogunbowale,G,DAL,IND,24.5,Points,pts,Demon,11717416,11717416,237835,150721,2026-05-09T13:00:00.000-04:00,,,,2,https://static.prizepicks.com/images/players/NBA/Arike_Ogunbowale_WNBA_player_li5EkQnXby20K9Lhu8gX4Ygc.webp,2026-05-03,OK,,,,,Indiana Fever,5.0,,6.0,Above Avg,0,19.0,2.0,23.0,7.0,6.0,20.0,22.0,12.0,17.0,14.0,11.4,14.2,14.2,0.0,5.0,0.0,0.0,0.0,1.0,0.0,1.0,0,,3904577,3,0,1,1,0.221,medium,33.3,96.34,95.71,0.6300000000000097,medium,2,False,2.811,low,False,1.0,normal_rest,,,,wnba_api_usage;wnba_api_pace;wnba_api_fouls
237835,Arike Ogunbowale,G,DAL,IND,24.5,Pts+Asts,pa,Demon,11717418,11717418,237835,150721,2026-05-09T13:00:00.000-04:00,,,,1,https://static.prizepicks.com/images/players/NBA/Arike_Ogunbowale_WNBA_player_li5EkQnXby20K9Lhu8gX4Ygc.webp,2026-05-03,OK,,,,,Indiana Fever,5.0,,6.0,Above Avg,0,24.0,3.0,28.0,8.0,7.0,21.0,27.0,14.0,20.0,18.0,14.0,17.0,17.0,1.0,4.0,0.0,0.2,0.2,0.8,0.2,0.8,0,,3904577,3,0,1,1,0.221,medium,33.3,96.34,95.71,0.6300000000000097,medium,2,False,2.811,low,False,1.0,normal_rest,,,,wnba_api_usage;wnba_api_pace;wnba_api_fouls
237851,Caitlin Clark,G,IND,DAL,24.5,Points,pts,Demon,11717434,11717434,237851,150721,2026-05-09T13:00:00.000-04:00,,,19.0,1,https://static.prizepicks.com/images/players/NBA/Caitlin_Clark_WNBA_player_QSGioalNHPIX9vjS6b9g2AVO.webp,2026-05-03,OK,,,,,Dallas Wings,3.0,,4.0,Above Avg,0,22.0,21.0,32.0,24.0,20.0,12.0,21.0,7.0,14.0,14.0,23.8,18.7,18.7,1.0,4.0,0.0,0.2,0.2,0.8,0.1,0.9,0,,4433403,1,1,3,0,0.287,high,31.0,95.71,96.34,-0.6300000000000097,medium,2,False,3.135,medium,False,1.0,normal_rest,,,,wnba_api_usage;wnba_api_pace;wnba_api_fouls
237852,Kelsey Mitchell,G,IND,DAL,24.5,Points,pts,Demon,11717445,11717445,237852,150721,2026-05-09T13:00:00.000-04:00,,,20.5,1,https://static.prizepicks.com/images/players/NBA/Kelsey_Mitchell_WNBA_player_EIjpvNmrTSUtZ3DS46UvarB1.webp,2026-05-03,OK,,,,,Dallas Wings,3.0,,4.0,Above Avg,0,19.0,21.0,17.0,24.0,23.0,30.0,17.0,10.0,18.0,15.0,20.8,19.4,19.4,0.0,5.0,0.0,0.0,0.0,1.0,0.1,0.9,0,,3142191,1,1,3,0,0.264,high,31.4,95.71,96.34,-0.6300000000000097,medium,2,False,2.293,low,False,1.0,normal_rest,,,,wnba_api_usage;wnba_api_pace;wnba_api_fouls
237836,Paige Bueckers,G,DAL,IND,24.5,Points,pts,Demon,11717462,11717462,237836,150721,2026-05-09T13:00:00.000-04:00,,,14.5,2,https://static.prizepicks.com/images/players/NBA/Paige_Bueckers_WNBA_player_9Y8nnqPB9PRhUk1Zb4Mlsb5c.webp,2026-05-03,OK,,,,,Indiana Fever,5.0,,6.0,Above Avg,0,24.0,7.0,24.0,5.0,27.0,15.0,20.0,11.0,20.0,24.0,17.4,17.7,17.7,1.0,4.0,0.0,0.2,0.2,0.8,0.1,0.9,0,,4433730,3,0,1,1,0.241,medium,33.3,96.34,95.71,0.6300000000000097,medium,2,False,2.486,low,False,1.0,normal_rest,,,,wnba_api_usage;wnba_api_pace;wnba_api_fouls
237852,Kelsey Mitchell,G,IND,DAL,20.5,Points,pts,Standard,11717446,11717446,237852,150721,2026-05-09T13:00:00.000-04:00,,,20.5,0,https://static.prizepicks.com/images/players/NBA/Kelsey_Mitchell_WNBA_player_EIjpvNmrTSUtZ3DS46UvarB1.webp,2026-05-03,OK,,,,,Dallas Wings,3.0,,4.0,Above Avg,0,19.0,21.0,17.0,24.0,23.0,30.0,17.0,10.0,18.0,15.0,20.8,19.4,19.4,3.0,2.0,0.0,0.6,0.6,0.4,0.4,0.6,0,,3142191,1,1,3,0,0.264,high,31.4,95.71,96.34,-0.6300000000000097,medium,2,False,2.293,low,False,1.0,normal_rest,,,,wnba_api_usage;wnba_api_pace;wnba_api_fouls
237853,Aliyah Boston,C-F,IND,DAL,19.5,Points,pts,Demon,11717402,11717402,237853,150721,2026-05-09T13:00:00.000-04:00,,,15.5,1,https://static.prizepicks.com/images/players/NBA/Aliyah_Boston_WNBA_player_G6uHubog9X1bQPpQo9lPzFr9.webp,2026-05-03,OK,,,,,Dallas Wings,3.0,,4.0,Above Avg,0,20.0,24.0,9.0,4.0,23.0,4.0,11.0,24.0,12.0,10.0,16.0,14.1,14.1,3.0,2.0,0.0,0.6,0.6,0.4,0.4,0.6,0,,4432831,1,1,3,0,0.215,medium,30.2,95.71,96.34,-0.6300000000000097,medium,2,False,3.695,medium,False,1.0,normal_rest,,,,wnba_api_usage;wnba_api_pace;wnba_api_fouls
237835,Arike Ogunbowale,G,DAL,IND,19.5,Points,pts,Demon,11717415,11717415,237835,150721,2026-05-09T13:00:00.000-04:00,,,,1,https://static.prizepicks.com/images/players/NBA/Arike_Ogunbowale_WNBA_player_li5EkQnXby20K9Lhu8gX4Ygc.webp,2026-05-03,OK,,,,,Indiana Fever,5.0,,6.0,Above Avg,0,19.0,2.0,23.0,7.0,6.0,20.0,22.0,12.0,17.0,14.0,11.4,14.2,14.2,1.0,4.0,0.0,0.2,0.2,0.8,0.3,0.7,0,,3904577,3,0,1,1,0.221,medium,33.3,96.34,95.71,0.6300000000000097,medium,2,False,2.811,low,False,1.0,normal_rest,,,,wnba_api_usage;wnba_api_pace;wnba_api_fouls
237835,Arike Ogunbowale,G,DAL,IND,19.5,Pts+Asts,pa,Goblin,11717417,11717417,237835,150721,2026-05-09T13:00:00.000-04:00,,,,1,https://static.prizepicks.com/images/players/NBA/Arike_Ogunbowale_WNBA_player_li5EkQnXby20K9Lhu8gX4Ygc.webp,2026-05-03,OK,,,,,Indiana Fever,5.0,,6.0,Above Avg,0,24.0,3.0,28.0,8.0,7.0,21.0,27.0,14.0,20.0,18.0,14.0,17.0,17.0,2.0,3.0,0.0,0.4,0.4,0.6,0.5,0.5,0,,3904577,3,0,1,1,0.221,medium,33.3,96.34,95.71,0.6300000000000097,medium,2,False,2.811,low,False,1.0,normal_rest,,,,wnba_api_usage;wnba_api_pace;wnba_api_fouls
315762,Azzi Fudd,G,DAL,IND,19.5,Points,pts,Demon,11717424,11717424,315762,150721,2026-05-09T13:00:00.000-04:00,,,9.5,3,https://static.prizepicks.com/images/manual/Azzi.png,2026-05-03,OK,,,,,Indiana Fever,5.0,,6.0,Above Avg,0,24.0,7.0,12.0,4.0,8.0,3.0,12.0,4.0,,,11.0,9.25,9.25,1.0,4.0,0.0,0.2,0.2,0.8,0.125,0.875,0,,4433790,3,0,1,1,,,11.0,96.34,95.71,0.6300000000000097,medium,2,False,,,False,1.0,normal_rest,,,,wnba_api_pace
198928,Maddy Siegrist,F,DAL,IND,19.5,Points,pts,Demon,11717452,11717452,198928,150721,2026-05-09T13:00:00.000-04:00,,,,3,https://static.prizepicks.com/images/players/NBA/Maddy_Siegrist_WNBA_player_PvhKfiewQCBz5r4ey5IRM2wR.webp,2026-05-03,OK,,,,,Indiana Fever,5.0,,6.0,Above Avg,0,2.0,5.0,0.0,8.0,17.0,2.0,7.0,14.0,18.0,10.0,6.4,8.3,8.3,0.0,5.0,0.0,0.0,0.0,1.0,0.0,1.0,0,,4399415,3,0,1,1,0.184,medium,27.0,96.34,95.71,0.6300000000000097,medium,2,False,2.533,low,False,1.0,normal_rest,,,,wnba_api_usage;wnba_api_pace;wnba_api_fouls
237851,Caitlin Clark,G,IND,DAL,19.0,Points,pts,Standard,11717435,11717435,237851,150721,2026-05-09T13:00:00.000-04:00,,,19.0,0,https://static.prizepicks.com/images/players/NBA/Caitlin_Clark_WNBA_player_QSGioalNHPIX9vjS6b9g2AVO.webp,2026-05-03,OK,,,,,Dallas Wings,3.0,,4.0,Above Avg,0,22.0,21.0,32.0,24.0,20.0,12.0,21.0,7.0,14.0,14.0,23.8,18.7,18.7,5.0,0.0,0.0,1.0,1.0,0.0,0.6,0.4,0,,4433403,1,1,3,0,0.287,high,31.0,95.71,96.34,-0.6300000000000097,medium,2,False,3.135,medium,False,1.0,normal_rest,,,,wnba_api_usage;wnba_api_pace;wnba_api_fouls
237836,Paige Bueckers,G,DAL,IND,19.0,Points,pts,Standard,11717463,11717463,237836,150721,2026-05-09T13:00:00.000-04:00,,,14.5,0,https://static.prizepicks.com/images/players/NBA/Paige_Bueckers_WNBA_player_9Y8nnqPB9PRhUk1Zb4Mlsb5c.webp,2026-05-03,OK,,,,,Indiana Fever,5.0,,6.0,Above Avg,0,24.0,7.0,24.0,5.0,27.0,15.0,20.0,11.0,20.0,24.0,17.4,17.7,17.7,3.0,2.0,0.0,0.6,0.6,0.4,0.6,0.4,0,,4433730,3,0,1,1,0.241,medium,33.3,96.34,95.71,0.6300000000000097,medium,2,False,2.486,low,False,1.0,normal_rest,,,,wnba_api_usage;wnba_api_pace;wnba_api_fouls
315762,Azzi Fudd,G,DAL,IND,17.5,Points,pts,Demon,11717422,11717422,315762,150721,2026-05-09T13:00:00.000-04:00,,,9.5,2,https://static.prizepicks.com/images/manual/Azzi.png,2026-05-03,OK,,,,,Indiana Fever,5.0,,6.0,Above Avg,0,24.0,7.0,12.0,4.0,8.0,3.0,12.0,4.0,,,11.0,9.25,9.25,1.0,4.0,0.0,0.2,0.2,0.8,0.125,0.875,0,,4433790,3,0,1,1,,,11.0,96.34,95.71,0.6300000000000097,medium,2,False,,,False,1.0,normal_rest,,,,wnba_api_pace
237851,Caitlin Clark,G,IND,DAL,17.5,Points,pts,Goblin,11717433,11717433,237851,150721,2026-05-09T13:00:00.000-04:00,,,19.0,1,https://static.prizepicks.com/images/players/NBA/Caitlin_Clark_WNBA_player_QSGioalNHPIX9vjS6b9g2AVO.webp,2026-05-03,OK,,,,,Dallas Wings,3.0,,4.0,Above Avg,0,22.0,21.0,32.0,24.0,20.0,12.0,21.0,7.0,14.0,14.0,23.8,18.7,18.7,5.0,0.0,0.0,1.0,1.0,0.0,0.6,0.4,0,,4433403,1,1,3,0,0.287,high,31.0,95.71,96.34,-0.6300000000000097,medium,2,False,3.135,medium,False,1.0,normal_rest,,,,wnba_api_usage;wnba_api_pace;wnba_api_fouls
198928,Maddy Siegrist,F,DAL,IND,17.5,Points,pts,Demon,11717451,11717451,198928,150721,2026-05-09T13:00:00.000-04:00,,,,2,https://static.prizepicks.com/images/players/NBA/Maddy_Siegrist_WNBA_player_PvhKfiewQCBz5r4ey5IRM2wR.webp,2026-05-03,OK,,,,,Indiana Fever,5.0,,6.0,Above Avg,0,2.0,5.0,0.0,8.0,17.0,2.0,7.0,14.0,18.0,10.0,6.4,8.3,8.3,0.0,5.0,0.0,0.0,0.0,1.0,0.1,0.9,0,,4399415,3,0,1,1,0.184,medium,27.0,96.34,95.71,0.6300000000000097,medium,2,False,2.533,low,False,1.0,normal_rest,,,,wnba_api_usage;wnba_api_pace;wnba_api_fouls
237853,Aliyah Boston,C-F,IND,DAL,15.5,Points,pts,Standard,11717403,11717403,237853,150721,2026-05-09T13:00:00.000-04:00,,,15.5,0,https://static.prizepicks.com/images/players/NBA/Aliyah_Boston_WNBA_player_G6uHubog9X1bQPpQo9lPzFr9.webp,2026-05-03,OK,,,,,Dallas Wings,3.0,,4.0,Above Avg,0,20.0,24.0,9.0,4.0,23.0,4.0,11.0,24.0,12.0,10.0,16.0,14.1,14.1,3.0,2.0,0.0,0.6,0.6,0.4,0.4,0.6,0,,4432831,1,1,3,0,0.215,medium,30.2,95.71,96.34,-0.6300000000000097,medium,2,False,3.695,medium,False,1.0,normal_rest,,,,wnba_api_usage;wnba_api_pace;wnba_api_fouls
237835,Arike Ogunbowale,G,DAL,IND,14.5,Points,pts,Goblin,11717414,11717414,237835,150721,2026-05-09T13:00:00.000-04:00,,,,1,https://static.prizepicks.com/images/players/NBA/Arike_Ogunbowale_WNBA_player_li5EkQnXby20K9Lhu8gX4Ygc.webp,2026-05-03,OK,,,,,Indiana Fever,5.0,,6.0,Above Avg,0,19.0,2.0,23.0,7.0,6.0,20.0,22.0,12.0,17.0,14.0,11.4,14.2,14.2,2.0,3.0,0.0,0.4,0.4,0.6,0.5,0.5,0,,3904577,3,0,1,1,0.221,medium,33.3,96.34,95.71,0.6300000000000097,medium,2,False,2.811,low,False,1.0,normal_rest,,,,wnba_api_usage;wnba_api_pace;wnba_api_fouls
315762,Azzi Fudd,G,DAL,IND,14.5,Points,pts,Demon,11717423,11717423,315762,150721,2026-05-09T13:00:00.000-04:00,,,9.5,1,https://static.prizepicks.com/images/manual/Azzi.png,2026-05-03,OK,,,,,Indiana Fever,5.0,,6.0,Above Avg,0,24.0,7.0,12.0,4.0,8.0,3.0,12.0,4.0,,,11.0,9.25,9.25,1.0,4.0,0.0,0.2,0.2,0.8,0.125,0.875,0,,4433790,3,0,1,1,,,11.0,96.34,95.71,0.6300000000000097,medium,2,False,,,False,1.0,normal_rest,,,,wnba_api_pace
237851,Caitlin Clark,G,IND,DAL,14.5,Points,pts,Goblin,11717432,11717432,237851,150721,2026-05-09T13:00:00.000-04:00,,,19.0,2,https://static.prizepicks.com/images/players/NBA/Caitlin_Clark_WNBA_player_QSGioalNHPIX9vjS6b9g2AVO.webp,2026-05-03,OK,,,,,Dallas Wings,3.0,,4.0,Above Avg,0,22.0,21.0,32.0,24.0,20.0,12.0,21.0,7.0,14.0,14.0,23.8,18.7,18.7,5.0,0.0,0.0,1.0,1.0,0.0,0.6,0.4,0,,4433403,1,1,3,0,0.287,high,31.0,95.71,96.34,-0.6300000000000097,medium,2,False,3.135,medium,False,1.0,normal_rest,,,,wnba_api_usage;wnba_api_pace;wnba_api_fouls
198928,Maddy Siegrist,F,DAL,IND,14.5,Points,pts,Demon,11717450,11717450,198928,150721,2026-05-09T13:00:00.000-04:00,,,,1,https://static.prizepicks.com/images/players/NBA/Maddy_Siegrist_WNBA_player_PvhKfiewQCBz5r4ey5IRM2wR.webp,2026-05-03,OK,,,,,Indiana Fever,5.0,,6.0,Above Avg,0,2.0,5.0,0.0,8.0,17.0,2.0,7.0,14.0,18.0,10.0,6.4,8.3,8.3,1.0,4.0,0.0,0.2,0.2,0.8,0.2,0.8,0,,4399415,3,0,1,1,0.184,medium,27.0,96.34,95.71,0.6300000000000097,medium,2,False,2.533,low,False,1.0,normal_rest,,,,wnba_api_usage;wnba_api_pace;wnba_api_fouls
237836,Paige Bueckers,G,DAL,IND,14.5,Points,pts,Goblin,11717461,11717461,237836,150721,2026-05-09T13:00:00.000-04:00,,,14.5,1,https://static.prizepicks.com/images/players/NBA/Paige_Bueckers_WNBA_player_9Y8nnqPB9PRhUk1Zb4Mlsb5c.webp,2026-05-03,OK,,,,,Indiana Fever,5.0,,6.0,Above Avg,0,24.0,7.0,24.0,5.0,27.0,15.0,20.0,11.0,20.0,24.0,17.4,17.7,17.7,3.0,2.0,0.0,0.6,0.6,0.4,0.7,0.3,0,,4433730,3,0,1,1,0.241,medium,33.3,96.34,95.71,0.6300000000000097,medium,2,False,2.486,low,False,1.0,normal_rest,,,,wnba_api_usage;wnba_api_pace;wnba_api_fouls
315762,Azzi Fudd,G,DAL,IND,12.5,Points,pts,Standard,11717425,11717425,315762,150721,2026-05-09T13:00:00.000-04:00,,,9.5,0,https://static.prizepicks.com/images/manual/Azzi.png,2026-05-03,OK,,,,,Indiana Fever,5.0,,6.0,Above Avg,0,24.0,7.0,12.0,4.0,8.0,3.0,12.0,4.0,,,11.0,9.25,9.25,1.0,4.0,0.0,0.2,0.2,0.8,0.125,0.875,0,,4433790,3,0,1,1,,,11.0,96.34,95.71,0.6300000000000097,medium,2,False,,,False,1.0,normal_rest,,,,wnba_api_pace
237853,Aliyah Boston,C-F,IND,DAL,11.5,Rebounds,reb,Demon,11717406,11717406,237853,150721,2026-05-09T13:00:00.000-04:00,,,,2,https://static.prizepicks.com/images/players/NBA/Aliyah_Boston_WNBA_player_G6uHubog9X1bQPpQo9lPzFr9.webp,2026-05-03,OK,,,,,Dallas Wings,3.0,,4.0,Above Avg,0,16.0,8.0,4.0,7.0,4.0,1.0,16.0,14.0,8.0,13.0,7.8,9.1,9.1,1.0,4.0,0.0,0.2,0.2,0.8,0.4,0.6,0,,4432831,1,1,3,0,0.215,medium,30.2,95.71,96.34,-0.6300000000000097,medium,2,False,3.695,medium,False,1.0,normal_rest,,,,wnba_api_usage;wnba_api_pace;wnba_api_fouls
315762,Azzi Fudd,G,DAL,IND,11.5,Points,pts,Goblin,11717421,11717421,315762,150721,2026-05-09T13:00:00.000-04:00,,,9.5,1,https://static.prizepicks.com/images/manual/Azzi.png,2026-05-03,OK,,,,,Indiana Fever,5.0,,6.0,Above Avg,0,24.0,7.0,12.0,4.0,8.0,3.0,12.0,4.0,,,11.0,9.25,9.25,2.0,3.0,0.0,0.4,0.4,0.6,0.375,0.625,0,,4433790,3,0,1,1,,,11.0,96.34,95.71,0.6300000000000097,medium,2,False,,,False,1.0,normal_rest,,,,wnba_api_pace
237851,Caitlin Clark,G,IND,DAL,11.5,Assists,ast,Demon,11717430,11717430,237851,150721,2026-05-09T13:00:00.000-04:00,,,,2,https://static.prizepicks.com/images/players/NBA/Caitlin_Clark_WNBA_player_QSGioalNHPIX9vjS6b9g2AVO.webp,2026-05-03,OK,,,,,Dallas Wings,3.0,,4.0,Above Avg,0,9.0,10.0,8.0,9.0,7.0,4.0,4.0,4.0,7.0,13.0,8.6,7.5,7.5,0.0,5.0,0.0,0.0,0.0,1.0,0.1,0.9,0,,4433403,1,1,3,0,0.287,high,31.0,95.71,96.34,-0.6300000000000097,medium,2,False,3.135,medium,False,1.0,normal_rest,,,,wnba_api_usage;wnba_api_pace;wnba_api_fouls
198928,Maddy Siegrist,F,DAL,IND,11.5,Points,pts,Goblin,11717449,11717449,198928,150721,2026-05-09T13:00:00.000-04:00,,,,1,https://static.prizepicks.com/images/players/NBA/Maddy_Siegrist_WNBA_player_PvhKfiewQCBz5r4ey5IRM2wR.webp,2026-05-03,OK,,,,,Indiana Fever,5.0,,6.0,Above Avg,0,2.0,5.0,0.0,8.0,17.0,2.0,7.0,14.0,18.0,10.0,6.4,8.3,8.3,1.0,4.0,0.0,0.2,0.2,0.8,0.3,0.7,0,,4399415,3,0,1,1,0.184,medium,27.0,96.34,95.71,0.6300000000000097,medium,2,False,2.533,low,False,1.0,normal_rest,,,,wnba_api_usage;wnba_api_pace;wnba_api_fouls
237853,Aliyah Boston,C-F,IND,DAL,9.5,Rebounds,reb,Demon,11717405,11717405,237853,150721,2026-05-09T13:00:00.000-04:00,,,,1,https://static.prizepicks.com/images/players/NBA/Aliyah_Boston_WNBA_player_G6uHubog9X1bQPpQo9lPzFr9.webp,2026-05-03,OK,,,,,Dallas Wings,3.0,,4.0,Above Avg,0,16.0,8.0,4.0,7.0,4.0,1.0,16.0,14.0,8.0,13.0,7.8,9.1,9.1,1.0,4.0,0.0,0.2,0.2,0.8,0.4,0.6,0,,4432831,1,1,3,0,0.215,medium,30.2,95.71,96.34,-0.6300000000000097,medium,2,False,3.695,medium,False,1.0,normal_rest,,,,wnba_api_usage;wnba_api_pace;wnba_api_fouls
315762,Azzi Fudd,G,DAL,IND,9.5,Points,pts,Goblin,11717420,11717420,315762,150721,2026-05-09T13:00:00.000-04:00,,,9.5,2,https://static.prizepicks.com/images/manual/Azzi.png,2026-05-03,OK,,,,,Indiana Fever,5.0,,6.0,Above Avg,0,24.0,7.0,12.0,4.0,8.0,3.0,12.0,4.0,,,11.0,9.25,9.25,2.0,3.0,0.0,0.4,0.4,0.6,0.375,0.625,0,,4433790,3,0,1,1,,,11.0,96.34,95.71,0.6300000000000097,medium,2,False,,,False,1.0,normal_rest,,,,wnba_api_pace
237851,Caitlin Clark,G,IND,DAL,9.5,Assists,ast,Demon,11717431,11717431,237851,150721,2026-05-09T13:00:00.000-04:00,,,,1,https://static.prizepicks.com/images/players/NBA/Caitlin_Clark_WNBA_player_QSGioalNHPIX9vjS6b9g2AVO.webp,2026-05-03,OK,,,,,Dallas Wings,3.0,,4.0,Above Avg,0,9.0,10.0,8.0,9.0,7.0,4.0,4.0,4.0,7.0,13.0,8.6,7.5,7.5,1.0,4.0,0.0,0.2,0.2,0.8,0.2,0.8,0,,4433403,1,1,3,0,0.287,high,31.0,95.71,96.34,-0.6300000000000097,medium,2,False,3.135,medium,False,1.0,normal_rest,,,,wnba_api_usage;wnba_api_pace;wnba_api_fouls
198928,Maddy Siegrist,F,DAL,IND,9.5,Points,pts,Goblin,11717447,11717447,198928,150721,2026-05-09T13:00:00.000-04:00,,,,2,https://static.prizepicks.com/images/players/NBA/Maddy_Siegrist_WNBA_player_PvhKfiewQCBz5r4ey5IRM2wR.webp,2026-05-03,OK,,,,,Indiana Fever,5.0,,6.0,Above Avg,0,2.0,5.0,0.0,8.0,17.0,2.0,7.0,14.0,18.0,10.0,6.4,8.3,8.3,1.0,4.0,0.0,0.2,0.2,0.8,0.4,0.6,0,,4399415,3,0,1,1,0.184,medium,27.0,96.34,95.71,0.6300000000000097,medium,2,False,2.533,low,False,1.0,normal_rest,,,,wnba_api_usage;wnba_api_pace;wnba_api_fouls
237851,Caitlin Clark,G,IND,DAL,8.5,Rebounds,reb,Demon,11717440,11717440,237851,150721,2026-05-09T13:00:00.000-04:00,,,,3,https://static.prizepicks.com/images/players/NBA/Caitlin_Clark_WNBA_player_QSGioalNHPIX9vjS6b9g2AVO.webp,2026-05-03,OK,,,,,Dallas Wings,3.0,,4.0,Above Avg,0,2.0,7.0,4.0,4.0,5.0,2.0,2.0,3.0,8.0,3.0,4.4,4.0,4.0,0.0,5.0,0.0,0.0,0.0,1.0,0.0,1.0,0,,4433403,1,1,3,0,0.287,high,31.0,95.71,96.34,-0.6300000000000097,medium,2,False,3.135,medium,False,1.0,normal_rest,,,,wnba_api_usage;wnba_api_pace;wnba_api_fouls
237836,Paige Bueckers,G,DAL,IND,8.5,Assists,ast,Demon,11717460,11717460,237836,150721,2026-05-09T13:00:00.000-04:00,,,3.5,3,https://static.prizepicks.com/images/players/NBA/Paige_Bueckers_WNBA_player_9Y8nnqPB9PRhUk1Zb4Mlsb5c.webp,2026-05-03,OK,,,,,Indiana Fever,5.0,,6.0,Above Avg,0,2.0,7.0,4.0,2.0,8.0,3.0,4.0,9.0,3.0,7.0,4.6,4.9,4.9,0.0,5.0,0.0,0.0,0.0,1.0,0.1,0.9,0,,4433730,3,0,1,1,0.241,medium,33.3,96.34,95.71,0.6300000000000097,medium,2,False,2.486,low,False,1.0,normal_rest,,,,wnba_api_usage;wnba_api_pace;wnba_api_fouls
237853,Aliyah Boston,C-F,IND,DAL,7.5,Rebounds,reb,Goblin,11717404,11717404,237853,150721,2026-05-09T13:00:00.000-04:00,,,,1,https://static.prizepicks.com/images/players/NBA/Aliyah_Boston_WNBA_player_G6uHubog9X1bQPpQo9lPzFr9.webp,2026-05-03,OK,,,,,Dallas Wings,3.0,,4.0,Above Avg,0,16.0,8.0,4.0,7.0,4.0,1.0,16.0,14.0,8.0,13.0,7.8,9.1,9.1,2.0,3.0,0.0,0.4,0.4,0.6,0.6,0.4,0,,4432831,1,1,3,0,0.215,medium,30.2,95.71,96.34,-0.6300000000000097,medium,2,False,3.695,medium,False,1.0,normal_rest,,,,wnba_api_usage;wnba_api_pace;wnba_api_fouls
237835,Arike Ogunbowale,G,DAL,IND,7.5,Assists,ast,Demon,11717413,11717413,237835,150721,2026-05-09T13:00:00.000-04:00,,,,3,https://static.prizepicks.com/images/players/NBA/Arike_Ogunbowale_WNBA_player_li5EkQnXby20K9Lhu8gX4Ygc.webp,2026-05-03,OK,,,,,Indiana Fever,5.0,,6.0,Above Avg,0,5.0,1.0,5.0,1.0,1.0,1.0,5.0,2.0,3.0,4.0,2.6,2.8,2.8,0.0,5.0,0.0,0.0,0.0,1.0,0.0,1.0,0,,3904577,3,0,1,1,0.221,medium,33.3,96.34,95.71,0.6300000000000097,medium,2,False,2.811,low,False,1.0,normal_rest,,,,wnba_api_usage;wnba_api_pace;wnba_api_fouls
237851,Caitlin Clark,G,IND,DAL,7.5,Assists,ast,Goblin,11717429,11717429,237851,150721,2026-05-09T13:00:00.000-04:00,,,,1,https://static.prizepicks.com/images/players/NBA/Caitlin_Clark_WNBA_player_QSGioalNHPIX9vjS6b9g2AVO.webp,2026-05-03,OK,,,,,Dallas Wings,3.0,,4.0,Above Avg,0,9.0,10.0,8.0,9.0,7.0,4.0,4.0,4.0,7.0,13.0,8.6,7.5,7.5,4.0,1.0,0.0,0.8,0.8,0.2,0.5,0.5,0,,4433403,1,1,3,0,0.287,high,31.0,95.71,96.34,-0.6300000000000097,medium,2,False,3.135,medium,False,1.0,normal_rest,,,,wnba_api_usage;wnba_api_pace;wnba_api_fouls
237851,Caitlin Clark,G,IND,DAL,7.5,Rebounds,reb,Demon,11717439,11717439,237851,150721,2026-05-09T13:00:00.000-04:00,,,,2,https://static.prizepicks.com/images/players/NBA/Caitlin_Clark_WNBA_player_QSGioalNHPIX9vjS6b9g2AVO.webp,2026-05-03,OK,,,,,Dallas Wings,3.0,,4.0,Above Avg,0,2.0,7.0,4.0,4.0,5.0,2.0,2.0,3.0,8.0,3.0,4.4,4.0,4.0,0.0,5.0,0.0,0.0,0.0,1.0,0.1,0.9,0,,4433403,1,1,3,0,0.287,high,31.0,95.71,96.34,-0.6300000000000097,medium,2,False,3.135,medium,False,1.0,normal_rest,,,,wnba_api_usage;wnba_api_pace;wnba_api_fouls
237836,Paige Bueckers,G,DAL,IND,7.5,Assists,ast,Demon,11717459,11717459,237836,150721,2026-05-09T13:00:00.000-04:00,,,3.5,2,https://static.prizepicks.com/images/players/NBA/Paige_Bueckers_WNBA_player_9Y8nnqPB9PRhUk1Zb4Mlsb5c.webp,2026-05-03,OK,,,,,Indiana Fever,5.0,,6.0,Above Avg,0,2.0,7.0,4.0,2.0,8.0,3.0,4.0,9.0,3.0,7.0,4.6,4.9,4.9,1.0,4.0,0.0,0.2,0.2,0.8,0.2,0.8,0,,4433730,3,0,1,1,0.241,medium,33.3,96.34,95.71,0.6300000000000097,medium,2,False,2.486,low,False,1.0,normal_rest,,,,wnba_api_usage;wnba_api_pace;wnba_api_fouls
237835,Arike Ogunbowale,G,DAL,IND,6.5,Assists,ast,Demon,11717412,11717412,237835,150721,2026-05-09T13:00:00.000-04:00,,,,2,https://static.prizepicks.com/images/players/NBA/Arike_Ogunbowale_WNBA_player_li5EkQnXby20K9Lhu8gX4Ygc.webp,2026-05-03,OK,,,,,Indiana Fever,5.0,,6.0,Above Avg,0,5.0,1.0,5.0,1.0,1.0,1.0,5.0,2.0,3.0,4.0,2.6,2.8,2.8,0.0,5.0,0.0,0.0,0.0,1.0,0.0,1.0,0,,3904577,3,0,1,1,0.221,medium,33.3,96.34,95.71,0.6300000000000097,medium,2,False,2.811,low,False,1.0,normal_rest,,,,wnba_api_usage;wnba_api_pace;wnba_api_fouls
237851,Caitlin Clark,G,IND,DAL,6.5,Rebounds,reb,Demon,11717438,11717438,237851,150721,2026-05-09T13:00:00.000-04:00,,,,1,https://static.prizepicks.com/images/players/NBA/Caitlin_Clark_WNBA_player_QSGioalNHPIX9vjS6b9g2AVO.webp,2026-05-03,OK,,,,,Dallas Wings,3.0,,4.0,Above Avg,0,2.0,7.0,4.0,4.0,5.0,2.0,2.0,3.0,8.0,3.0,4.4,4.0,4.0,1.0,4.0,0.0,0.2,0.2,0.8,0.2,0.8,0,,4433403,1,1,3,0,0.287,high,31.0,95.71,96.34,-0.6300000000000097,medium,2,False,3.135,medium,False,1.0,normal_rest,,,,wnba_api_usage;wnba_api_pace;wnba_api_fouls
237836,Paige Bueckers,G,DAL,IND,6.5,Assists,ast,Demon,11717458,11717458,237836,150721,2026-05-09T13:00:00.000-04:00,,,3.5,1,https://static.prizepicks.com/images/players/NBA/Paige_Bueckers_WNBA_player_9Y8nnqPB9PRhUk1Zb4Mlsb5c.webp,2026-05-03,OK,,,,,Indiana Fever,5.0,,6.0,Above Avg,0,2.0,7.0,4.0,2.0,8.0,3.0,4.0,9.0,3.0,7.0,4.6,4.9,4.9,2.0,3.0,0.0,0.4,0.4,0.6,0.4,0.6,0,,4433730,3,0,1,1,0.241,medium,33.3,96.34,95.71,0.6300000000000097,medium,2,False,2.486,low,False,1.0,normal_rest,,,,wnba_api_usage;wnba_api_pace;wnba_api_fouls
237836,Paige Bueckers,G,DAL,IND,6.5,Rebounds,reb,Demon,11717465,11717465,237836,150721,2026-05-09T13:00:00.000-04:00,,,,2,https://static.prizepicks.com/images/players/NBA/Paige_Bueckers_WNBA_player_9Y8nnqPB9PRhUk1Zb4Mlsb5c.webp,2026-05-03,OK,,,,,Indiana Fever,5.0,,6.0,Above Avg,0,6.0,1.0,3.0,1.0,3.0,2.0,3.0,4.0,2.0,8.0,2.8,3.3,3.3,0.0,5.0,0.0,0.0,0.0,1.0,0.1,0.9,0,,4433730,3,0,1,1,0.241,medium,33.3,96.34,95.71,0.6300000000000097,medium,2,False,2.486,low,False,1.0,normal_rest,,,,wnba_api_usage;wnba_api_pace;wnba_api_fouls
237853,Aliyah Boston,C-F,IND,DAL,5.5,Assists,ast,Demon,11717399,11717399,237853,150721,2026-05-09T13:00:00.000-04:00,,,,1,https://static.prizepicks.com/images/players/NBA/Aliyah_Boston_WNBA_player_G6uHubog9X1bQPpQo9lPzFr9.webp,2026-05-03,OK,,,,,Dallas Wings,3.0,,4.0,Above Avg,0,3.0,3.0,1.0,2.0,3.0,6.0,2.0,5.0,4.0,3.0,2.4,3.2,3.2,0.0,5.0,0.0,0.0,0.0,1.0,0.1,0.9,0,,4432831,1,1,3,0,0.215,medium,30.2,95.71,96.34,-0.6300000000000097,medium,2,False,3.695,medium,False,1.0,normal_rest,,,,wnba_api_usage;wnba_api_pace;wnba_api_fouls
237835,Arike Ogunbowale,G,DAL,IND,5.5,Assists,ast,Demon,11717411,11717411,237835,150721,2026-05-09T13:00:00.000-04:00,,,,1,https://static.prizepicks.com/images/players/NBA/Arike_Ogunbowale_WNBA_player_li5EkQnXby20K9Lhu8gX4Ygc.webp,2026-05-03,OK,,,,,Indiana Fever,5.0,,6.0,Above Avg,0,5.0,1.0,5.0,1.0,1.0,1.0,5.0,2.0,3.0,4.0,2.6,2.8,2.8,0.0,5.0,0.0,0.0,0.0,1.0,0.0,1.0,0,,3904577,3,0,1,1,0.221,medium,33.3,96.34,95.71,0.6300000000000097,medium,2,False,2.811,low,False,1.0,normal_rest,,,,wnba_api_usage;wnba_api_pace;wnba_api_fouls
237836,Paige Bueckers,G,DAL,IND,5.5,Rebounds,reb,Demon,11717464,11717464,237836,150721,2026-05-09T13:00:00.000-04:00,,,,1,https://static.prizepicks.com/images/players/NBA/Paige_Bueckers_WNBA_player_9Y8nnqPB9PRhUk1Zb4Mlsb5c.webp,2026-05-03,OK,,,,,Indiana Fever,5.0,,6.0,Above Avg,0,6.0,1.0,3.0,1.0,3.0,2.0,3.0,4.0,2.0,8.0,2.8,3.3,3.3,1.0,4.0,0.0,0.2,0.2,0.8,0.2,0.8,0,,4433730,3,0,1,1,0.241,medium,33.3,96.34,95.71,0.6300000000000097,medium,2,False,2.486,low,False,1.0,normal_rest,,,,wnba_api_usage;wnba_api_pace;wnba_api_fouls
237851,Caitlin Clark,G,IND,DAL,4.5,3-PT Made,3ptmade,Demon,11717428,11717428,237851,150721,2026-05-09T13:00:00.000-04:00,,,,2,https://static.prizepicks.com/images/players/NBA/Caitlin_Clark_WNBA_player_QSGioalNHPIX9vjS6b9g2AVO.webp,2026-05-03,OK,,,,,Dallas Wings,3.0,,4.0,Above Avg,0,4.0,2.0,7.0,1.0,2.0,2.0,2.0,1.0,1.0,2.0,3.2,2.4,2.4,1.0,4.0,0.0,0.2,0.2,0.8,0.1,0.9,0,,4433403,1,1,3,0,0.287,high,31.0,95.71,96.34,-0.6300000000000097,medium,2,False,3.135,medium,False,1.0,normal_rest,,,,wnba_api_usage;wnba_api_pace;wnba_api_fouls
237851,Caitlin Clark,G,IND,DAL,4.5,Rebounds,reb,Goblin,11717436,11717436,237851,150721,2026-05-09T13:00:00.000-04:00,,,,1,https://static.prizepicks.com/images/players/NBA/Caitlin_Clark_WNBA_player_QSGioalNHPIX9vjS6b9g2AVO.webp,2026-05-03,OK,,,,,Dallas Wings,3.0,,4.0,Above Avg,0,2.0,7.0,4.0,4.0,5.0,2.0,2.0,3.0,8.0,3.0,4.4,4.0,4.0,2.0,3.0,0.0,0.4,0.4,0.6,0.3,0.7,0,,4433403,1,1,3,0,0.287,high,31.0,95.71,96.34,-0.6300000000000097,medium,2,False,3.135,medium,False,1.0,normal_rest,,,,wnba_api_usage;wnba_api_pace;wnba_api_fouls
237852,Kelsey Mitchell,G,IND,DAL,4.5,3-PT Made,3ptmade,Demon,11717443,11717443,237852,150721,2026-05-09T13:00:00.000-04:00,,,,2,https://static.prizepicks.com/images/players/NBA/Kelsey_Mitchell_WNBA_player_EIjpvNmrTSUtZ3DS46UvarB1.webp,2026-05-03,OK,,,,,Dallas Wings,3.0,,4.0,Above Avg,0,0.0,2.0,1.0,4.0,3.0,2.0,3.0,0.0,2.0,3.0,2.0,2.0,2.0,0.0,5.0,0.0,0.0,0.0,1.0,0.0,1.0,0,,3142191,1,1,3,0,0.264,high,31.4,95.71,96.34,-0.6300000000000097,medium,2,False,2.293,low,False,1.0,normal_rest,,,,wnba_api_usage;wnba_api_pace;wnba_api_fouls
237836,Paige Bueckers,G,DAL,IND,4.5,Assists,ast,Goblin,11717456,11717456,237836,150721,2026-05-09T13:00:00.000-04:00,,,3.5,1,https://static.prizepicks.com/images/players/NBA/Paige_Bueckers_WNBA_player_9Y8nnqPB9PRhUk1Zb4Mlsb5c.webp,2026-05-03,OK,,,,,Indiana Fever,5.0,,6.0,Above Avg,0,2.0,7.0,4.0,2.0,8.0,3.0,4.0,9.0,3.0,7.0,4.6,4.9,4.9,2.0,3.0,0.0,0.4,0.4,0.6,0.4,0.6,0,,4433730,3,0,1,1,0.241,medium,33.3,96.34,95.71,0.6300000000000097,medium,2,False,2.486,low,False,1.0,normal_rest,,,,wnba_api_usage;wnba_api_pace;wnba_api_fouls
237835,Arike Ogunbowale,G,DAL,IND,3.5,3-PT Made,3ptmade,Demon,11717409,11717409,237835,150721,2026-05-09T13:00:00.000-04:00,,,,2,https://static.prizepicks.com/images/players/NBA/Arike_Ogunbowale_WNBA_player_li5EkQnXby20K9Lhu8gX4Ygc.webp,2026-05-03,OK,,,,,Indiana Fever,5.0,,6.0,Above Avg,0,5.0,0.0,4.0,1.0,1.0,0.0,3.0,0.0,0.0,2.0,2.2,1.6,1.6,2.0,3.0,0.0,0.4,0.4,0.6,0.2,0.8,0,,3904577,3,0,1,1,0.221,medium,33.3,96.34,95.71,0.6300000000000097,medium,2,False,2.811,low,False,1.0,normal_rest,,,,wnba_api_usage;wnba_api_pace;wnba_api_fouls
237835,Arike Ogunbowale,G,DAL,IND,3.5,Assists,ast,Goblin,11717410,11717410,237835,150721,2026-05-09T13:00:00.000-04:00,,,,1,https://static.prizepicks.com/images/players/NBA/Arike_Ogunbowale_WNBA_player_li5EkQnXby20K9Lhu8gX4Ygc.webp,2026-05-03,OK,,,,,Indiana Fever,5.0,,6.0,Above Avg,0,5.0,1.0,5.0,1.0,1.0,1.0,5.0,2.0,3.0,4.0,2.6,2.8,2.8,2.0,3.0,0.0,0.4,0.4,0.6,0.4,0.6,0,,3904577,3,0,1,1,0.221,medium,33.3,96.34,95.71,0.6300000000000097,medium,2,False,2.811,low,False,1.0,normal_rest,,,,wnba_api_usage;wnba_api_pace;wnba_api_fouls
237851,Caitlin Clark,G,IND,DAL,3.5,3-PT Made,3ptmade,Demon,11717427,11717427,237851,150721,2026-05-09T13:00:00.000-04:00,,,,1,https://static.prizepicks.com/images/players/NBA/Caitlin_Clark_WNBA_player_QSGioalNHPIX9vjS6b9g2AVO.webp,2026-05-03,OK,,,,,Dallas Wings,3.0,,4.0,Above Avg,0,4.0,2.0,7.0,1.0,2.0,2.0,2.0,1.0,1.0,2.0,3.2,2.4,2.4,2.0,3.0,0.0,0.4,0.4,0.6,0.2,0.8,0,,4433403,1,1,3,0,0.287,high,31.0,95.71,96.34,-0.6300000000000097,medium,2,False,3.135,medium,False,1.0,normal_rest,,,,wnba_api_usage;wnba_api_pace;wnba_api_fouls
237851,Caitlin Clark,G,IND,DAL,3.5,Rebounds,reb,Goblin,11717437,11717437,237851,150721,2026-05-09T13:00:00.000-04:00,,,,2,https://static.prizepicks.com/images/players/NBA/Caitlin_Clark_WNBA_player_QSGioalNHPIX9vjS6b9g2AVO.webp,2026-05-03,OK,,,,,Dallas Wings,3.0,,4.0,Above Avg,0,2.0,7.0,4.0,4.0,5.0,2.0,2.0,3.0,8.0,3.0,4.4,4.0,4.0,4.0,1.0,0.0,0.8,0.8,0.2,0.5,0.5,0,,4433403,1,1,3,0,0.287,high,31.0,95.71,96.34,-0.6300000000000097,medium,2,False,3.135,medium,False,1.0,normal_rest,,,,wnba_api_usage;wnba_api_pace;wnba_api_fouls
237852,Kelsey Mitchell,G,IND,DAL,3.5,3-PT Made,3ptmade,Demon,11717442,11717442,237852,150721,2026-05-09T13:00:00.000-04:00,,,,1,https://static.prizepicks.com/images/players/NBA/Kelsey_Mitchell_WNBA_player_EIjpvNmrTSUtZ3DS46UvarB1.webp,2026-05-03,OK,,,,,Dallas Wings,3.0,,4.0,Above Avg,0,0.0,2.0,1.0,4.0,3.0,2.0,3.0,0.0,2.0,3.0,2.0,2.0,2.0,1.0,4.0,0.0,0.2,0.2,0.8,0.1,0.9,0,,3142191,1,1,3,0,0.264,high,31.4,95.71,96.34,-0.6300000000000097,medium,2,False,2.293,low,False,1.0,normal_rest,,,,wnba_api_usage;wnba_api_pace;wnba_api_fouls
237836,Paige Bueckers,G,DAL,IND,3.5,Assists,ast,Goblin,11717457,11717457,237836,150721,2026-05-09T13:00:00.000-04:00,,,3.5,2,https://static.prizepicks.com/images/players/NBA/Paige_Bueckers_WNBA_player_9Y8nnqPB9PRhUk1Zb4Mlsb5c.webp,2026-05-03,OK,,,,,Indiana Fever,5.0,,6.0,Above Avg,0,2.0,7.0,4.0,2.0,8.0,3.0,4.0,9.0,3.0,7.0,4.6,4.9,4.9,3.0,2.0,0.0,0.6,0.6,0.4,0.6,0.4,0,,4433730,3,0,1,1,0.241,medium,33.3,96.34,95.71,0.6300000000000097,medium,2,False,2.486,low,False,1.0,normal_rest,,,,wnba_api_usage;wnba_api_pace;wnba_api_fouls
237836,Paige Bueckers,G,DAL,IND,3.5,Rebounds,reb,Goblin,11739850,11739850,237836,150721,2026-05-09T13:00:00.000-04:00,,,,1,https://static.prizepicks.com/images/players/NBA/Paige_Bueckers_WNBA_player_9Y8nnqPB9PRhUk1Zb4Mlsb5c.webp,2026-05-03,OK,,,,,Indiana Fever,5.0,,6.0,Above Avg,0,6.0,1.0,3.0,1.0,3.0,2.0,3.0,4.0,2.0,8.0,2.8,3.3,3.3,1.0,4.0,0.0,0.2,0.2,0.8,0.3,0.7,0,,4433730,3,0,1,1,0.241,medium,33.3,96.34,95.71,0.6300000000000097,medium,2,False,2.486,low,False,1.0,normal_rest,,,,wnba_api_usage;wnba_api_pace;wnba_api_fouls
237835,Arike Ogunbowale,G,DAL,IND,2.5,3-PT Made,3ptmade,Demon,11717408,11717408,237835,150721,2026-05-09T13:00:00.000-04:00,,,,1,https://static.prizepicks.com/images/players/NBA/Arike_Ogunbowale_WNBA_player_li5EkQnXby20K9Lhu8gX4Ygc.webp,2026-05-03,OK,,,,,Indiana Fever,5.0,,6.0,Above Avg,0,5.0,0.0,4.0,1.0,1.0,0.0,3.0,0.0,0.0,2.0,2.2,1.6,1.6,2.0,3.0,0.0,0.4,0.4,0.6,0.3,0.7,0,,3904577,3,0,1,1,0.221,medium,33.3,96.34,95.71,0.6300000000000097,medium,2,False,2.811,low,False,1.0,normal_rest,,,,wnba_api_usage;wnba_api_pace;wnba_api_fouls
237851,Caitlin Clark,G,IND,DAL,2.5,3-PT Made,3ptmade,Goblin,11717426,11717426,237851,150721,2026-05-09T13:00:00.000-04:00,,,,1,https://static.prizepicks.com/images/players/NBA/Caitlin_Clark_WNBA_player_QSGioalNHPIX9vjS6b9g2AVO.webp,2026-05-03,OK,,,,,Dallas Wings,3.0,,4.0,Above Avg,0,4.0,2.0,7.0,1.0,2.0,2.0,2.0,1.0,1.0,2.0,3.2,2.4,2.4,2.0,3.0,0.0,0.4,0.4,0.6,0.2,0.8,0,,4433403,1,1,3,0,0.287,high,31.0,95.71,96.34,-0.6300000000000097,medium,2,False,3.135,medium,False,1.0,normal_rest,,,,wnba_api_usage;wnba_api_pace;wnba_api_fouls
237836,Paige Bueckers,G,DAL,IND,2.5,3-PT Made,3ptmade,Demon,11717455,11717455,237836,150721,2026-05-09T13:00:00.000-04:00,,,,2,https://static.prizepicks.com/images/players/NBA/Paige_Bueckers_WNBA_player_9Y8nnqPB9PRhUk1Zb4Mlsb5c.webp,2026-05-03,OK,,,,,Indiana Fever,5.0,,6.0,Above Avg,0,2.0,1.0,1.0,1.0,3.0,2.0,1.0,1.0,4.0,2.0,1.6,1.8,1.8,1.0,4.0,0.0,0.2,0.2,0.8,0.2,0.8,0,,4433730,3,0,1,1,0.241,medium,33.3,96.34,95.71,0.6300000000000097,medium,2,False,2.486,low,False,1.0,normal_rest,,,,wnba_api_usage;wnba_api_pace;wnba_api_fouls
237835,Arike Ogunbowale,G,DAL,IND,1.5,3-PT Made,3ptmade,Goblin,11717407,11717407,237835,150721,2026-05-09T13:00:00.000-04:00,,,,1,https://static.prizepicks.com/images/players/NBA/Arike_Ogunbowale_WNBA_player_li5EkQnXby20K9Lhu8gX4Ygc.webp,2026-05-03,OK,,,,,Indiana Fever,5.0,,6.0,Above Avg,0,5.0,0.0,4.0,1.0,1.0,0.0,3.0,0.0,0.0,2.0,2.2,1.6,1.6,2.0,3.0,0.0,0.4,0.4,0.6,0.4,0.6,0,,3904577,3,0,1,1,0.221,medium,33.3,96.34,95.71,0.6300000000000097,medium,2,False,2.811,low,False,1.0,normal_rest,,,,wnba_api_usage;wnba_api_pace;wnba_api_fouls
237852,Kelsey Mitchell,G,IND,DAL,1.5,3-PT Made,3ptmade,Goblin,11717441,11717441,237852,150721,2026-05-09T13:00:00.000-04:00,,,,1,https://static.prizepicks.com/images/players/NBA/Kelsey_Mitchell_WNBA_player_EIjpvNmrTSUtZ3DS46UvarB1.webp,2026-05-03,OK,,,,,Dallas Wings,3.0,,4.0,Above Avg,0,0.0,2.0,1.0,4.0,3.0,2.0,3.0,0.0,2.0,3.0,2.0,2.0,2.0,3.0,2.0,0.0,0.6,0.6,0.4,0.7,0.3,0,,3142191,1,1,3,0,0.264,high,31.4,95.71,96.34,-0.6300000000000097,medium,2,False,2.293,low,False,1.0,normal_rest,,,,wnba_api_usage;wnba_api_pace;wnba_api_fouls
237836,Paige Bueckers,G,DAL,IND,1.5,3-PT Made,3ptmade,Demon,11717454,11717454,237836,150721,2026-05-09T13:00:00.000-04:00,,,,1,https://static.prizepicks.com/images/players/NBA/Paige_Bueckers_WNBA_player_9Y8nnqPB9PRhUk1Zb4Mlsb5c.webp,2026-05-03,OK,,,,,Indiana Fever,5.0,,6.0,Above Avg,0,2.0,1.0,1.0,1.0,3.0,2.0,1.0,1.0,4.0,2.0,1.6,1.8,1.8,2.0,3.0,0.0,0.4,0.4,0.6,0.5,0.5,0,,4433730,3,0,1,1,0.241,medium,33.3,96.34,95.71,0.6300000000000097,medium,2,False,2.486,low,False,1.0,normal_rest,,,,wnba_api_usage;wnba_api_pace;wnba_api_fouls
237851,Caitlin Clark,G,IND,DAL,1.5,3-PT Made,3ptmade,Goblin,11792878,11792878,237851,150721,2026-05-09T13:00:00.000-04:00,,,,2,https://static.prizepicks.com/images/players/NBA/Caitlin_Clark_WNBA_player_QSGioalNHPIX9vjS6b9g2AVO.webp,2026-05-03,OK,,,,,Dallas Wings,3.0,,4.0,Above Avg,0,4.0,2.0,7.0,1.0,2.0,2.0,2.0,1.0,1.0,2.0,3.2,2.4,2.4,4.0,1.0,0.0,0.8,0.8,0.2,0.7,0.3,0,,4433403,1,1,3,0,0.287,high,31.0,95.71,96.34,-0.6300000000000097,medium,2,False,3.135,medium,False,1.0,normal_rest,,,,wnba_api_usage;wnba_api_pace;wnba_api_fouls
237853,Aliyah Boston,C-F,IND,DAL,0.5,Double-Double,doubledouble,Demon,11717401,11717401,237853,150721,2026-05-09T13:00:00.000-04:00,,,,1,https://static.prizepicks.com/images/players/NBA/Aliyah_Boston_WNBA_player_G6uHubog9X1bQPpQo9lPzFr9.webp,2026-05-03,OK,,,,,Dallas Wings,3.0,,4.0,Above Avg,0,,,,,,,,,,,,,,,,,,,,,,1,UNSUPPORTED_PROP:doubledouble,4432831,1,1,3,0,0.215,medium,30.2,95.71,96.34,-0.6300000000000097,medium,2,False,3.695,medium,False,1.0,normal_rest,,,,wnba_api_usage;wnba_api_pace;wnba_api_fouls
237836,Paige Bueckers,G,DAL,IND,0.5,3-PT Made,3ptmade,Goblin,11717453,11717453,237836,150721,2026-05-09T13:00:00.000-04:00,,,,1,https://static.prizepicks.com/images/players/NBA/Paige_Bueckers_WNBA_player_9Y8nnqPB9PRhUk1Zb4Mlsb5c.webp,2026-05-03,OK,,,,,Indiana Fever,5.0,,6.0,Above Avg,0,2.0,1.0,1.0,1.0,3.0,2.0,1.0,1.0,4.0,2.0,1.6,1.8,1.8,5.0,0.0,0.0,1.0,1.0,0.0,1.0,0.0,0,,4433730,3,0,1,1,0.241,medium,33.3,96.34,95.71,0.6300000000000097,medium,2,False,2.486,low,False,1.0,normal_rest,,,,wnba_api_usage;wnba_api_pace;wnba_api_fouls
237843,A'ja Wilson,C,LVA,PHX,23.5,Points,pts,Standard,11844699,11844699,237843,150722,2026-05-09T15:30:00.000-04:00,,,15.5,0,https://static.prizepicks.com/images/players/NBA/A'ja_Wilson_WNBA_player_e1fzWnin9JBoRKYaugxyyP08.webp,2026-05-03,OK,,,,,Phoenix Mercury,11.0,,11.0,Below Avg,0,24.0,20.0,45.0,22.0,19.0,19.0,18.0,31.0,34.0,28.0,26.0,26.0,26.0,2.0,3.0,0.0,0.4,0.4,0.6,0.5,0.5,0,,3149391,6,0,3,0,0.307,high,31.2,94.92,95.81,-0.8900000000000006,medium,1,True,2.192,low,False,1.0,normal_rest,,,,wnba_api_usage;wnba_api_pace;wnba_api_fouls
237843,A'ja Wilson,C,LVA,PHX,10.5,Rebounds,reb,Standard,11844701,11844701,237843,150722,2026-05-09T15:30:00.000-04:00,,,7.5,0,https://static.prizepicks.com/images/players/NBA/A'ja_Wilson_WNBA_player_e1fzWnin9JBoRKYaugxyyP08.webp,2026-05-03,OK,,,,,Phoenix Mercury,11.0,,11.0,Below Avg,0,15.0,6.0,3.0,11.0,4.0,4.0,5.0,9.0,14.0,14.0,7.8,8.5,8.5,2.0,3.0,0.0,0.4,0.4,0.6,0.4,0.6,0,,3149391,6,0,3,0,0.307,high,31.2,94.92,95.81,-0.8900000000000006,medium,1,True,2.192,low,False,1.0,normal_rest,,,,wnba_api_usage;wnba_api_pace;wnba_api_fouls
237843,A'ja Wilson,C,LVA,PHX,34.5,Points,pts,Demon,11717473,11717473,237843,150722,2026-05-09T15:30:00.000-04:00,,,15.5,2,https://static.prizepicks.com/images/players/NBA/A'ja_Wilson_WNBA_player_e1fzWnin9JBoRKYaugxyyP08.webp,2026-05-03,OK,,,,,Phoenix Mercury,11.0,,11.0,Below Avg,0,24.0,20.0,45.0,22.0,19.0,19.0,18.0,31.0,34.0,28.0,26.0,26.0,26.0,1.0,4.0,0.0,0.2,0.2,0.8,0.1,0.9,0,,3149391,6,0,3,0,0.307,high,31.2,94.92,95.81,-0.8900000000000006,medium,1,True,2.192,low,False,1.0,normal_rest,,,,wnba_api_usage;wnba_api_pace;wnba_api_fouls
237843,A'ja Wilson,C,LVA,PHX,29.5,Points,pts,Demon,11717472,11717472,237843,150722,2026-05-09T15:30:00.000-04:00,,,15.5,1,https://static.prizepicks.com/images/players/NBA/A'ja_Wilson_WNBA_player_e1fzWnin9JBoRKYaugxyyP08.webp,2026-05-03,OK,,,,,Phoenix Mercury,11.0,,11.0,Below Avg,0,24.0,20.0,45.0,22.0,19.0,19.0,18.0,31.0,34.0,28.0,26.0,26.0,26.0,1.0,4.0,0.0,0.2,0.2,0.8,0.3,0.7,0,,3149391,6,0,3,0,0.307,high,31.2,94.92,95.81,-0.8900000000000006,medium,1,True,2.192,low,False,1.0,normal_rest,,,,wnba_api_usage;wnba_api_pace;wnba_api_fouls
237846,Jackie Young,G,LVA,PHX,24.5,Points,pts,Demon,11717504,11717504,237846,150722,2026-05-09T15:30:00.000-04:00,,,,2,https://static.prizepicks.com/images/players/NBA/Jackie_Young_WNBA_player_xMYZ7NbkZrdioerQcMdWBKG9.webp,2026-05-03,OK,,,,,Phoenix Mercury,11.0,,11.0,Below Avg,0,0.0,0.0,13.0,11.0,20.0,12.0,16.0,17.0,18.0,21.0,8.8,12.8,12.8,0.0,5.0,0.0,0.0,0.0,1.0,0.0,1.0,0,,4065870,6,0,3,0,0.231,medium,30.4,94.92,95.81,-0.8900000000000006,medium,1,True,2.842,low,False,1.0,normal_rest,,,,wnba_api_usage;wnba_api_pace;wnba_api_fouls
237843,A'ja Wilson,C,LVA,PHX,19.5,Points,pts,Goblin,11717471,11717471,237843,150722,2026-05-09T15:30:00.000-04:00,,,15.5,1,https://static.prizepicks.com/images/players/NBA/A'ja_Wilson_WNBA_player_e1fzWnin9JBoRKYaugxyyP08.webp,2026-05-03,OK,,,,,Phoenix Mercury,11.0,,11.0,Below Avg,0,24.0,20.0,45.0,22.0,19.0,19.0,18.0,31.0,34.0,28.0,26.0,26.0,26.0,4.0,1.0,0.0,0.8,0.8,0.2,0.7,0.3,0,,3149391,6,0,3,0,0.307,high,31.2,94.92,95.81,-0.8900000000000006,medium,1,True,2.192,low,False,1.0,normal_rest,,,,wnba_api_usage;wnba_api_pace;wnba_api_fouls
237863,Alyssa Thomas,F,PHX,LVA,19.5,Points,pts,Demon,11717486,11717486,237863,150722,2026-05-09T15:30:00.000-04:00,,,,2,https://static.prizepicks.com/images/players/NBA/Alyssa_Thomas_WNBA_player_c83t6yiGUdTaX15qhECRPsSg.webp,2026-05-03,OK,,,,,,,,,,0,20.0,23.0,17.0,17.0,10.0,19.0,20.0,8.0,4.0,17.0,17.4,15.5,15.5,2.0,3.0,0.0,0.4,0.4,0.6,0.3,0.7,0,,2529140,3,0,6,0,0.238,medium,31.3,95.81,94.92,0.8900000000000006,medium,1,True,2.415,low,False,1.0,normal_rest,,,,wnba_api_usage;wnba_api_pace;wnba_api_fouls
237846,Jackie Young,G,LVA,PHX,19.5,Points,pts,Demon,11717503,11717503,237846,150722,2026-05-09T15:30:00.000-04:00,,,,1,https://static.prizepicks.com/images/players/NBA/Jackie_Young_WNBA_player_xMYZ7NbkZrdioerQcMdWBKG9.webp,2026-05-03,OK,,,,,Phoenix Mercury,11.0,,11.0,Below Avg,0,0.0,0.0,13.0,11.0,20.0,12.0,16.0,17.0,18.0,21.0,8.8,12.8,12.8,1.0,4.0,0.0,0.2,0.2,0.8,0.2,0.8,0,,4065870,6,0,3,0,0.231,medium,30.4,94.92,95.81,-0.8900000000000006,medium,1,True,2.842,low,False,1.0,normal_rest,,,,wnba_api_usage;wnba_api_pace;wnba_api_fouls
237863,Alyssa Thomas,F,PHX,LVA,17.5,Points,pts,Demon,11717487,11717487,237863,150722,2026-05-09T15:30:00.000-04:00,,,,1,https://static.prizepicks.com/images/players/NBA/Alyssa_Thomas_WNBA_player_c83t6yiGUdTaX15qhECRPsSg.webp,2026-05-03,OK,,,,,,,,,,0,20.0,23.0,17.0,17.0,10.0,19.0,20.0,8.0,4.0,17.0,17.4,15.5,15.5,2.0,3.0,0.0,0.4,0.4,0.6,0.4,0.6,0,,2529140,3,0,6,0,0.238,medium,31.3,95.81,94.92,0.8900000000000006,medium,1,True,2.415,low,False,1.0,normal_rest,,,,wnba_api_usage;wnba_api_pace;wnba_api_fouls
237846,Jackie Young,G,LVA,PHX,14.5,Points,pts,Goblin,11717502,11717502,237846,150722,2026-05-09T15:30:00.000-04:00,,,,1,https://static.prizepicks.com/images/players/NBA/Jackie_Young_WNBA_player_xMYZ7NbkZrdioerQcMdWBKG9.webp,2026-05-03,OK,,,,,Phoenix Mercury,11.0,,11.0,Below Avg,0,0.0,0.0,13.0,11.0,20.0,12.0,16.0,17.0,18.0,21.0,8.8,12.8,12.8,1.0,4.0,0.0,0.2,0.2,0.8,0.5,0.5,0,,4065870,6,0,3,0,0.231,medium,30.4,94.92,95.81,-0.8900000000000006,medium,1,True,2.842,low,False,1.0,normal_rest,,,,wnba_api_usage;wnba_api_pace;wnba_api_fouls
237843,A'ja Wilson,C,LVA,PHX,13.5,Rebounds,reb,Demon,11717477,11717477,237843,150722,2026-05-09T15:30:00.000-04:00,,,7.5,3,https://static.prizepicks.com/images/players/NBA/A'ja_Wilson_WNBA_player_e1fzWnin9JBoRKYaugxyyP08.webp,2026-05-03,OK,,,,,Phoenix Mercury,11.0,,11.0,Below Avg,0,15.0,6.0,3.0,11.0,4.0,4.0,5.0,9.0,14.0,14.0,7.8,8.5,8.5,1.0,4.0,0.0,0.2,0.2,0.8,0.3,0.7,0,,3149391,6,0,3,0,0.307,high,31.2,94.92,95.81,-0.8900000000000006,medium,1,True,2.192,low,False,1.0,normal_rest,,,,wnba_api_usage;wnba_api_pace;wnba_api_fouls
237843,A'ja Wilson,C,LVA,PHX,12.5,Rebounds,reb,Demon,11717476,11717476,237843,150722,2026-05-09T15:30:00.000-04:00,,,7.5,2,https://static.prizepicks.com/images/players/NBA/A'ja_Wilson_WNBA_player_e1fzWnin9JBoRKYaugxyyP08.webp,2026-05-03,OK,,,,,Phoenix Mercury,11.0,,11.0,Below Avg,0,15.0,6.0,3.0,11.0,4.0,4.0,5.0,9.0,14.0,14.0,7.8,8.5,8.5,1.0,4.0,0.0,0.2,0.2,0.8,0.3,0.7,0,,3149391,6,0,3,0,0.307,high,31.2,94.92,95.81,-0.8900000000000006,medium,1,True,2.192,low,False,1.0,normal_rest,,,,wnba_api_usage;wnba_api_pace;wnba_api_fouls
237863,Alyssa Thomas,F,PHX,LVA,12.5,Rebounds,reb,Demon,11717493,11717493,237863,150722,2026-05-09T15:30:00.000-04:00,,,,3,https://static.prizepicks.com/images/players/NBA/Alyssa_Thomas_WNBA_player_c83t6yiGUdTaX15qhECRPsSg.webp,2026-05-03,OK,,,,,,,,,,0,12.0,7.0,6.0,11.0,4.0,9.0,6.0,6.0,3.0,12.0,8.0,7.6,7.6,0.0,5.0,0.0,0.0,0.0,1.0,0.0,1.0,0,,2529140,3,0,6,0,0.238,medium,31.3,95.81,94.92,0.8900000000000006,medium,1,True,2.415,low,False,1.0,normal_rest,,,,wnba_api_usage;wnba_api_pace;wnba_api_fouls
237843,A'ja Wilson,C,LVA,PHX,11.5,Rebounds,reb,Demon,11717478,11717478,237843,150722,2026-05-09T15:30:00.000-04:00,,,7.5,1,https://static.prizepicks.com/images/players/NBA/A'ja_Wilson_WNBA_player_e1fzWnin9JBoRKYaugxyyP08.webp,2026-05-03,OK,,,,,Phoenix Mercury,11.0,,11.0,Below Avg,0,15.0,6.0,3.0,11.0,4.0,4.0,5.0,9.0,14.0,14.0,7.8,8.5,8.5,1.0,4.0,0.0,0.2,0.2,0.8,0.3,0.7,0,,3149391,6,0,3,0,0.307,high,31.2,94.92,95.81,-0.8900000000000006,medium,1,True,2.192,low,False,1.0,normal_rest,,,,wnba_api_usage;wnba_api_pace;wnba_api_fouls
237863,Alyssa Thomas,F,PHX,LVA,11.5,Assists,ast,Demon,11717482,11717482,237863,150722,2026-05-09T15:30:00.000-04:00,,,,3,https://static.prizepicks.com/images/players/NBA/Alyssa_Thomas_WNBA_player_c83t6yiGUdTaX15qhECRPsSg.webp,2026-05-03,OK,,,,,,,,,,0,7.0,7.0,8.0,6.0,8.0,11.0,9.0,9.0,8.0,10.0,7.2,8.3,8.3,0.0,5.0,0.0,0.0,0.0,1.0,0.0,1.0,0,,2529140,3,0,6,0,0.238,medium,31.3,95.81,94.92,0.8900000000000006,medium,1,True,2.415,low,False,1.0,normal_rest,,,,wnba_api_usage;wnba_api_pace;wnba_api_fouls
237863,Alyssa Thomas,F,PHX,LVA,11.5,Points,pts,Goblin,11717485,11717485,237863,150722,2026-05-09T15:30:00.000-04:00,,,,1,https://static.prizepicks.com/images/players/NBA/Alyssa_Thomas_WNBA_player_c83t6yiGUdTaX15qhECRPsSg.webp,2026-05-03,OK,,,,,,,,,,0,20.0,23.0,17.0,17.0,10.0,19.0,20.0,8.0,4.0,17.0,17.4,15.5,15.5,4.0,1.0,0.0,0.8,0.8,0.2,0.7,0.3,0,,2529140,3,0,6,0,0.238,medium,31.3,95.81,94.92,0.8900000000000006,medium,1,True,2.415,low,False,1.0,normal_rest,,,,wnba_api_usage;wnba_api_pace;wnba_api_fouls
237863,Alyssa Thomas,F,PHX,LVA,11.5,Rebounds,reb,Demon,11717492,11717492,237863,150722,2026-05-09T15:30:00.000-04:00,,,,2,https://static.prizepicks.com/images/players/NBA/Alyssa_Thomas_WNBA_player_c83t6yiGUdTaX15qhECRPsSg.webp,2026-05-03,OK,,,,,,,,,,0,12.0,7.0,6.0,11.0,4.0,9.0,6.0,6.0,3.0,12.0,8.0,7.6,7.6,1.0,4.0,0.0,0.2,0.2,0.8,0.2,0.8,0,,2529140,3,0,6,0,0.238,medium,31.3,95.81,94.92,0.8900000000000006,medium,1,True,2.415,low,False,1.0,normal_rest,,,,wnba_api_usage;wnba_api_pace;wnba_api_fouls
237863,Alyssa Thomas,F,PHX,LVA,10.5,Assists,ast,Demon,11717481,11717481,237863,150722,2026-05-09T15:30:00.000-04:00,,,,2,https://static.prizepicks.com/images/players/NBA/Alyssa_Thomas_WNBA_player_c83t6yiGUdTaX15qhECRPsSg.webp,2026-05-03,OK,,,,,,,,,,0,7.0,7.0,8.0,6.0,8.0,11.0,9.0,9.0,8.0,10.0,7.2,8.3,8.3,0.0,5.0,0.0,0.0,0.0,1.0,0.1,0.9,0,,2529140,3,0,6,0,0.238,medium,31.3,95.81,94.92,0.8900000000000006,medium,1,True,2.415,low,False,1.0,normal_rest,,,,wnba_api_usage;wnba_api_pace;wnba_api_fouls
237863,Alyssa Thomas,F,PHX,LVA,10.5,Rebounds,reb,Demon,11717491,11717491,237863,150722,2026-05-09T15:30:00.000-04:00,,,,1,https://static.prizepicks.com/images/players/NBA/Alyssa_Thomas_WNBA_player_c83t6yiGUdTaX15qhECRPsSg.webp,2026-05-03,OK,,,,,,,,,,0,12.0,7.0,6.0,11.0,4.0,9.0,6.0,6.0,3.0,12.0,8.0,7.6,7.6,2.0,3.0,0.0,0.4,0.4,0.6,0.3,0.7,0,,2529140,3,0,6,0,0.238,medium,31.3,95.81,94.92,0.8900000000000006,medium,1,True,2.415,low,False,1.0,normal_rest,,,,wnba_api_usage;wnba_api_pace;wnba_api_fouls
237843,A'ja Wilson,C,LVA,PHX,9.5,Rebounds,reb,Goblin,11717475,11717475,237843,150722,2026-05-09T15:30:00.000-04:00,,,7.5,1,https://static.prizepicks.com/images/players/NBA/A'ja_Wilson_WNBA_player_e1fzWnin9JBoRKYaugxyyP08.webp,2026-05-03,OK,,,,,Phoenix Mercury,11.0,,11.0,Below Avg,0,15.0,6.0,3.0,11.0,4.0,4.0,5.0,9.0,14.0,14.0,7.8,8.5,8.5,2.0,3.0,0.0,0.4,0.4,0.6,0.4,0.6,0,,3149391,6,0,3,0,0.307,high,31.2,94.92,95.81,-0.8900000000000006,medium,1,True,2.192,low,False,1.0,normal_rest,,,,wnba_api_usage;wnba_api_pace;wnba_api_fouls
237863,Alyssa Thomas,F,PHX,LVA,9.5,Assists,ast,Demon,11717483,11717483,237863,150722,2026-05-09T15:30:00.000-04:00,,,,1,https://static.prizepicks.com/images/players/NBA/Alyssa_Thomas_WNBA_player_c83t6yiGUdTaX15qhECRPsSg.webp,2026-05-03,OK,,,,,,,,,,0,7.0,7.0,8.0,6.0,8.0,11.0,9.0,9.0,8.0,10.0,7.2,8.3,8.3,0.0,5.0,0.0,0.0,0.0,1.0,0.2,0.8,0,,2529140,3,0,6,0,0.238,medium,31.3,95.81,94.92,0.8900000000000006,medium,1,True,2.415,low,False,1.0,normal_rest,,,,wnba_api_usage;wnba_api_pace;wnba_api_fouls
237843,A'ja Wilson,C,LVA,PHX,8.5,Rebounds,reb,Goblin,11717474,11717474,237843,150722,2026-05-09T15:30:00.000-04:00,,,7.5,2,https://static.prizepicks.com/images/players/NBA/A'ja_Wilson_WNBA_player_e1fzWnin9JBoRKYaugxyyP08.webp,2026-05-03,OK,,,,,Phoenix Mercury,11.0,,11.0,Below Avg,0,15.0,6.0,3.0,11.0,4.0,4.0,5.0,9.0,14.0,14.0,7.8,8.5,8.5,2.0,3.0,0.0,0.4,0.4,0.6,0.5,0.5,0,,3149391,6,0,3,0,0.307,high,31.2,94.92,95.81,-0.8900000000000006,medium,1,True,2.192,low,False,1.0,normal_rest,,,,wnba_api_usage;wnba_api_pace;wnba_api_fouls
237863,Alyssa Thomas,F,PHX,LVA,8.5,Rebounds,reb,Goblin,11717490,11717490,237863,150722,2026-05-09T15:30:00.000-04:00,,,,1,https://static.prizepicks.com/images/players/NBA/Alyssa_Thomas_WNBA_player_c83t6yiGUdTaX15qhECRPsSg.webp,2026-05-03,OK,,,,,,,,,,0,12.0,7.0,6.0,11.0,4.0,9.0,6.0,6.0,3.0,12.0,8.0,7.6,7.6,2.0,3.0,0.0,0.4,0.4,0.6,0.4,0.6,0,,2529140,3,0,6,0,0.238,medium,31.3,95.81,94.92,0.8900000000000006,medium,1,True,2.415,low,False,1.0,normal_rest,,,,wnba_api_usage;wnba_api_pace;wnba_api_fouls
237863,Alyssa Thomas,F,PHX,LVA,7.5,Assists,ast,Goblin,11717479,11717479,237863,150722,2026-05-09T15:30:00.000-04:00,,,,1,https://static.prizepicks.com/images/players/NBA/Alyssa_Thomas_WNBA_player_c83t6yiGUdTaX15qhECRPsSg.webp,2026-05-03,OK,,,,,,,,,,0,7.0,7.0,8.0,6.0,8.0,11.0,9.0,9.0,8.0,10.0,7.2,8.3,8.3,2.0,3.0,0.0,0.4,0.4,0.6,0.7,0.3,0,,2529140,3,0,6,0,0.238,medium,31.3,95.81,94.92,0.8900000000000006,medium,1,True,2.415,low,False,1.0,normal_rest,,,,wnba_api_usage;wnba_api_pace;wnba_api_fouls
237863,Alyssa Thomas,F,PHX,LVA,7.5,Rebounds,reb,Goblin,11717488,11717488,237863,150722,2026-05-09T15:30:00.000-04:00,,,,2,https://static.prizepicks.com/images/players/NBA/Alyssa_Thomas_WNBA_player_c83t6yiGUdTaX15qhECRPsSg.webp,2026-05-03,OK,,,,,,,,,,0,12.0,7.0,6.0,11.0,4.0,9.0,6.0,6.0,3.0,12.0,8.0,7.6,7.6,2.0,3.0,0.0,0.4,0.4,0.6,0.4,0.6,0,,2529140,3,0,6,0,0.238,medium,31.3,95.81,94.92,0.8900000000000006,medium,1,True,2.415,low,False,1.0,normal_rest,,,,wnba_api_usage;wnba_api_pace;wnba_api_fouls
237846,Jackie Young,G,LVA,PHX,7.5,Assists,ast,Demon,11717501,11717501,237846,150722,2026-05-09T15:30:00.000-04:00,,,,3,https://static.prizepicks.com/images/players/NBA/Jackie_Young_WNBA_player_xMYZ7NbkZrdioerQcMdWBKG9.webp,2026-05-03,OK,,,,,Phoenix Mercury,11.0,,11.0,Below Avg,0,2.0,7.0,6.0,6.0,9.0,3.0,3.0,4.0,8.0,9.0,6.0,5.7,5.7,1.0,4.0,0.0,0.2,0.2,0.8,0.3,0.7,0,,4065870,6,0,3,0,0.231,medium,30.4,94.92,95.81,-0.8900000000000006,medium,1,True,2.842,low,False,1.0,normal_rest,,,,wnba_api_usage;wnba_api_pace;wnba_api_fouls
237863,Alyssa Thomas,F,PHX,LVA,6.5,Assists,ast,Goblin,11717480,11717480,237863,150722,2026-05-09T15:30:00.000-04:00,,,,2,https://static.prizepicks.com/images/players/NBA/Alyssa_Thomas_WNBA_player_c83t6yiGUdTaX15qhECRPsSg.webp,2026-05-03,OK,,,,,,,,,,0,7.0,7.0,8.0,6.0,8.0,11.0,9.0,9.0,8.0,10.0,7.2,8.3,8.3,4.0,1.0,0.0,0.8,0.8,0.2,0.9,0.1,0,,2529140,3,0,6,0,0.238,medium,31.3,95.81,94.92,0.8900000000000006,medium,1,True,2.415,low,False,1.0,normal_rest,,,,wnba_api_usage;wnba_api_pace;wnba_api_fouls
237863,Alyssa Thomas,F,PHX,LVA,6.5,Rebounds,reb,Goblin,11717489,11717489,237863,150722,2026-05-09T15:30:00.000-04:00,,,,3,https://static.prizepicks.com/images/players/NBA/Alyssa_Thomas_WNBA_player_c83t6yiGUdTaX15qhECRPsSg.webp,2026-05-03,OK,,,,,,,,,,0,12.0,7.0,6.0,11.0,4.0,9.0,6.0,6.0,3.0,12.0,8.0,7.6,7.6,3.0,2.0,0.0,0.6,0.6,0.4,0.5,0.5,0,,2529140,3,0,6,0,0.238,medium,31.3,95.81,94.92,0.8900000000000006,medium,1,True,2.415,low,False,1.0,normal_rest,,,,wnba_api_usage;wnba_api_pace;wnba_api_fouls
237846,Jackie Young,G,LVA,PHX,6.5,Assists,ast,Demon,11717499,11717499,237846,150722,2026-05-09T15:30:00.000-04:00,,,,2,https://static.prizepicks.com/images/players/NBA/Jackie_Young_WNBA_player_xMYZ7NbkZrdioerQcMdWBKG9.webp,2026-05-03,OK,,,,,Phoenix Mercury,11.0,,11.0,Below Avg,0,2.0,7.0,6.0,6.0,9.0,3.0,3.0,4.0,8.0,9.0,6.0,5.7,5.7,2.0,3.0,0.0,0.4,0.4,0.6,0.4,0.6,0,,4065870,6,0,3,0,0.231,medium,30.4,94.92,95.81,-0.8900000000000006,medium,1,True,2.842,low,False,1.0,normal_rest,,,,wnba_api_usage;wnba_api_pace;wnba_api_fouls
237843,A'ja Wilson,C,LVA,PHX,5.5,Assists,ast,Demon,11717469,11717469,237843,150722,2026-05-09T15:30:00.000-04:00,,,2.5,3,https://static.prizepicks.com/images/players/NBA/A'ja_Wilson_WNBA_player_e1fzWnin9JBoRKYaugxyyP08.webp,2026-05-03,OK,,,,,Phoenix Mercury,11.0,,11.0,Below Avg,0,4.0,1.0,3.0,1.0,3.0,4.0,1.0,4.0,4.0,3.0,2.4,2.8,2.8,0.0,5.0,0.0,0.0,0.0,1.0,0.0,1.0,0,,3149391,6,0,3,0,0.307,high,31.2,94.92,95.81,-0.8900000000000006,medium,1,True,2.192,low,False,1.0,normal_rest,,,,wnba_api_usage;wnba_api_pace;wnba_api_fouls
237846,Jackie Young,G,LVA,PHX,5.5,Assists,ast,Demon,11717500,11717500,237846,150722,2026-05-09T15:30:00.000-04:00,,,,1,https://static.prizepicks.com/images/players/NBA/Jackie_Young_WNBA_player_xMYZ7NbkZrdioerQcMdWBKG9.webp,2026-05-03,OK,,,,,Phoenix Mercury,11.0,,11.0,Below Avg,0,2.0,7.0,6.0,6.0,9.0,3.0,3.0,4.0,8.0,9.0,6.0,5.7,5.7,4.0,1.0,0.0,0.8,0.8,0.2,0.6,0.4,0,,4065870,6,0,3,0,0.231,medium,30.4,94.92,95.81,-0.8900000000000006,medium,1,True,2.842,low,False,1.0,normal_rest,,,,wnba_api_usage;wnba_api_pace;wnba_api_fouls
237846,Jackie Young,G,LVA,PHX,5.5,Rebounds,reb,Demon,11717506,11717506,237846,150722,2026-05-09T15:30:00.000-04:00,,,,1,https://static.prizepicks.com/images/players/NBA/Jackie_Young_WNBA_player_xMYZ7NbkZrdioerQcMdWBKG9.webp,2026-05-03,OK,,,,,Phoenix Mercury,11.0,,11.0,Below Avg,0,3.0,7.0,6.0,1.0,5.0,6.0,0.0,3.0,7.0,3.0,4.4,4.1,4.1,2.0,3.0,0.0,0.4,0.4,0.6,0.4,0.6,0,,4065870,6,0,3,0,0.231,medium,30.4,94.92,95.81,-0.8900000000000006,medium,1,True,2.842,low,False,1.0,normal_rest,,,,wnba_api_usage;wnba_api_pace;wnba_api_fouls
237843,A'ja Wilson,C,LVA,PHX,4.5,Assists,ast,Demon,11717467,11717467,237843,150722,2026-05-09T15:30:00.000-04:00,,,2.5,2,https://static.prizepicks.com/images/players/NBA/A'ja_Wilson_WNBA_player_e1fzWnin9JBoRKYaugxyyP08.webp,2026-05-03,OK,,,,,Phoenix Mercury,11.0,,11.0,Below Avg,0,4.0,1.0,3.0,1.0,3.0,4.0,1.0,4.0,4.0,3.0,2.4,2.8,2.8,0.0,5.0,0.0,0.0,0.0,1.0,0.0,1.0,0,,3149391,6,0,3,0,0.307,high,31.2,94.92,95.81,-0.8900000000000006,medium,1,True,2.192,low,False,1.0,normal_rest,,,,wnba_api_usage;wnba_api_pace;wnba_api_fouls
237843,A'ja Wilson,C,LVA,PHX,3.5,Assists,ast,Demon,11717468,11717468,237843,150722,2026-05-09T15:30:00.000-04:00,,,2.5,1,https://static.prizepicks.com/images/players/NBA/A'ja_Wilson_WNBA_player_e1fzWnin9JBoRKYaugxyyP08.webp,2026-05-03,OK,,,,,Phoenix Mercury,11.0,,11.0,Below Avg,0,4.0,1.0,3.0,1.0,3.0,4.0,1.0,4.0,4.0,3.0,2.4,2.8,2.8,1.0,4.0,0.0,0.2,0.2,0.8,0.4,0.6,0,,3149391,6,0,3,0,0.307,high,31.2,94.92,95.81,-0.8900000000000006,medium,1,True,2.192,low,False,1.0,normal_rest,,,,wnba_api_usage;wnba_api_pace;wnba_api_fouls
237846,Jackie Young,G,LVA,PHX,3.5,3-PT Made,3ptmade,Demon,11717497,11717497,237846,150722,2026-05-09T15:30:00.000-04:00,,,,2,https://static.prizepicks.com/images/players/NBA/Jackie_Young_WNBA_player_xMYZ7NbkZrdioerQcMdWBKG9.webp,2026-05-03,OK,,,,,Phoenix Mercury,11.0,,11.0,Below Avg,0,0.0,0.0,0.0,0.0,2.0,2.0,1.0,0.0,1.0,1.0,0.4,0.7,0.7,0.0,5.0,0.0,0.0,0.0,1.0,0.0,1.0,0,,4065870,6,0,3,0,0.231,medium,30.4,94.92,95.81,-0.8900000000000006,medium,1,True,2.842,low,False,1.0,normal_rest,,,,wnba_api_usage;wnba_api_pace;wnba_api_fouls
237846,Jackie Young,G,LVA,PHX,3.5,Assists,ast,Goblin,11717498,11717498,237846,150722,2026-05-09T15:30:00.000-04:00,,,,1,https://static.prizepicks.com/images/players/NBA/Jackie_Young_WNBA_player_xMYZ7NbkZrdioerQcMdWBKG9.webp,2026-05-03,OK,,,,,Phoenix Mercury,11.0,,11.0,Below Avg,0,2.0,7.0,6.0,6.0,9.0,3.0,3.0,4.0,8.0,9.0,6.0,5.7,5.7,4.0,1.0,0.0,0.8,0.8,0.2,0.7,0.3,0,,4065870,6,0,3,0,0.231,medium,30.4,94.92,95.81,-0.8900000000000006,medium,1,True,2.842,low,False,1.0,normal_rest,,,,wnba_api_usage;wnba_api_pace;wnba_api_fouls
237846,Jackie Young,G,LVA,PHX,3.5,Rebounds,reb,Goblin,11717505,11717505,237846,150722,2026-05-09T15:30:00.000-04:00,,,,1,https://static.prizepicks.com/images/players/NBA/Jackie_Young_WNBA_player_xMYZ7NbkZrdioerQcMdWBKG9.webp,2026-05-03,OK,,,,,Phoenix Mercury,11.0,,11.0,Below Avg,0,3.0,7.0,6.0,1.0,5.0,6.0,0.0,3.0,7.0,3.0,4.4,4.1,4.1,3.0,2.0,0.0,0.6,0.6,0.4,0.5,0.5,0,,4065870,6,0,3,0,0.231,medium,30.4,94.92,95.81,-0.8900000000000006,medium,1,True,2.842,low,False,1.0,normal_rest,,,,wnba_api_usage;wnba_api_pace;wnba_api_fouls
237843,A'ja Wilson,C,LVA,PHX,2.5,Assists,ast,Goblin,11717466,11717466,237843,150722,2026-05-09T15:30:00.000-04:00,,,2.5,1,https://static.prizepicks.com/images/players/NBA/A'ja_Wilson_WNBA_player_e1fzWnin9JBoRKYaugxyyP08.webp,2026-05-03,OK,,,,,Phoenix Mercury,11.0,,11.0,Below Avg,0,4.0,1.0,3.0,1.0,3.0,4.0,1.0,4.0,4.0,3.0,2.4,2.8,2.8,3.0,2.0,0.0,0.6,0.6,0.4,0.7,0.3,0,,3149391,6,0,3,0,0.307,high,31.2,94.92,95.81,-0.8900000000000006,medium,1,True,2.192,low,False,1.0,normal_rest,,,,wnba_api_usage;wnba_api_pace;wnba_api_fouls
237846,Jackie Young,G,LVA,PHX,2.5,3-PT Made,3ptmade,Demon,11717496,11717496,237846,150722,2026-05-09T15:30:00.000-04:00,,,,1,https://static.prizepicks.com/images/players/NBA/Jackie_Young_WNBA_player_xMYZ7NbkZrdioerQcMdWBKG9.webp,2026-05-03,OK,,,,,Phoenix Mercury,11.0,,11.0,Below Avg,0,0.0,0.0,0.0,0.0,2.0,2.0,1.0,0.0,1.0,1.0,0.4,0.7,0.7,0.0,5.0,0.0,0.0,0.0,1.0,0.0,1.0,0,,4065870,6,0,3,0,0.231,medium,30.4,94.92,95.81,-0.8900000000000006,medium,1,True,2.842,low,False,1.0,normal_rest,,,,wnba_api_usage;wnba_api_pace;wnba_api_fouls
237846,Jackie Young,G,LVA,PHX,1.5,3-PT Made,3ptmade,Goblin,11717495,11717495,237846,150722,2026-05-09T15:30:00.000-04:00,,,,1,https://static.prizepicks.com/images/players/NBA/Jackie_Young_WNBA_player_xMYZ7NbkZrdioerQcMdWBKG9.webp,2026-05-03,OK,,,,,Phoenix Mercury,11.0,,11.0,Below Avg,0,0.0,0.0,0.0,0.0,2.0,2.0,1.0,0.0,1.0,1.0,0.4,0.7,0.7,1.0,4.0,0.0,0.2,0.2,0.8,0.2,0.8,0,,4065870,6,0,3,0,0.231,medium,30.4,94.92,95.81,-0.8900000000000006,medium,1,True,2.842,low,False,1.0,normal_rest,,,,wnba_api_usage;wnba_api_pace;wnba_api_fouls
237843,A'ja Wilson,C,LVA,PHX,0.5,Double-Double,doubledouble,Goblin,11717470,11717470,237843,150722,2026-05-09T15:30:00.000-04:00,,,,1,https://static.prizepicks.com/images/players/NBA/A'ja_Wilson_WNBA_player_e1fzWnin9JBoRKYaugxyyP08.webp,2026-05-03,OK,,,,,Phoenix Mercury,11.0,,11.0,Below Avg,0,,,,,,,,,,,,,,,,,,,,,,1,UNSUPPORTED_PROP:doubledouble,3149391,6,0,3,0,0.307,high,31.2,94.92,95.81,-0.8900000000000006,medium,1,True,2.192,low,False,1.0,normal_rest,,,,wnba_api_usage;wnba_api_pace;wnba_api_fouls
237863,Alyssa Thomas,F,PHX,LVA,0.5,Double-Double,doubledouble,Goblin,11717484,11717484,237863,150722,2026-05-09T15:30:00.000-04:00,,,,1,https://static.prizepicks.com/images/players/NBA/Alyssa_Thomas_WNBA_player_c83t6yiGUdTaX15qhECRPsSg.webp,2026-05-03,OK,,,,,,,,,,0,,,,,,,,,,,,,,,,,,,,,,1,UNSUPPORTED_PROP:doubledouble,2529140,3,0,6,0,0.238,medium,31.3,95.81,94.92,0.8900000000000006,medium,1,True,2.415,low,False,1.0,normal_rest,,,,wnba_api_usage;wnba_api_pace;wnba_api_fouls
237863,Alyssa Thomas,F,PHX,LVA,0.5,Triple-Double,tripledouble,Demon,11717494,11717494,237863,150722,2026-05-09T15:30:00.000-04:00,,,,1,https://static.prizepicks.com/images/players/NBA/Alyssa_Thomas_WNBA_player_c83t6yiGUdTaX15qhECRPsSg.webp,2026-05-03,OK,,,,,,,,,,0,,,,,,,,,,,,,,,,,,,,,,1,UNSUPPORTED_PROP:tripledouble,2529140,3,0,6,0,0.238,medium,31.3,95.81,94.92,0.8900000000000006,medium,1,True,2.415,low,False,1.0,normal_rest,,,,wnba_api_usage;wnba_api_pace;wnba_api_fouls
